transaction_id,customer_id,customer_age_days,lifetime_value,previous_success_rate,average_order_value,previous_recovery_successes,days_since_last_purchase,amount,event_type,failure_reason,timestamp,time_of_day,day_of_week,attempts_so_far,last_contact_time,opted_out,allowed_interventions,intervention,recovered,recovered_amount,time_to_recovery_hours,previous_payment_failures
TXN000000,CUST01050,762,2991.34,0.5,631.99,0,110,1461.83,checkout_abandoned,bank_decline,2026-06-01T00:01:08.265795,0,0,0,,False,retry_link;reminder;discount_offer;escalate_to_human;no_action,no_action,False,0.0,,0
TXN000001,CUST00309,163,15523.12,0.5,238.61,0,44,402.33,payment_failed,otp_timeout,2026-06-01T00:10:47.515489,0,0,0,,False,retry_link;reminder;discount_offer;escalate_to_human;no_action,reminder,True,402.33,2.63,0
TXN000002,CUST01443,650,9865.15,0.5,398.95,0,6,369.41,checkout_abandoned,insufficient_funds,2026-06-01T00:17:05.435774,0,0,0,,False,retry_link;reminder;discount_offer;escalate_to_human;no_action,escalate_to_human,False,0.0,,0
TXN000003,CUST00068,115,1494.18,0.5,591.47,0,54,815.82,payment_failed,gateway_error,2026-06-01T00:38:50.343169,0,0,0,,False,retry_link;reminder;discount_offer;escalate_to_human;no_action,no_action,False,0.0,,0
TXN000004,CUST01242,1444,3648.3,0.5,150.05,0,88,332.28,checkout_abandoned,bank_decline,2026-06-01T00:49:20.356394,0,0,0,,False,retry_link;reminder;discount_offer;escalate_to_human;no_action,escalate_to_human,True,332.28,1.28,0
TXN000005,CUST00900,7,9275.6,0.5,403.48,0,17,229.68,checkout_abandoned,insufficient_funds,2026-06-01T01:29:41.806780,1,0,0,,False,retry_link;reminder;discount_offer;escalate_to_human;no_action,reminder,False,0.0,,0
TXN000006,CUST00652,304,7672.06,0.5,173.44,0,110,171.02,payment_failed,insufficient_funds,2026-06-01T01:50:03.100565,1,0,0,,False,retry_link;reminder;discount_offer;escalate_to_human;no_action,reminder,False,0.0,,0
TXN000007,CUST00300,546,7142.82,0.5,290.28,0,53,214.15,payment_failed,price_hesitation,2026-06-01T02:15:44.327442,2,0,0,,False,retry_link;reminder;discount_offer;escalate_to_human;no_action,discount_offer,False,0.0,,0
TXN000008,CUST00156,190,4848.62,0.5,447.05,0,23,516.63,payment_failed,insufficient_funds,2026-06-01T02:29:00.555825,2,0,0,,False,retry_link;reminder;discount_offer;escalate_to_human;no_action,discount_offer,False,0.0,,0
TXN000009,CUST00912,565,5770.6,0.5,340.73,0,112,434.79,checkout_abandoned,insufficient_funds,2026-06-01T03:17:48.961603,3,0,0,,False,retry_link;reminder;discount_offer;escalate_to_human;no_action,retry_link,False,0.0,,0
TXN000010,CUST01286,1361,4431.02,0.5,296.27,0,116,267.86,payment_failed,insufficient_funds,2026-06-01T03:45:52.826767,3,0,0,,False,retry_link;reminder;discount_offer;escalate_to_human;no_action,discount_offer,False,0.0,,0
TXN000011,CUST01117,880,3697.54,0.5,442.66,0,100,586.67,payment_failed,insufficient_funds,2026-06-01T03:47:10.084149,3,0,0,,False,retry_link;reminder;discount_offer;escalate_to_human;no_action,escalate_to_human,True,586.67,8.01,0
TXN000012,CUST00579,153,1699.54,0.5,224.5,0,111,204.92,payment_failed,price_hesitation,2026-06-01T03:59:11.778360,3,0,0,,False,retry_link;reminder;discount_offer;escalate_to_human;no_action,retry_link,True,204.92,7.41,0
TXN000013,CUST00273,1437,20874.61,0.5,209.1,0,78,187.51,payment_failed,otp_timeout,2026-06-01T04:21:31.915516,4,0,0,,False,retry_link;reminder;discount_offer;escalate_to_human;no_action,discount_offer,False,0.0,,0
TXN000014,CUST00263,1387,11038.47,0.5,323.28,0,21,443.28,checkout_abandoned,insufficient_funds,2026-06-01T04:50:02.241590,4,0,0,,False,retry_link;reminder;discount_offer;escalate_to_human;no_action,retry_link,False,0.0,,0
TXN000015,CUST00128,862,2257.49,0.5,813.4,0,72,473.08,payment_failed,gateway_error,2026-06-01T04:50:30.091823,4,0,0,,False,retry_link;reminder;discount_offer;escalate_to_human;no_action,retry_link,True,473.08,9.04,0
TXN000016,CUST01273,1013,14209.81,0.5,381.79,0,104,516.02,checkout_abandoned,insufficient_funds,2026-06-01T05:14:50.476284,5,0,0,,False,retry_link;reminder;discount_offer;escalate_to_human;no_action,discount_offer,False,0.0,,0
TXN000017,CUST01487,2,7953.93,0.5,472.56,0,16,418.8,checkout_abandoned,insufficient_funds,2026-06-01T05:21:21.499549,5,0,0,,False,retry_link;reminder;discount_offer;escalate_to_human;no_action,retry_link,True,418.8,8.56,0
TXN000018,CUST01342,179,6635.23,0.5,155.46,0,11,117.88,checkout_abandoned,price_hesitation,2026-06-01T05:23:20.748561,5,0,0,,False,retry_link;reminder;discount_offer;escalate_to_human;no_action,retry_link,False,0.0,,0
TXN000019,CUST00623,625,2753.46,0.5,512.39,0,62,554.74,checkout_abandoned,bank_decline,2026-06-01T05:40:37.051849,5,0,0,,False,retry_link;reminder;discount_offer;escalate_to_human;no_action,reminder,False,0.0,,0
TXN000020,CUST00372,615,11783.15,0.5,437.86,0,50,320.57,checkout_abandoned,otp_timeout,2026-06-01T06:03:58.750403,6,0,0,,False,retry_link;reminder;discount_offer;escalate_to_human;no_action,discount_offer,False,0.0,,0
TXN000021,CUST00433,197,2650.14,0.5,201.12,0,113,222.31,payment_failed,bank_decline,2026-06-01T06:24:11.112077,6,0,0,,False,retry_link;reminder;discount_offer;escalate_to_human;no_action,no_action,False,0.0,,0
TXN000022,CUST00526,1385,3123.27,0.5,618.71,0,55,814.8,checkout_abandoned,gateway_error,2026-06-01T06:24:26.408345,6,0,0,,False,retry_link;reminder;discount_offer;escalate_to_human;no_action,reminder,True,814.8,3.68,0
TXN000023,CUST00697,885,14691.72,0.5,990.86,0,107,643.26,payment_failed,gateway_error,2026-06-01T06:29:19.609751,6,0,0,,False,retry_link;reminder;discount_offer;escalate_to_human;no_action,no_action,False,0.0,,0
TXN000024,CUST00706,12,12171.71,0.5,534.02,0,75,412.25,checkout_abandoned,price_hesitation,2026-06-01T07:34:28.479103,7,0,0,,False,retry_link;reminder;discount_offer;escalate_to_human;no_action,discount_offer,False,0.0,,0
TXN000025,CUST00985,978,39862.77,0.5,268.89,0,37,178.23,payment_failed,bank_decline,2026-06-01T07:37:40.071541,7,0,0,,True,no_action,no_action,False,0.0,,0
TXN000026,CUST00302,15,7714.15,0.5,290.53,0,113,313.8,payment_failed,insufficient_funds,2026-06-01T07:39:54.338898,7,0,0,,False,retry_link;reminder;discount_offer;escalate_to_human;no_action,escalate_to_human,False,0.0,,0
TXN000027,CUST00024,1172,5480.43,0.5,443.8,0,92,773.2,payment_failed,otp_timeout,2026-06-01T07:54:11.845562,7,0,0,,False,retry_link;reminder;discount_offer;escalate_to_human;no_action,no_action,False,0.0,,0
TXN000028,CUST00508,403,9095.13,0.5,997.0,0,74,641.72,payment_failed,gateway_error,2026-06-01T09:00:52.016379,9,0,0,,False,retry_link;reminder;discount_offer;escalate_to_human;no_action,retry_link,False,0.0,,0
TXN000029,CUST01417,658,12468.17,0.5,736.44,0,86,526.05,payment_failed,otp_timeout,2026-06-01T10:06:02.846608,10,0,0,,False,retry_link;reminder;discount_offer;escalate_to_human;no_action,retry_link,True,526.05,4.72,0
TXN000030,CUST00708,714,10098.33,0.5,146.9,0,25,151.95,payment_failed,otp_timeout,2026-06-01T10:57:54.626690,10,0,0,,False,retry_link;reminder;discount_offer;escalate_to_human;no_action,retry_link,True,151.95,0.7,0
TXN000031,CUST00280,414,4604.5,0.5,460.29,0,17,1155.27,checkout_abandoned,otp_timeout,2026-06-01T11:19:30.552421,11,0,0,,False,retry_link;reminder;discount_offer;escalate_to_human;no_action,escalate_to_human,True,1155.27,0.98,0
TXN000032,CUST00152,1376,10902.1,0.5,308.32,0,19,369.47,checkout_abandoned,otp_timeout,2026-06-01T11:26:51.163417,11,0,0,,False,retry_link;reminder;discount_offer;escalate_to_human;no_action,retry_link,True,369.47,11.97,0
TXN000033,CUST01446,1407,108435.87,0.5,332.2,0,78,186.57,checkout_abandoned,price_hesitation,2026-06-01T11:43:15.135465,11,0,0,,False,retry_link;reminder;discount_offer;escalate_to_human;no_action,escalate_to_human,False,0.0,,0
TXN000034,CUST01160,874,10908.96,0.5,378.24,0,7,197.8,checkout_abandoned,gateway_error,2026-06-01T12:12:44.801684,12,0,0,,False,retry_link;reminder;discount_offer;escalate_to_human;no_action,retry_link,False,0.0,,0
TXN000035,CUST00145,1280,12260.46,0.5,802.76,0,77,1090.31,checkout_abandoned,otp_timeout,2026-06-01T12:30:15.774437,12,0,0,,False,retry_link;reminder;discount_offer;escalate_to_human;no_action,no_action,False,0.0,,0
TXN000036,CUST01082,1437,3516.18,0.5,580.36,0,76,669.49,payment_failed,insufficient_funds,2026-06-01T12:52:15.756916,12,0,0,,False,retry_link;reminder;discount_offer;escalate_to_human;no_action,reminder,True,669.49,6.33,0
TXN000037,CUST00051,292,21919.74,0.5,171.7,0,64,184.55,payment_failed,price_hesitation,2026-06-01T13:22:10.254035,13,0,0,,False,retry_link;reminder;discount_offer;escalate_to_human;no_action,no_action,False,0.0,,0
TXN000038,CUST00389,230,12385.01,0.5,148.63,0,65,181.93,payment_failed,price_hesitation,2026-06-01T13:42:47.396309,13,0,0,,False,retry_link;reminder;discount_offer;escalate_to_human;no_action,reminder,True,181.93,6.81,0
TXN000039,CUST00441,452,3295.83,0.5,217.01,0,101,130.14,payment_failed,bank_decline,2026-06-01T14:20:13.619198,14,0,0,,False,retry_link;reminder;discount_offer;escalate_to_human;no_action,reminder,True,130.14,16.48,0
TXN000040,CUST00358,137,2577.97,0.5,706.12,0,10,866.83,payment_failed,insufficient_funds,2026-06-01T14:30:18.145933,14,0,0,,False,retry_link;reminder;discount_offer;escalate_to_human;no_action,retry_link,True,866.83,5.57,0
TXN000041,CUST00664,896,715.29,0.5,329.92,0,75,352.27,payment_failed,price_hesitation,2026-06-01T14:38:46.266986,14,0,0,,False,retry_link;reminder;discount_offer;escalate_to_human;no_action,reminder,True,352.27,3.88,0
TXN000042,CUST00624,906,1578.71,0.5,221.68,0,119,399.61,payment_failed,insufficient_funds,2026-06-01T15:07:47.544562,15,0,0,,False,retry_link;reminder;discount_offer;escalate_to_human;no_action,no_action,False,0.0,,0
TXN000043,CUST00781,955,2472.38,0.5,499.0,0,54,585.7,payment_failed,gateway_error,2026-06-01T15:14:34.433808,15,0,0,,False,retry_link;reminder;discount_offer;escalate_to_human;no_action,discount_offer,True,585.7,7.68,0
TXN000044,CUST00187,572,1206.26,0.5,267.0,0,90,321.98,payment_failed,insufficient_funds,2026-06-01T15:34:30.843213,15,0,0,,False,retry_link;reminder;discount_offer;escalate_to_human;no_action,retry_link,False,0.0,,0
TXN000045,CUST01449,155,2495.41,0.5,358.57,0,109,512.07,payment_failed,otp_timeout,2026-06-01T15:38:50.266718,15,0,0,,False,retry_link;reminder;discount_offer;escalate_to_human;no_action,no_action,True,512.07,0.8,0
TXN000046,CUST00366,704,1055.83,0.5,347.11,0,109,744.59,payment_failed,bank_decline,2026-06-01T15:51:50.469097,15,0,0,,False,retry_link;reminder;discount_offer;escalate_to_human;no_action,no_action,False,0.0,,0
TXN000047,CUST00237,648,57942.84,0.5,229.81,0,27,261.59,checkout_abandoned,otp_timeout,2026-06-01T15:53:13.109547,15,0,0,,False,retry_link;reminder;discount_offer;escalate_to_human;no_action,discount_offer,True,261.59,7.46,0
TXN000048,CUST01049,180,108069.07,0.5,202.13,0,106,171.65,payment_failed,gateway_error,2026-06-01T16:19:51.107114,16,0,0,,False,retry_link;reminder;discount_offer;escalate_to_human;no_action,no_action,True,171.65,0.28,0
TXN000049,CUST00995,939,5649.13,0.5,436.94,0,11,355.57,checkout_abandoned,otp_timeout,2026-06-01T16:39:32.216800,16,0,0,,False,retry_link;reminder;discount_offer;escalate_to_human;no_action,discount_offer,True,355.57,8.71,0
TXN000050,CUST01467,577,2935.79,0.5,426.87,0,43,657.68,payment_failed,otp_timeout,2026-06-01T17:05:00.531437,17,0,0,,False,retry_link;reminder;discount_offer;escalate_to_human;no_action,discount_offer,False,0.0,,0
TXN000051,CUST00814,1167,44785.11,0.5,635.84,0,102,681.6,payment_failed,bank_decline,2026-06-01T17:11:15.266906,17,0,0,,False,retry_link;reminder;discount_offer;escalate_to_human;no_action,discount_offer,True,681.6,3.59,0
TXN000052,CUST00615,959,38003.91,0.5,309.66,0,44,362.79,payment_failed,price_hesitation,2026-06-01T17:30:51.082805,17,0,0,,False,retry_link;reminder;discount_offer;escalate_to_human;no_action,discount_offer,True,362.79,4.46,0
TXN000053,CUST00567,374,4790.75,0.5,319.3,0,100,231.36,payment_failed,price_hesitation,2026-06-01T17:58:35.757779,17,0,0,,False,retry_link;reminder;discount_offer;escalate_to_human;no_action,discount_offer,True,231.36,0.55,0
TXN000054,CUST01396,930,5265.69,0.5,675.16,0,115,511.34,payment_failed,otp_timeout,2026-06-01T18:36:48.151906,18,0,0,,False,retry_link;reminder;discount_offer;escalate_to_human;no_action,discount_offer,True,511.34,8.19,0
TXN000055,CUST01053,1437,32102.88,0.5,263.4,0,113,136.88,payment_failed,insufficient_funds,2026-06-01T18:40:23.807343,18,0,0,,False,retry_link;reminder;discount_offer;escalate_to_human;no_action,escalate_to_human,True,136.88,5.42,0
TXN000056,CUST00520,537,20023.84,0.5,197.99,0,30,349.84,payment_failed,insufficient_funds,2026-06-01T18:43:54.304796,18,0,0,,False,retry_link;reminder;discount_offer;escalate_to_human;no_action,no_action,False,0.0,,0
TXN000057,CUST00379,394,19267.13,0.5,615.83,0,86,581.17,checkout_abandoned,gateway_error,2026-06-01T19:08:29.239360,19,0,0,,False,retry_link;reminder;discount_offer;escalate_to_human;no_action,discount_offer,True,581.17,2.11,0
TXN000058,CUST00197,177,8798.66,0.5,226.05,0,95,260.45,checkout_abandoned,insufficient_funds,2026-06-01T19:54:38.722447,19,0,0,,False,retry_link;reminder;discount_offer;escalate_to_human;no_action,reminder,False,0.0,,0
TXN000059,CUST01456,1476,8342.61,0.5,176.21,0,69,107.01,checkout_abandoned,otp_timeout,2026-06-01T20:14:14.318178,20,0,0,,False,retry_link;reminder;discount_offer;escalate_to_human;no_action,escalate_to_human,True,107.01,7.86,0
TXN000060,CUST00683,1438,2861.72,0.5,239.31,0,83,266.02,checkout_abandoned,price_hesitation,2026-06-01T21:30:33.118879,21,0,0,,False,retry_link;reminder;discount_offer;escalate_to_human;no_action,escalate_to_human,True,266.02,0.69,0
TXN000061,CUST00698,76,14303.41,0.5,179.14,0,112,177.75,payment_failed,gateway_error,2026-06-01T21:32:19.969962,21,0,0,,False,retry_link;reminder;discount_offer;escalate_to_human;no_action,no_action,False,0.0,,0
TXN000062,CUST01048,1003,1790.9,0.5,273.74,0,17,294.25,checkout_abandoned,bank_decline,2026-06-01T22:18:31.268214,22,0,0,,False,retry_link;reminder;discount_offer;escalate_to_human;no_action,discount_offer,False,0.0,,0
TXN000063,CUST01197,1472,15182.26,0.5,582.1,0,87,898.65,payment_failed,otp_timeout,2026-06-01T22:25:41.547983,22,0,0,,False,retry_link;reminder;discount_offer;escalate_to_human;no_action,reminder,True,898.65,3.18,0
TXN000064,CUST00247,624,2172.4,0.5,730.33,0,17,882.33,payment_failed,otp_timeout,2026-06-01T22:35:24.141437,22,0,0,,False,retry_link;reminder;discount_offer;escalate_to_human;no_action,no_action,False,0.0,,0
TXN000065,CUST00492,1130,4005.6,0.5,315.81,0,80,381.85,payment_failed,otp_timeout,2026-06-01T22:44:02.900405,22,0,0,,False,retry_link;reminder;discount_offer;escalate_to_human;no_action,discount_offer,False,0.0,,0
TXN000066,CUST00501,978,20325.27,0.5,716.2,0,104,343.18,payment_failed,gateway_error,2026-06-01T22:57:25.603603,22,0,0,,False,retry_link;reminder;discount_offer;escalate_to_human;no_action,retry_link,True,343.18,1.89,0
TXN000067,CUST00312,179,2834.45,0.5,382.53,0,12,438.66,payment_failed,gateway_error,2026-06-01T23:07:14.984945,23,0,0,,False,retry_link;reminder;discount_offer;escalate_to_human;no_action,retry_link,True,438.66,2.53,0
TXN000068,CUST01077,249,4176.05,0.5,318.44,0,72,147.59,payment_failed,gateway_error,2026-06-01T23:19:15.721008,23,0,0,,False,retry_link;reminder;discount_offer;escalate_to_human;no_action,no_action,False,0.0,,0
TXN000069,CUST01114,292,9288.46,0.5,341.63,0,96,308.77,payment_failed,price_hesitation,2026-06-01T23:41:25.629412,23,0,0,,False,retry_link;reminder;discount_offer;escalate_to_human;no_action,discount_offer,False,0.0,,0
TXN000070,CUST00193,543,2479.01,0.5,139.1,0,36,111.66,checkout_abandoned,bank_decline,2026-06-02T00:00:28.002007,0,1,0,,False,retry_link;reminder;discount_offer;escalate_to_human;no_action,discount_offer,False,0.0,,0
TXN000071,CUST00892,784,4689.89,0.5,870.95,0,76,1652.52,payment_failed,bank_decline,2026-06-02T00:53:44.243331,0,1,0,,False,retry_link;reminder;discount_offer;escalate_to_human;no_action,no_action,False,0.0,,0
TXN000072,CUST00911,276,1970.72,0.5,221.01,0,75,139.72,payment_failed,otp_timeout,2026-06-02T00:58:51.094591,0,1,0,,False,retry_link;reminder;discount_offer;escalate_to_human;no_action,no_action,False,0.0,,0
TXN000073,CUST00942,1370,4389.94,0.5,460.76,0,41,529.57,checkout_abandoned,price_hesitation,2026-06-02T01:18:02.385871,1,1,0,,False,retry_link;reminder;discount_offer;escalate_to_human;no_action,discount_offer,False,0.0,,0
TXN000074,CUST00658,109,6770.66,0.5,200.58,0,26,274.01,checkout_abandoned,price_hesitation,2026-06-02T01:18:23.358403,1,1,0,,False,retry_link;reminder;discount_offer;escalate_to_human;no_action,retry_link,True,274.01,1.36,0
TXN000075,CUST00783,183,7067.9,0.5,130.49,0,116,105.13,payment_failed,price_hesitation,2026-06-02T01:24:56.949466,1,1,0,,False,retry_link;reminder;discount_offer;escalate_to_human;no_action,no_action,False,0.0,,0
TXN000076,CUST01316,1064,2954.81,0.5,579.7,0,6,656.24,payment_failed,otp_timeout,2026-06-02T01:41:34.728172,1,1,0,,False,retry_link;reminder;discount_offer;escalate_to_human;no_action,no_action,False,0.0,,0
TXN000077,CUST01319,596,6795.75,0.5,202.65,0,110,191.81,payment_failed,bank_decline,2026-06-02T02:10:26.888748,2,1,0,,False,retry_link;reminder;discount_offer;escalate_to_human;no_action,reminder,False,0.0,,0
TXN000078,CUST01198,1204,3466.79,0.5,358.51,0,12,698.42,payment_failed,otp_timeout,2026-06-02T02:12:07.730719,2,1,0,,False,retry_link;reminder;discount_offer;escalate_to_human;no_action,retry_link,True,698.42,4.23,0
TXN000079,CUST00069,704,4162.38,0.5,127.97,0,109,94.58,payment_failed,insufficient_funds,2026-06-02T03:35:11.121161,3,1,0,,False,retry_link;reminder;discount_offer;escalate_to_human;no_action,no_action,False,0.0,,0
TXN000080,CUST01418,1291,6981.4,0.5,380.85,0,100,497.13,checkout_abandoned,otp_timeout,2026-06-02T03:53:29.238304,3,1,0,,False,retry_link;reminder;discount_offer;escalate_to_human;no_action,escalate_to_human,True,497.13,3.44,0
TXN000081,CUST00079,1005,5129.71,0.5,274.88,0,25,183.85,payment_failed,gateway_error,2026-06-02T04:09:21.453594,4,1,0,,False,retry_link;reminder;discount_offer;escalate_to_human;no_action,reminder,True,183.85,0.72,0
TXN000082,CUST01130,610,2426.74,0.5,343.42,0,47,430.66,payment_failed,price_hesitation,2026-06-02T05:03:56.026059,5,1,0,,False,retry_link;reminder;discount_offer;escalate_to_human;no_action,discount_offer,True,430.66,0.43,0
TXN000083,CUST00909,138,16084.76,0.5,412.33,0,36,286.78,payment_failed,price_hesitation,2026-06-02T05:24:26.357003,5,1,0,,False,retry_link;reminder;discount_offer;escalate_to_human;no_action,discount_offer,False,0.0,,0
TXN000084,CUST01317,885,14708.93,0.5,270.17,0,14,422.49,checkout_abandoned,insufficient_funds,2026-06-02T05:34:30.619925,5,1,0,,False,retry_link;reminder;discount_offer;escalate_to_human;no_action,retry_link,True,422.49,0.77,0
TXN000085,CUST00813,426,1364.7,0.5,409.23,0,41,349.33,payment_failed,insufficient_funds,2026-06-02T06:40:31.259017,6,1,0,,False,retry_link;reminder;discount_offer;escalate_to_human;no_action,no_action,False,0.0,,0
TXN000086,CUST00626,508,7041.16,0.5,234.95,0,44,220.48,payment_failed,insufficient_funds,2026-06-02T06:41:31.285775,6,1,0,,False,retry_link;reminder;discount_offer;escalate_to_human;no_action,retry_link,False,0.0,,0
TXN000087,CUST00994,794,1613.32,0.5,608.01,0,104,612.06,payment_failed,price_hesitation,2026-06-02T07:23:13.260154,7,1,0,,False,retry_link;reminder;discount_offer;escalate_to_human;no_action,escalate_to_human,False,0.0,,0
TXN000088,CUST00351,68,1442.19,0.5,484.91,0,23,538.86,checkout_abandoned,price_hesitation,2026-06-02T07:57:28.258959,7,1,0,,False,retry_link;reminder;discount_offer;escalate_to_human;no_action,no_action,False,0.0,,0
TXN000089,CUST00424,626,4993.94,0.5,787.01,0,44,547.07,checkout_abandoned,gateway_error,2026-06-02T08:08:22.894294,8,1,0,,False,retry_link;reminder;discount_offer;escalate_to_human;no_action,escalate_to_human,True,547.07,0.56,0
TXN000090,CUST00593,1469,7664.46,0.5,239.78,0,86,270.72,checkout_abandoned,otp_timeout,2026-06-02T08:26:37.822766,8,1,0,,False,retry_link;reminder;discount_offer;escalate_to_human;no_action,escalate_to_human,True,270.72,3.33,0
TXN000091,CUST00304,814,483.6,0.5,1028.47,0,89,1316.19,checkout_abandoned,bank_decline,2026-06-02T08:44:51.746469,8,1,0,,False,retry_link;reminder;discount_offer;escalate_to_human;no_action,escalate_to_human,True,1316.19,14.91,0
TXN000092,CUST00911,276,1970.72,0.0,221.01,0,75,99.84,payment_failed,gateway_error,2026-06-02T08:46:49.205953,8,1,0,,False,retry_link;reminder;discount_offer;escalate_to_human;no_action,escalate_to_human,True,99.84,3.44,1
TXN000093,CUST00489,909,6817.6,0.5,308.58,0,52,281.67,payment_failed,insufficient_funds,2026-06-02T08:50:55.190875,8,1,0,,False,retry_link;reminder;discount_offer;escalate_to_human;no_action,no_action,False,0.0,,0
TXN000094,CUST01138,1115,7575.8,0.5,179.15,0,43,297.57,checkout_abandoned,insufficient_funds,2026-06-02T09:13:14.638889,9,1,0,,False,retry_link;reminder;discount_offer;escalate_to_human;no_action,no_action,False,0.0,,0
TXN000095,CUST00823,975,4378.87,0.5,245.83,0,79,281.83,checkout_abandoned,bank_decline,2026-06-02T09:31:20.832004,9,1,0,,False,retry_link;reminder;discount_offer;escalate_to_human;no_action,discount_offer,False,0.0,,0
TXN000096,CUST01215,172,28699.99,0.5,452.92,0,14,676.61,payment_failed,bank_decline,2026-06-02T10:04:20.456722,10,1,0,,False,retry_link;reminder;discount_offer;escalate_to_human;no_action,discount_offer,False,0.0,,0
TXN000097,CUST00925,1419,5212.44,0.5,412.98,0,34,384.61,payment_failed,insufficient_funds,2026-06-02T10:56:40.067978,10,1,0,,False,retry_link;reminder;discount_offer;escalate_to_human;no_action,retry_link,False,0.0,,0
TXN000098,CUST00026,604,35502.34,0.5,127.83,0,51,142.8,checkout_abandoned,price_hesitation,2026-06-02T11:03:27.262021,11,1,0,,False,retry_link;reminder;discount_offer;escalate_to_human;no_action,reminder,False,0.0,,0
TXN000099,CUST01009,780,5121.87,0.5,138.15,0,82,122.67,checkout_abandoned,price_hesitation,2026-06-02T11:04:29.144096,11,1,0,,False,retry_link;reminder;discount_offer;escalate_to_human;no_action,reminder,False,0.0,,0
TXN000100,CUST00787,1029,4687.02,0.5,624.03,0,119,578.35,checkout_abandoned,bank_decline,2026-06-02T11:09:29.881228,11,1,0,,False,retry_link;reminder;discount_offer;escalate_to_human;no_action,discount_offer,False,0.0,,0
TXN000101,CUST01252,111,5514.63,0.5,637.35,0,12,566.55,payment_failed,gateway_error,2026-06-02T11:30:58.511012,11,1,0,,False,retry_link;reminder;discount_offer;escalate_to_human;no_action,reminder,True,566.55,21.44,0
TXN000102,CUST01097,1133,13710.3,0.5,220.96,0,76,264.93,checkout_abandoned,insufficient_funds,2026-06-02T12:12:55.013652,12,1,0,,False,retry_link;reminder;discount_offer;escalate_to_human;no_action,reminder,False,0.0,,0
TXN000103,CUST00167,251,3058.03,0.5,493.31,0,16,439.21,checkout_abandoned,bank_decline,2026-06-02T12:21:45.761107,12,1,0,,False,retry_link;reminder;discount_offer;escalate_to_human;no_action,no_action,False,0.0,,0
TXN000104,CUST00646,691,1422.7,0.5,448.58,0,74,353.86,payment_failed,otp_timeout,2026-06-02T12:41:43.542448,12,1,0,,False,retry_link;reminder;discount_offer;escalate_to_human;no_action,escalate_to_human,True,353.86,5.66,0
TXN000105,CUST00987,475,6540.63,0.5,400.32,0,98,480.18,checkout_abandoned,price_hesitation,2026-06-02T12:56:14.353567,12,1,0,,False,retry_link;reminder;discount_offer;escalate_to_human;no_action,retry_link,True,480.18,3.83,0
TXN000106,CUST00144,1489,2291.92,0.5,1508.91,0,65,3540.0,payment_failed,otp_timeout,2026-06-02T12:58:07.205817,12,1,0,,False,retry_link;reminder;discount_offer;escalate_to_human;no_action,no_action,False,0.0,,0
TXN000107,CUST00961,613,1590.89,0.5,134.45,0,13,98.22,checkout_abandoned,otp_timeout,2026-06-02T13:02:22.594546,13,1,0,,False,retry_link;reminder;discount_offer;escalate_to_human;no_action,reminder,True,98.22,4.66,0
TXN000108,CUST01082,1437,3516.18,1.0,580.36,1,1,634.72,payment_failed,otp_timeout,2026-06-02T13:44:50.952310,13,1,0,2026-06-01T12:52:15.756916,False,retry_link;reminder;discount_offer;escalate_to_human;no_action,no_action,True,634.72,2.65,0
TXN000109,CUST00233,1138,1368.31,0.5,201.03,0,87,193.29,checkout_abandoned,price_hesitation,2026-06-02T14:15:38.327200,14,1,0,,False,retry_link;reminder;discount_offer;escalate_to_human;no_action,escalate_to_human,False,0.0,,0
TXN000110,CUST00450,1440,1388.36,0.5,500.01,0,44,454.28,payment_failed,gateway_error,2026-06-02T14:24:27.646166,14,1,0,,False,retry_link;reminder;discount_offer;escalate_to_human;no_action,reminder,True,454.28,1.59,0
TXN000111,CUST01499,1261,958.99,0.5,390.92,0,91,254.45,payment_failed,price_hesitation,2026-06-02T14:30:33.046097,14,1,0,,False,retry_link;reminder;discount_offer;escalate_to_human;no_action,discount_offer,True,254.45,4.6,0
TXN000112,CUST00091,1207,2602.73,0.5,390.55,0,79,295.47,checkout_abandoned,insufficient_funds,2026-06-02T15:48:42.178055,15,1,0,,False,retry_link;reminder;discount_offer;escalate_to_human;no_action,reminder,False,0.0,,0
TXN000113,CUST00565,355,6473.62,0.5,349.56,0,101,606.25,payment_failed,otp_timeout,2026-06-02T16:00:32.753183,16,1,0,,False,retry_link;reminder;discount_offer;escalate_to_human;no_action,reminder,True,606.25,1.32,0
TXN000114,CUST01144,497,6760.65,0.5,442.05,0,45,253.56,payment_failed,price_hesitation,2026-06-02T16:34:15.440469,16,1,0,,False,retry_link;reminder;discount_offer;escalate_to_human;no_action,retry_link,False,0.0,,0
TXN000115,CUST01130,610,2426.74,1.0,343.42,1,0,329.81,checkout_abandoned,insufficient_funds,2026-06-02T16:41:53.842898,16,1,1,2026-06-02T05:03:56.026059,False,retry_link;reminder;discount_offer;escalate_to_human;no_action,reminder,False,0.0,,0
TXN000116,CUST00831,362,2215.48,0.5,188.57,0,95,202.23,checkout_abandoned,price_hesitation,2026-06-02T17:56:03.040880,17,1,0,,False,retry_link;reminder;discount_offer;escalate_to_human;no_action,escalate_to_human,False,0.0,,0
TXN000117,CUST00719,899,16863.8,0.5,210.52,0,88,188.65,payment_failed,price_hesitation,2026-06-02T19:27:15.250318,19,1,0,,False,retry_link;reminder;discount_offer;escalate_to_human;no_action,retry_link,False,0.0,,0
TXN000118,CUST01138,1115,7575.8,0.0,179.15,0,43,264.66,payment_failed,bank_decline,2026-06-02T19:31:24.902782,19,1,0,,False,retry_link;reminder;discount_offer;escalate_to_human;no_action,retry_link,False,0.0,,1
TXN000119,CUST00120,659,39957.28,0.5,802.46,0,80,1680.47,payment_failed,bank_decline,2026-06-02T21:07:51.958928,21,1,0,,False,retry_link;reminder;discount_offer;escalate_to_human;no_action,escalate_to_human,False,0.0,,0
TXN000120,CUST00649,1272,14122.85,0.5,465.61,0,90,359.37,payment_failed,bank_decline,2026-06-02T21:46:06.089831,21,1,0,,False,retry_link;reminder;discount_offer;escalate_to_human;no_action,retry_link,False,0.0,,0
TXN000121,CUST00039,947,7996.83,0.5,459.69,0,90,551.29,payment_failed,price_hesitation,2026-06-02T22:27:57.998874,22,1,0,,False,retry_link;reminder;discount_offer;escalate_to_human;no_action,reminder,False,0.0,,0
TXN000122,CUST00581,1250,496.29,0.5,591.04,0,58,555.41,checkout_abandoned,price_hesitation,2026-06-02T23:34:51.295386,23,1,0,,False,retry_link;reminder;discount_offer;escalate_to_human;no_action,discount_offer,True,555.41,0.76,0
TXN000123,CUST00781,955,2472.38,1.0,499.0,1,1,740.4,payment_failed,otp_timeout,2026-06-02T23:51:20.715771,23,1,0,2026-06-01T15:14:34.433808,False,retry_link;reminder;discount_offer;escalate_to_human;no_action,no_action,True,740.4,38.23,0
TXN000124,CUST00528,1372,4069.51,0.5,298.85,0,86,141.8,payment_failed,gateway_error,2026-06-03T00:03:42.353277,0,2,0,,False,retry_link;reminder;discount_offer;escalate_to_human;no_action,escalate_to_human,True,141.8,10.42,0
TXN000125,CUST01228,231,1884.96,0.5,239.13,0,98,350.47,checkout_abandoned,price_hesitation,2026-06-03T00:20:01.877809,0,2,0,,False,retry_link;reminder;discount_offer;escalate_to_human;no_action,escalate_to_human,False,0.0,,0
TXN000126,CUST00447,1433,35664.68,0.5,280.67,0,79,544.99,payment_failed,insufficient_funds,2026-06-03T01:03:59.208227,1,2,0,,False,retry_link;reminder;discount_offer;escalate_to_human;no_action,no_action,False,0.0,,0
TXN000127,CUST01465,168,5009.38,0.5,387.87,0,64,240.43,payment_failed,insufficient_funds,2026-06-03T01:13:21.783302,1,2,0,,False,retry_link;reminder;discount_offer;escalate_to_human;no_action,retry_link,False,0.0,,0
TXN000128,CUST00737,501,5430.66,0.5,353.64,0,113,698.68,payment_failed,bank_decline,2026-06-03T01:22:17.245333,1,2,0,,False,retry_link;reminder;discount_offer;escalate_to_human;no_action,reminder,False,0.0,,0
TXN000129,CUST00618,92,96937.34,0.5,677.09,0,55,1084.5,payment_failed,gateway_error,2026-06-03T01:29:48.597410,1,2,0,,False,retry_link;reminder;discount_offer;escalate_to_human;no_action,retry_link,True,1084.5,0.67,0
TXN000130,CUST00633,569,7243.72,0.5,382.24,0,10,427.37,payment_failed,insufficient_funds,2026-06-03T01:59:13.643971,1,2,0,,False,retry_link;reminder;discount_offer;escalate_to_human;no_action,retry_link,True,427.37,3.35,0
TXN000131,CUST01165,158,6590.67,0.5,426.53,0,90,302.52,payment_failed,insufficient_funds,2026-06-03T02:19:11.135684,2,2,0,,False,retry_link;reminder;discount_offer;escalate_to_human;no_action,no_action,False,0.0,,0
TXN000132,CUST00977,859,66974.5,0.5,291.82,0,22,420.53,payment_failed,price_hesitation,2026-06-03T02:31:26.309968,2,2,0,,False,retry_link;reminder;discount_offer;escalate_to_human;no_action,reminder,True,420.53,10.05,0
TXN000133,CUST00472,648,3705.9,0.5,317.99,0,53,372.81,payment_failed,otp_timeout,2026-06-03T02:33:06.519206,2,2,0,,False,retry_link;reminder;discount_offer;escalate_to_human;no_action,retry_link,True,372.81,9.0,0
TXN000134,CUST00195,132,17557.89,0.5,745.5,0,69,631.34,payment_failed,price_hesitation,2026-06-03T02:37:25.134957,2,2,0,,False,retry_link;reminder;discount_offer;escalate_to_human;no_action,no_action,False,0.0,,0
TXN000135,CUST00819,1498,26056.06,0.5,316.33,0,9,626.01,checkout_abandoned,gateway_error,2026-06-03T02:48:32.252981,2,2,0,,False,retry_link;reminder;discount_offer;escalate_to_human;no_action,no_action,True,626.01,20.18,0
TXN000136,CUST01117,880,3697.54,1.0,442.66,1,1,286.14,payment_failed,price_hesitation,2026-06-03T02:56:26.056618,2,2,0,2026-06-01T03:47:10.084149,False,retry_link;reminder;discount_offer;escalate_to_human;no_action,no_action,False,0.0,,0
TXN000137,CUST01350,91,3373.25,0.5,510.52,0,93,591.88,payment_failed,otp_timeout,2026-06-03T03:02:36.911039,3,2,0,,False,retry_link;reminder;discount_offer;escalate_to_human;no_action,escalate_to_human,False,0.0,,0
TXN000138,CUST00395,1311,5360.9,0.5,219.78,0,100,312.31,payment_failed,gateway_error,2026-06-03T03:03:14.222402,3,2,0,,False,retry_link;reminder;discount_offer;escalate_to_human;no_action,escalate_to_human,True,312.31,14.53,0
TXN000139,CUST00888,24,3868.21,0.5,152.0,0,25,115.28,checkout_abandoned,otp_timeout,2026-06-03T03:16:10.002455,3,2,0,,False,retry_link;reminder;discount_offer;escalate_to_human;no_action,retry_link,True,115.28,1.05,0
TXN000140,CUST00227,869,195.65,0.5,250.92,0,47,356.35,checkout_abandoned,gateway_error,2026-06-03T03:43:18.296864,3,2,0,,False,retry_link;reminder;discount_offer;escalate_to_human;no_action,retry_link,False,0.0,,0
TXN000141,CUST01178,389,2996.0,0.5,108.32,0,45,74.91,payment_failed,bank_decline,2026-06-03T04:02:31.506443,4,2,0,,False,retry_link;reminder;discount_offer;escalate_to_human;no_action,reminder,False,0.0,,0
TXN000142,CUST00099,210,1403.36,0.5,280.83,0,107,144.19,checkout_abandoned,price_hesitation,2026-06-03T04:08:05.752956,4,2,0,,False,retry_link;reminder;discount_offer;escalate_to_human;no_action,retry_link,False,0.0,,0
TXN000143,CUST00775,1426,1459.15,0.5,208.54,0,102,277.69,payment_failed,insufficient_funds,2026-06-03T04:41:00.442059,4,2,0,,False,retry_link;reminder;discount_offer;escalate_to_human;no_action,reminder,False,0.0,,0
TXN000144,CUST00232,30,8310.56,0.5,457.0,0,44,597.16,checkout_abandoned,otp_timeout,2026-06-03T04:47:01.568552,4,2,0,,False,retry_link;reminder;discount_offer;escalate_to_human;no_action,retry_link,False,0.0,,0
TXN000145,CUST00930,806,2815.05,0.5,388.5,0,40,633.07,payment_failed,insufficient_funds,2026-06-03T06:01:20.121724,6,2,0,,False,retry_link;reminder;discount_offer;escalate_to_human;no_action,no_action,False,0.0,,0
TXN000146,CUST01365,27,11553.92,0.5,1118.12,0,91,815.54,payment_failed,price_hesitation,2026-06-03T06:16:23.382587,6,2,0,,False,retry_link;reminder;discount_offer;escalate_to_human;no_action,no_action,False,0.0,,0
TXN000147,CUST01321,412,10158.25,0.5,407.97,0,29,596.76,payment_failed,price_hesitation,2026-06-03T06:47:26.185701,6,2,0,,False,retry_link;reminder;discount_offer;escalate_to_human;no_action,retry_link,False,0.0,,0
TXN000148,CUST00052,546,6507.66,0.5,482.4,0,71,647.11,checkout_abandoned,gateway_error,2026-06-03T07:43:10.063392,7,2,0,,False,retry_link;reminder;discount_offer;escalate_to_human;no_action,escalate_to_human,False,0.0,,0
TXN000149,CUST00535,231,2461.85,0.5,161.01,0,105,159.88,payment_failed,otp_timeout,2026-06-03T07:59:55.338411,7,2,0,,False,retry_link;reminder;discount_offer;escalate_to_human;no_action,no_action,True,159.88,6.55,0
TXN000150,CUST01166,33,1525.51,0.5,325.69,0,100,176.53,payment_failed,gateway_error,2026-06-03T08:00:09.627257,8,2,0,,False,retry_link;reminder;discount_offer;escalate_to_human;no_action,escalate_to_human,True,176.53,1.61,0
TXN000151,CUST01265,56,3572.91,0.5,631.96,0,77,546.11,payment_failed,bank_decline,2026-06-03T08:26:31.499894,8,2,0,,False,retry_link;reminder;discount_offer;escalate_to_human;no_action,discount_offer,False,0.0,,0
TXN000152,CUST00416,1453,5259.94,0.5,271.1,0,41,583.91,checkout_abandoned,price_hesitation,2026-06-03T09:56:04.603107,9,2,0,,False,retry_link;reminder;discount_offer;escalate_to_human;no_action,reminder,True,583.91,4.76,0
TXN000153,CUST01429,1181,5653.89,0.5,340.7,0,49,585.94,checkout_abandoned,insufficient_funds,2026-06-03T10:10:24.366548,10,2,0,,False,retry_link;reminder;discount_offer;escalate_to_human;no_action,escalate_to_human,False,0.0,,0
TXN000154,CUST00711,784,1768.9,0.5,556.58,0,109,617.19,payment_failed,gateway_error,2026-06-03T10:12:45.186559,10,2,0,,False,retry_link;reminder;discount_offer;escalate_to_human;no_action,discount_offer,False,0.0,,0
TXN000155,CUST00454,895,4476.8,0.5,286.07,0,61,286.69,payment_failed,bank_decline,2026-06-03T10:40:57.557469,10,2,0,,False,retry_link;reminder;discount_offer;escalate_to_human;no_action,reminder,False,0.0,,0
TXN000156,CUST00144,1489,2291.92,0.0,1508.91,0,65,1090.88,payment_failed,insufficient_funds,2026-06-03T10:57:35.573656,10,2,0,,False,retry_link;reminder;discount_offer;escalate_to_human;no_action,reminder,False,0.0,,1
TXN000157,CUST01350,91,3373.25,0.0,510.52,0,93,788.15,checkout_abandoned,otp_timeout,2026-06-03T11:02:02.070654,11,2,1,2026-06-03T03:02:36.911039,False,retry_link;reminder;discount_offer;escalate_to_human;no_action,retry_link,False,0.0,,1
TXN000158,CUST00468,273,9645.65,0.5,714.87,0,21,846.71,payment_failed,bank_decline,2026-06-03T11:29:05.156159,11,2,0,,False,retry_link;reminder;discount_offer;escalate_to_human;no_action,escalate_to_human,False,0.0,,0
TXN000159,CUST01196,1070,2495.75,0.5,353.92,0,48,450.39,payment_failed,otp_timeout,2026-06-03T12:29:40.054122,12,2,0,,False,retry_link;reminder;discount_offer;escalate_to_human;no_action,no_action,False,0.0,,0
TXN000160,CUST00933,974,3215.72,0.5,304.78,0,74,247.37,payment_failed,otp_timeout,2026-06-03T12:37:18.612835,12,2,0,,False,retry_link;reminder;discount_offer;escalate_to_human;no_action,discount_offer,True,247.37,2.54,0
TXN000161,CUST01020,84,3205.12,0.5,644.32,0,73,1048.55,checkout_abandoned,bank_decline,2026-06-03T14:02:20.342578,14,2,0,,False,retry_link;reminder;discount_offer;escalate_to_human;no_action,reminder,False,0.0,,0
TXN000162,CUST00677,127,4020.86,0.5,346.25,0,79,278.1,checkout_abandoned,otp_timeout,2026-06-03T14:06:08.122097,14,2,0,,False,retry_link;reminder;discount_offer;escalate_to_human;no_action,reminder,False,0.0,,0
TXN000163,CUST00017,193,11940.71,0.5,312.9,0,93,444.51,payment_failed,otp_timeout,2026-06-03T15:15:23.496284,15,2,0,,False,retry_link;reminder;discount_offer;escalate_to_human;no_action,no_action,True,444.51,6.91,0
TXN000164,CUST00962,1260,2720.06,0.5,215.46,0,20,174.43,checkout_abandoned,bank_decline,2026-06-03T15:19:40.644909,15,2,0,,False,retry_link;reminder;discount_offer;escalate_to_human;no_action,escalate_to_human,False,0.0,,0
TXN000165,CUST00544,1246,4654.01,0.5,238.6,0,74,172.13,payment_failed,gateway_error,2026-06-03T15:28:54.335906,15,2,0,,False,retry_link;reminder;discount_offer;escalate_to_human;no_action,no_action,False,0.0,,0
TXN000166,CUST00648,1440,19345.18,0.5,343.35,0,22,838.59,payment_failed,price_hesitation,2026-06-03T15:41:35.646446,15,2,0,,False,retry_link;reminder;discount_offer;escalate_to_human;no_action,discount_offer,True,838.59,5.54,0
TXN000167,CUST00297,658,3636.45,0.5,781.8,0,24,1154.35,payment_failed,gateway_error,2026-06-03T16:14:38.829267,16,2,0,,False,retry_link;reminder;discount_offer;escalate_to_human;no_action,reminder,False,0.0,,0
TXN000168,CUST01145,724,5842.75,0.5,153.07,0,26,218.15,checkout_abandoned,insufficient_funds,2026-06-03T16:29:03.213705,16,2,0,,False,retry_link;reminder;discount_offer;escalate_to_human;no_action,retry_link,False,0.0,,0
TXN000169,CUST00171,135,2661.11,0.5,504.51,0,22,1000.28,checkout_abandoned,insufficient_funds,2026-06-03T16:43:58.800980,16,2,0,,False,retry_link;reminder;discount_offer;escalate_to_human;no_action,escalate_to_human,False,0.0,,0
TXN000170,CUST00672,954,2705.89,0.5,312.18,0,14,291.57,payment_failed,price_hesitation,2026-06-03T18:39:54.117638,18,2,0,,False,retry_link;reminder;discount_offer;escalate_to_human;no_action,reminder,False,0.0,,0
TXN000171,CUST01126,1281,5094.74,0.5,385.28,0,73,252.17,payment_failed,gateway_error,2026-06-03T18:42:00.553252,18,2,0,,False,retry_link;reminder;discount_offer;escalate_to_human;no_action,reminder,True,252.17,6.28,0
TXN000172,CUST00235,1079,22194.4,0.5,348.54,0,74,232.86,payment_failed,price_hesitation,2026-06-03T18:50:31.304902,18,2,0,,True,no_action,no_action,False,0.0,,0
TXN000173,CUST01101,704,11454.75,0.5,273.72,0,68,233.83,payment_failed,price_hesitation,2026-06-03T19:00:26.084848,19,2,0,,False,retry_link;reminder;discount_offer;escalate_to_human;no_action,discount_offer,True,233.83,1.7,0
TXN000174,CUST00418,445,4457.41,0.5,492.05,0,87,671.52,checkout_abandoned,bank_decline,2026-06-03T19:05:10.165410,19,2,0,,False,retry_link;reminder;discount_offer;escalate_to_human;no_action,discount_offer,False,0.0,,0
TXN000175,CUST00594,481,9154.55,0.5,331.73,0,111,322.78,checkout_abandoned,bank_decline,2026-06-03T19:15:18.062929,19,2,0,,False,retry_link;reminder;discount_offer;escalate_to_human;no_action,escalate_to_human,False,0.0,,0
TXN000176,CUST01286,1361,4431.02,0.0,296.27,0,118,385.19,checkout_abandoned,insufficient_funds,2026-06-03T19:36:45.634996,19,2,0,2026-06-01T03:45:52.826767,False,retry_link;reminder;discount_offer;escalate_to_human;no_action,reminder,False,0.0,,1
TXN000177,CUST01031,260,2487.81,0.5,321.55,0,5,150.5,payment_failed,gateway_error,2026-06-03T19:38:24.750706,19,2,0,,False,retry_link;reminder;discount_offer;escalate_to_human;no_action,reminder,False,0.0,,0
TXN000178,CUST01459,774,3259.24,0.5,346.47,0,40,436.16,checkout_abandoned,insufficient_funds,2026-06-03T19:48:31.676422,19,2,0,,False,retry_link;reminder;discount_offer;escalate_to_human;no_action,reminder,True,436.16,3.46,0
TXN000179,CUST01408,3,7820.61,0.5,689.64,0,42,882.07,checkout_abandoned,bank_decline,2026-06-03T20:12:34.480989,20,2,0,,False,retry_link;reminder;discount_offer;escalate_to_human;no_action,retry_link,True,882.07,11.87,0
TXN000180,CUST01200,1318,1475.7,0.5,331.89,0,56,350.9,payment_failed,insufficient_funds,2026-06-03T21:15:13.284354,21,2,0,,False,retry_link;reminder;discount_offer;escalate_to_human;no_action,reminder,False,0.0,,0
TXN000181,CUST01146,797,3905.2,0.5,336.3,0,118,348.24,checkout_abandoned,insufficient_funds,2026-06-03T21:32:24.954394,21,2,0,,False,retry_link;reminder;discount_offer;escalate_to_human;no_action,no_action,False,0.0,,0
TXN000182,CUST01455,99,5202.36,0.5,1079.35,0,57,1018.74,checkout_abandoned,otp_timeout,2026-06-03T21:56:04.530833,21,2,0,,False,retry_link;reminder;discount_offer;escalate_to_human;no_action,reminder,True,1018.74,9.29,0
TXN000183,CUST00627,551,2196.2,0.5,227.58,0,84,308.93,payment_failed,insufficient_funds,2026-06-03T21:57:01.808910,21,2,0,,False,retry_link;reminder;discount_offer;escalate_to_human;no_action,escalate_to_human,False,0.0,,0
TXN000184,CUST00909,138,16084.76,0.0,412.33,0,37,271.01,payment_failed,insufficient_funds,2026-06-03T22:36:02.699870,22,2,0,2026-06-02T05:24:26.357003,False,retry_link;reminder;discount_offer;escalate_to_human;no_action,retry_link,False,0.0,,1
TXN000185,CUST00997,541,2748.28,0.5,681.95,0,53,512.06,payment_failed,insufficient_funds,2026-06-03T22:47:54.084395,22,2,0,,False,retry_link;reminder;discount_offer;escalate_to_human;no_action,retry_link,True,512.06,17.68,0
TXN000186,CUST00137,47,7843.67,0.5,401.17,0,48,458.43,payment_failed,price_hesitation,2026-06-03T23:14:12.034627,23,2,0,,False,retry_link;reminder;discount_offer;escalate_to_human;no_action,escalate_to_human,False,0.0,,0
TXN000187,CUST00581,1250,496.29,1.0,591.04,1,0,504.22,payment_failed,price_hesitation,2026-06-03T23:22:41.138096,23,2,1,2026-06-02T23:34:51.295386,False,retry_link;reminder;discount_offer;escalate_to_human;no_action,no_action,False,0.0,,0
TXN000188,CUST01368,1444,2459.52,0.5,204.43,0,106,193.44,payment_failed,insufficient_funds,2026-06-03T23:31:18.619384,23,2,0,,False,retry_link;reminder;discount_offer;escalate_to_human;no_action,no_action,False,0.0,,0
TXN000189,CUST00133,839,5085.73,0.5,371.87,0,15,481.09,checkout_abandoned,bank_decline,2026-06-03T23:32:57.544069,23,2,0,,False,retry_link;reminder;discount_offer;escalate_to_human;no_action,retry_link,False,0.0,,0
TXN000190,CUST00075,714,4294.31,0.5,576.31,0,107,650.16,payment_failed,gateway_error,2026-06-04T00:43:34.629149,0,3,0,,False,retry_link;reminder;discount_offer;escalate_to_human;no_action,escalate_to_human,False,0.0,,0
TXN000191,CUST00228,820,7488.88,0.5,523.94,0,91,297.44,payment_failed,otp_timeout,2026-06-04T00:51:26.647028,0,3,0,,False,retry_link;reminder;discount_offer;escalate_to_human;no_action,reminder,True,297.44,13.66,0
TXN000192,CUST00066,1358,5159.7,0.5,501.95,0,34,821.11,payment_failed,price_hesitation,2026-06-04T02:16:08.653694,2,3,0,,False,retry_link;reminder;discount_offer;escalate_to_human;no_action,reminder,False,0.0,,0
TXN000193,CUST00702,252,7552.12,0.5,153.89,0,87,266.18,payment_failed,insufficient_funds,2026-06-04T02:30:57.422763,2,3,0,,False,retry_link;reminder;discount_offer;escalate_to_human;no_action,reminder,False,0.0,,0
TXN000194,CUST00946,1460,6287.79,0.5,195.27,0,36,100.05,payment_failed,otp_timeout,2026-06-04T02:31:41.405658,2,3,0,,False,retry_link;reminder;discount_offer;escalate_to_human;no_action,discount_offer,False,0.0,,0
TXN000195,CUST00721,1396,7307.46,0.5,705.63,0,5,1654.37,payment_failed,gateway_error,2026-06-04T02:41:50.495907,2,3,0,,False,retry_link;reminder;discount_offer;escalate_to_human;no_action,discount_offer,True,1654.37,2.02,0
TXN000196,CUST00254,991,1636.5,0.5,191.6,0,98,209.82,payment_failed,gateway_error,2026-06-04T02:44:46.862983,2,3,0,,False,retry_link;reminder;discount_offer;escalate_to_human;no_action,escalate_to_human,True,209.82,0.06,0
TXN000197,CUST00596,869,3931.45,0.5,137.35,0,110,205.69,checkout_abandoned,price_hesitation,2026-06-04T03:01:49.913006,3,3,0,,False,retry_link;reminder;discount_offer;escalate_to_human;no_action,escalate_to_human,True,205.69,1.76,0
TXN000198,CUST00490,1399,13035.54,0.5,320.42,0,80,248.11,checkout_abandoned,bank_decline,2026-06-04T03:09:24.377640,3,3,0,,False,retry_link;reminder;discount_offer;escalate_to_human;no_action,discount_offer,False,0.0,,0
TXN000199,CUST00491,1301,2869.85,0.5,504.68,0,12,435.29,payment_failed,otp_timeout,2026-06-04T03:13:14.008214,3,3,0,,False,retry_link;reminder;discount_offer;escalate_to_human;no_action,reminder,False,0.0,,0
TXN000200,CUST00266,671,1048.7,0.5,352.22,0,42,341.25,payment_failed,bank_decline,2026-06-04T03:15:37.348490,3,3,0,,False,retry_link;reminder;discount_offer;escalate_to_human;no_action,escalate_to_human,False,0.0,,0
TXN000201,CUST01037,23,59540.3,0.5,885.88,0,65,789.64,checkout_abandoned,gateway_error,2026-06-04T03:19:09.253735,3,3,0,,False,retry_link;reminder;discount_offer;escalate_to_human;no_action,escalate_to_human,True,789.64,2.93,0
TXN000202,CUST00751,222,16941.95,0.5,319.9,0,98,266.29,checkout_abandoned,gateway_error,2026-06-04T03:38:25.093912,3,3,0,,False,retry_link;reminder;discount_offer;escalate_to_human;no_action,retry_link,True,266.29,0.09,0
TXN000203,CUST01085,1258,594.07,0.5,450.15,0,6,321.54,payment_failed,insufficient_funds,2026-06-04T04:00:29.045997,4,3,0,,False,retry_link;reminder;discount_offer;escalate_to_human;no_action,no_action,False,0.0,,0
TXN000204,CUST01213,1300,20391.25,0.5,352.23,0,83,360.8,checkout_abandoned,price_hesitation,2026-06-04T04:40:51.465365,4,3,0,,False,retry_link;reminder;discount_offer;escalate_to_human;no_action,no_action,False,0.0,,0
TXN000205,CUST00690,1494,3100.34,0.5,246.91,0,117,162.03,checkout_abandoned,price_hesitation,2026-06-04T04:43:09.175824,4,3,0,,True,no_action,no_action,True,162.03,0.54,0
TXN000206,CUST00058,1115,5252.32,0.5,237.95,0,16,162.76,checkout_abandoned,gateway_error,2026-06-04T05:12:43.564238,5,3,0,,False,retry_link;reminder;discount_offer;escalate_to_human;no_action,discount_offer,False,0.0,,0
TXN000207,CUST00587,149,19076.11,0.5,104.65,0,7,124.82,checkout_abandoned,price_hesitation,2026-06-04T05:38:33.273593,5,3,0,,False,retry_link;reminder;discount_offer;escalate_to_human;no_action,retry_link,True,124.82,4.17,0
TXN000208,CUST00359,1123,23833.09,0.5,752.5,0,24,718.0,payment_failed,gateway_error,2026-06-04T05:46:01.289504,5,3,0,,False,retry_link;reminder;discount_offer;escalate_to_human;no_action,discount_offer,False,0.0,,0
TXN000209,CUST01190,623,2082.91,0.5,100.0,0,13,129.93,payment_failed,gateway_error,2026-06-04T06:00:27.873511,6,3,0,,False,retry_link;reminder;discount_offer;escalate_to_human;no_action,discount_offer,True,129.93,2.58,0
TXN000210,CUST01170,943,15168.31,0.5,173.43,0,36,170.02,payment_failed,otp_timeout,2026-06-04T06:16:10.554827,6,3,0,,False,retry_link;reminder;discount_offer;escalate_to_human;no_action,no_action,True,170.02,1.38,0
TXN000211,CUST00294,817,1556.9,0.5,355.76,0,59,294.52,payment_failed,price_hesitation,2026-06-04T06:21:53.428831,6,3,0,,False,retry_link;reminder;discount_offer;escalate_to_human;no_action,discount_offer,False,0.0,,0
TXN000212,CUST01058,637,1431.43,0.5,208.56,0,7,158.43,payment_failed,gateway_error,2026-06-04T06:28:35.530005,6,3,0,,False,retry_link;reminder;discount_offer;escalate_to_human;no_action,reminder,False,0.0,,0
TXN000213,CUST00631,491,9122.51,0.5,779.42,0,107,1300.51,payment_failed,price_hesitation,2026-06-04T06:47:48.099738,6,3,0,,False,retry_link;reminder;discount_offer;escalate_to_human;no_action,reminder,True,1300.51,1.69,0
TXN000214,CUST00533,427,6851.12,0.5,353.66,0,54,223.64,checkout_abandoned,bank_decline,2026-06-04T07:08:34.652127,7,3,0,,False,retry_link;reminder;discount_offer;escalate_to_human;no_action,no_action,False,0.0,,0
TXN000215,CUST00583,78,11262.58,0.5,183.25,0,15,247.71,payment_failed,gateway_error,2026-06-04T07:22:35.630572,7,3,0,,False,retry_link;reminder;discount_offer;escalate_to_human;no_action,discount_offer,True,247.71,29.88,0
TXN000216,CUST01460,1185,50678.54,0.5,225.89,0,75,407.66,checkout_abandoned,insufficient_funds,2026-06-04T07:43:48.149185,7,3,0,,False,retry_link;reminder;discount_offer;escalate_to_human;no_action,retry_link,True,407.66,24.16,0
TXN000217,CUST01079,1254,3019.02,0.5,361.74,0,105,421.6,payment_failed,otp_timeout,2026-06-04T07:53:32.882521,7,3,0,,False,retry_link;reminder;discount_offer;escalate_to_human;no_action,discount_offer,False,0.0,,0
TXN000218,CUST01368,1444,2459.52,0.0,204.43,0,106,115.19,checkout_abandoned,insufficient_funds,2026-06-04T08:43:02.073060,8,3,0,,False,retry_link;reminder;discount_offer;escalate_to_human;no_action,retry_link,False,0.0,,1
TXN000219,CUST00490,1399,13035.54,0.0,320.42,0,80,414.87,payment_failed,otp_timeout,2026-06-04T08:50:48.114867,8,3,1,2026-06-04T03:09:24.377640,False,retry_link;reminder;discount_offer;escalate_to_human;no_action,discount_offer,False,0.0,,1
TXN000220,CUST00884,1220,3485.65,0.5,316.58,0,114,341.75,checkout_abandoned,bank_decline,2026-06-04T09:31:52.294009,9,3,0,,False,retry_link;reminder;discount_offer;escalate_to_human;no_action,no_action,False,0.0,,0
TXN000221,CUST01248,488,3061.0,0.5,774.83,0,38,751.13,payment_failed,otp_timeout,2026-06-04T09:34:34.736850,9,3,0,,False,retry_link;reminder;discount_offer;escalate_to_human;no_action,escalate_to_human,True,751.13,3.47,0
TXN000222,CUST00719,899,16863.8,0.0,210.52,0,89,168.44,payment_failed,price_hesitation,2026-06-04T10:26:14.511163,10,3,0,2026-06-02T19:27:15.250318,False,retry_link;reminder;discount_offer;escalate_to_human;no_action,discount_offer,False,0.0,,1
TXN000223,CUST00153,441,5267.46,0.5,858.98,0,5,1016.56,payment_failed,bank_decline,2026-06-04T10:33:57.099338,10,3,0,,False,retry_link;reminder;discount_offer;escalate_to_human;no_action,reminder,True,1016.56,6.38,0
TXN000224,CUST00696,1083,57079.54,0.5,850.27,0,98,1147.52,checkout_abandoned,price_hesitation,2026-06-04T11:15:18.683472,11,3,0,,False,retry_link;reminder;discount_offer;escalate_to_human;no_action,discount_offer,True,1147.52,0.06,0
TXN000225,CUST01015,1256,13441.29,0.5,458.28,0,48,670.87,checkout_abandoned,gateway_error,2026-06-04T11:33:34.839950,11,3,0,,False,retry_link;reminder;discount_offer;escalate_to_human;no_action,escalate_to_human,True,670.87,1.7,0
TXN000226,CUST01285,74,16897.92,0.5,887.91,0,51,653.63,payment_failed,bank_decline,2026-06-04T11:34:38.041738,11,3,0,,False,retry_link;reminder;discount_offer;escalate_to_human;no_action,escalate_to_human,True,653.63,0.28,0
TXN000227,CUST00996,790,2586.22,0.5,149.88,0,70,84.92,checkout_abandoned,gateway_error,2026-06-04T11:45:37.164620,11,3,0,,False,retry_link;reminder;discount_offer;escalate_to_human;no_action,escalate_to_human,True,84.92,2.78,0
TXN000228,CUST01061,1031,5458.79,0.5,523.83,0,45,399.6,checkout_abandoned,gateway_error,2026-06-04T11:46:32.508225,11,3,0,,False,retry_link;reminder;discount_offer;escalate_to_human;no_action,reminder,False,0.0,,0
TXN000229,CUST01019,174,5555.18,0.5,165.51,0,58,147.17,payment_failed,otp_timeout,2026-06-04T12:31:58.411087,12,3,0,,False,retry_link;reminder;discount_offer;escalate_to_human;no_action,reminder,True,147.17,6.15,0
TXN000230,CUST00300,546,7142.82,0.0,290.28,0,56,461.58,payment_failed,price_hesitation,2026-06-04T13:02:30.325957,13,3,0,2026-06-01T02:15:44.327442,False,retry_link;reminder;discount_offer;escalate_to_human;no_action,discount_offer,False,0.0,,1
TXN000231,CUST00291,401,24017.43,0.5,919.71,0,56,1318.36,payment_failed,gateway_error,2026-06-04T13:35:47.189506,13,3,0,,False,retry_link;reminder;discount_offer;escalate_to_human;no_action,discount_offer,True,1318.36,12.61,0
TXN000232,CUST00593,1469,7664.46,1.0,239.78,1,2,405.62,checkout_abandoned,insufficient_funds,2026-06-04T13:40:29.191529,13,3,0,2026-06-02T08:26:37.822766,False,retry_link;reminder;discount_offer;escalate_to_human;no_action,reminder,False,0.0,,0
TXN000233,CUST00207,1453,7747.86,0.5,233.67,0,79,147.08,checkout_abandoned,price_hesitation,2026-06-04T13:51:00.606577,13,3,0,,False,retry_link;reminder;discount_offer;escalate_to_human;no_action,retry_link,False,0.0,,0
TXN000234,CUST00199,1442,620.87,0.5,100.0,0,34,87.4,payment_failed,insufficient_funds,2026-06-04T13:53:46.283576,13,3,0,,False,retry_link;reminder;discount_offer;escalate_to_human;no_action,no_action,False,0.0,,0
TXN000235,CUST00974,222,1243.93,0.5,308.13,0,77,338.97,checkout_abandoned,bank_decline,2026-06-04T14:18:37.433896,14,3,0,,False,retry_link;reminder;discount_offer;escalate_to_human;no_action,reminder,False,0.0,,0
TXN000236,CUST00949,417,2278.91,0.5,161.9,0,108,210.19,payment_failed,insufficient_funds,2026-06-04T14:59:12.878109,14,3,0,,False,retry_link;reminder;discount_offer;escalate_to_human;no_action,reminder,False,0.0,,0
TXN000237,CUST00548,774,10049.46,0.5,542.09,0,100,498.04,checkout_abandoned,gateway_error,2026-06-04T15:00:55.308207,15,3,0,,False,retry_link;reminder;discount_offer;escalate_to_human;no_action,reminder,False,0.0,,0
TXN000238,CUST01444,210,9561.43,0.5,298.48,0,16,307.99,payment_failed,insufficient_funds,2026-06-04T15:12:44.362908,15,3,0,,False,retry_link;reminder;discount_offer;escalate_to_human;no_action,retry_link,True,307.99,6.35,0
TXN000239,CUST00194,1439,14561.64,0.5,642.9,0,38,976.47,payment_failed,otp_timeout,2026-06-04T16:10:35.406539,16,3,0,,False,retry_link;reminder;discount_offer;escalate_to_human;no_action,discount_offer,False,0.0,,0
TXN000240,CUST00575,561,12456.92,0.5,495.4,0,59,685.07,checkout_abandoned,price_hesitation,2026-06-04T16:20:52.849575,16,3,0,,False,retry_link;reminder;discount_offer;escalate_to_human;no_action,no_action,False,0.0,,0
TXN000241,CUST01102,1378,18843.09,0.5,364.79,0,95,443.12,checkout_abandoned,otp_timeout,2026-06-04T16:35:55.469364,16,3,0,,False,retry_link;reminder;discount_offer;escalate_to_human;no_action,no_action,False,0.0,,0
TXN000242,CUST01255,128,11462.57,0.5,476.49,0,26,430.9,payment_failed,price_hesitation,2026-06-04T16:54:38.547694,16,3,0,,False,retry_link;reminder;discount_offer;escalate_to_human;no_action,escalate_to_human,True,430.9,2.18,0
TXN000243,CUST00454,895,4476.8,0.0,286.07,0,62,488.07,payment_failed,price_hesitation,2026-06-04T16:55:38.164878,16,3,0,2026-06-03T10:40:57.557469,False,retry_link;reminder;discount_offer;escalate_to_human;no_action,no_action,False,0.0,,1
TXN000244,CUST01298,796,9321.1,0.5,332.8,0,15,242.83,payment_failed,otp_timeout,2026-06-04T17:11:31.786096,17,3,0,,False,retry_link;reminder;discount_offer;escalate_to_human;no_action,retry_link,True,242.83,0.71,0
TXN000245,CUST00848,1230,10967.45,0.5,1148.29,0,107,852.55,payment_failed,gateway_error,2026-06-04T17:15:09.358860,17,3,0,,False,retry_link;reminder;discount_offer;escalate_to_human;no_action,no_action,False,0.0,,0
TXN000246,CUST01070,1012,793.01,0.5,289.95,0,112,248.92,checkout_abandoned,bank_decline,2026-06-04T18:01:45.491700,18,3,0,,False,retry_link;reminder;discount_offer;escalate_to_human;no_action,discount_offer,False,0.0,,0
TXN000247,CUST00826,1021,693.11,0.5,441.94,0,111,530.88,checkout_abandoned,price_hesitation,2026-06-04T18:16:33.891825,18,3,0,,False,retry_link;reminder;discount_offer;escalate_to_human;no_action,escalate_to_human,False,0.0,,0
TXN000248,CUST00379,394,19267.13,1.0,615.83,1,2,440.63,payment_failed,otp_timeout,2026-06-04T19:03:57.007078,19,3,0,2026-06-01T19:08:29.239360,False,retry_link;reminder;discount_offer;escalate_to_human;no_action,escalate_to_human,True,440.63,0.0,0
TXN000249,CUST00681,206,3441.34,0.5,142.04,0,40,93.15,checkout_abandoned,gateway_error,2026-06-04T19:06:39.722948,19,3,0,,True,no_action,no_action,False,0.0,,0
TXN000250,CUST00583,78,11262.58,1.0,183.25,1,0,115.59,payment_failed,gateway_error,2026-06-04T19:29:09.548802,19,3,1,2026-06-04T07:22:35.630572,False,retry_link;reminder;discount_offer;escalate_to_human;no_action,reminder,True,115.59,7.45,0
TXN000251,CUST00883,233,1028.71,0.5,621.16,0,79,1326.08,payment_failed,price_hesitation,2026-06-04T19:46:44.767588,19,3,0,,False,retry_link;reminder;discount_offer;escalate_to_human;no_action,retry_link,False,0.0,,0
TXN000252,CUST00716,777,3029.08,0.5,114.41,0,18,125.88,payment_failed,otp_timeout,2026-06-04T20:55:09.924885,20,3,0,,False,retry_link;reminder;discount_offer;escalate_to_human;no_action,retry_link,True,125.88,0.27,0
TXN000253,CUST01238,447,3586.73,0.5,288.11,0,65,444.87,checkout_abandoned,insufficient_funds,2026-06-04T21:19:23.111152,21,3,0,,False,retry_link;reminder;discount_offer;escalate_to_human;no_action,retry_link,True,444.87,6.22,0
TXN000254,CUST00966,902,2718.55,0.5,183.34,0,110,86.66,checkout_abandoned,price_hesitation,2026-06-04T21:36:16.842893,21,3,0,,False,retry_link;reminder;discount_offer;escalate_to_human;no_action,retry_link,False,0.0,,0
TXN000255,CUST01488,167,9623.17,0.5,303.32,0,77,353.95,payment_failed,price_hesitation,2026-06-04T22:07:52.752090,22,3,0,,False,retry_link;reminder;discount_offer;escalate_to_human;no_action,escalate_to_human,True,353.95,8.77,0
TXN000256,CUST00215,409,9400.34,0.5,185.9,0,64,178.01,payment_failed,otp_timeout,2026-06-04T22:17:45.935203,22,3,0,,False,retry_link;reminder;discount_offer;escalate_to_human;no_action,reminder,True,178.01,8.34,0
TXN000257,CUST00103,12,478.99,0.5,332.63,0,107,325.26,payment_failed,price_hesitation,2026-06-04T23:00:15.838941,23,3,0,,False,retry_link;reminder;discount_offer;escalate_to_human;no_action,discount_offer,False,0.0,,0
TXN000258,CUST01228,231,1884.96,0.0,239.13,0,99,228.15,payment_failed,price_hesitation,2026-06-04T23:21:00.216859,23,3,0,2026-06-03T00:20:01.877809,False,retry_link;reminder;discount_offer;escalate_to_human;no_action,no_action,True,228.15,11.85,1
TXN000259,CUST00401,1166,4931.6,0.5,219.24,0,16,345.82,checkout_abandoned,otp_timeout,2026-06-04T23:33:24.437788,23,3,0,,False,retry_link;reminder;discount_offer;escalate_to_human;no_action,discount_offer,True,345.82,8.35,0
TXN000260,CUST00078,847,15190.42,0.5,243.61,0,20,356.92,payment_failed,gateway_error,2026-06-04T23:42:20.589835,23,3,0,,False,retry_link;reminder;discount_offer;escalate_to_human;no_action,discount_offer,False,0.0,,0
TXN000261,CUST00082,241,7180.08,0.5,100.0,0,25,86.5,payment_failed,gateway_error,2026-06-04T23:44:34.235618,23,3,0,,False,retry_link;reminder;discount_offer;escalate_to_human;no_action,reminder,False,0.0,,0
TXN000262,CUST00070,1193,2163.09,0.5,431.81,0,67,294.78,payment_failed,price_hesitation,2026-06-05T00:11:50.710487,0,4,0,,False,retry_link;reminder;discount_offer;escalate_to_human;no_action,reminder,True,294.78,3.41,0
TXN000263,CUST00790,144,5295.99,0.5,1360.85,0,100,1705.04,checkout_abandoned,gateway_error,2026-06-05T00:59:25.943986,0,4,0,,False,retry_link;reminder;discount_offer;escalate_to_human;no_action,no_action,False,0.0,,0
TXN000264,CUST00689,1174,8643.13,0.5,457.75,0,11,693.38,payment_failed,insufficient_funds,2026-06-05T01:40:17.659762,1,4,0,,False,retry_link;reminder;discount_offer;escalate_to_human;no_action,retry_link,False,0.0,,0
TXN000265,CUST01472,674,1637.52,0.5,103.21,0,7,53.68,payment_failed,otp_timeout,2026-06-05T01:55:46.682617,1,4,0,,False,retry_link;reminder;discount_offer;escalate_to_human;no_action,retry_link,True,53.68,3.99,0
TXN000266,CUST00007,1046,11430.6,0.5,467.58,0,72,640.29,payment_failed,bank_decline,2026-06-05T02:20:22.885458,2,4,0,,False,retry_link;reminder;discount_offer;escalate_to_human;no_action,reminder,False,0.0,,0
TXN000267,CUST00380,8,17036.43,0.5,238.35,0,41,543.02,payment_failed,otp_timeout,2026-06-05T03:45:31.934327,3,4,0,,False,retry_link;reminder;discount_offer;escalate_to_human;no_action,escalate_to_human,True,543.02,0.53,0
TXN000268,CUST01336,957,2857.93,0.5,290.93,0,16,397.04,checkout_abandoned,insufficient_funds,2026-06-05T03:46:26.894279,3,4,0,,False,retry_link;reminder;discount_offer;escalate_to_human;no_action,retry_link,True,397.04,2.59,0
TXN000269,CUST00995,939,5649.13,1.0,436.94,1,3,302.71,payment_failed,price_hesitation,2026-06-05T03:56:43.339014,3,4,0,2026-06-01T16:39:32.216800,False,retry_link;reminder;discount_offer;escalate_to_human;no_action,no_action,False,0.0,,0
TXN000270,CUST00120,659,39957.28,0.0,802.46,0,82,458.24,payment_failed,insufficient_funds,2026-06-05T04:07:51.863569,4,4,0,2026-06-02T21:07:51.958928,False,retry_link;reminder;discount_offer;escalate_to_human;no_action,reminder,True,458.24,0.07,1
TXN000271,CUST00252,283,6281.94,0.5,402.08,0,75,618.85,checkout_abandoned,bank_decline,2026-06-05T04:11:41.517695,4,4,0,,False,retry_link;reminder;discount_offer;escalate_to_human;no_action,reminder,False,0.0,,0
TXN000272,CUST01231,1100,6437.58,0.5,503.97,0,105,396.33,checkout_abandoned,otp_timeout,2026-06-05T04:37:39.804290,4,4,0,,False,retry_link;reminder;discount_offer;escalate_to_human;no_action,escalate_to_human,False,0.0,,0
TXN000273,CUST00095,433,6922.96,0.5,411.5,0,46,410.96,checkout_abandoned,gateway_error,2026-06-05T05:05:20.853067,5,4,0,,False,retry_link;reminder;discount_offer;escalate_to_human;no_action,escalate_to_human,False,0.0,,0
TXN000274,CUST00609,1286,11117.01,0.5,1474.92,0,59,2583.2,checkout_abandoned,insufficient_funds,2026-06-05T05:16:33.093586,5,4,0,,False,retry_link;reminder;discount_offer;escalate_to_human;no_action,escalate_to_human,True,2583.2,1.59,0
TXN000275,CUST00577,786,2374.26,0.5,283.01,0,73,237.59,payment_failed,insufficient_funds,2026-06-05T05:23:06.020574,5,4,0,,False,retry_link;reminder;discount_offer;escalate_to_human;no_action,retry_link,False,0.0,,0
TXN000276,CUST00141,322,1005.73,0.5,181.49,0,70,262.07,payment_failed,price_hesitation,2026-06-05T05:59:52.033768,5,4,0,,False,retry_link;reminder;discount_offer;escalate_to_human;no_action,no_action,False,0.0,,0
TXN000277,CUST01254,975,1125.08,0.5,150.59,0,84,195.82,checkout_abandoned,price_hesitation,2026-06-05T06:14:37.015834,6,4,0,,False,retry_link;reminder;discount_offer;escalate_to_human;no_action,retry_link,False,0.0,,0
TXN000278,CUST00602,1108,4795.95,0.5,495.51,0,102,299.66,checkout_abandoned,price_hesitation,2026-06-05T07:01:45.083805,7,4,0,,False,retry_link;reminder;discount_offer;escalate_to_human;no_action,reminder,False,0.0,,0
TXN000279,CUST00286,242,10271.08,0.5,823.05,0,61,846.48,payment_failed,gateway_error,2026-06-05T07:09:49.759403,7,4,0,,False,retry_link;reminder;discount_offer;escalate_to_human;no_action,retry_link,True,846.48,0.74,0
TXN000280,CUST00761,829,9132.95,0.5,834.76,0,10,901.63,checkout_abandoned,insufficient_funds,2026-06-05T07:25:41.860501,7,4,0,,False,retry_link;reminder;discount_offer;escalate_to_human;no_action,discount_offer,True,901.63,17.79,0
TXN000281,CUST00092,1262,6491.01,0.5,750.9,0,46,710.92,checkout_abandoned,price_hesitation,2026-06-05T07:31:09.119832,7,4,0,,False,retry_link;reminder;discount_offer;escalate_to_human;no_action,retry_link,False,0.0,,0
TXN000282,CUST00393,899,3772.6,0.5,261.04,0,97,300.77,checkout_abandoned,otp_timeout,2026-06-05T07:54:56.430074,7,4,0,,False,retry_link;reminder;discount_offer;escalate_to_human;no_action,no_action,True,300.77,1.55,0
TXN000283,CUST00698,76,14303.41,0.0,179.14,0,115,87.49,payment_failed,gateway_error,2026-06-05T09:07:25.958286,9,4,0,,False,retry_link;reminder;discount_offer;escalate_to_human;no_action,retry_link,True,87.49,5.81,1
TXN000284,CUST00212,1183,17709.18,0.5,179.29,0,119,175.34,checkout_abandoned,gateway_error,2026-06-05T09:13:00.297383,9,4,0,,False,retry_link;reminder;discount_offer;escalate_to_human;no_action,reminder,True,175.34,8.6,0
TXN000285,CUST00596,869,3931.45,1.0,137.35,1,1,118.03,payment_failed,otp_timeout,2026-06-05T09:17:30.642074,9,4,0,2026-06-04T03:01:49.913006,False,retry_link;reminder;discount_offer;escalate_to_human;no_action,reminder,False,0.0,,0
TXN000286,CUST00896,764,121257.19,0.5,221.4,0,73,326.37,payment_failed,otp_timeout,2026-06-05T09:28:12.551375,9,4,0,,False,retry_link;reminder;discount_offer;escalate_to_human;no_action,no_action,False,0.0,,0
TXN000287,CUST01129,974,10173.24,0.5,190.52,0,98,205.78,checkout_abandoned,otp_timeout,2026-06-05T09:57:35.946183,9,4,0,,False,retry_link;reminder;discount_offer;escalate_to_human;no_action,no_action,False,0.0,,0
TXN000288,CUST00085,1050,16481.23,0.5,245.69,0,36,380.71,payment_failed,price_hesitation,2026-06-05T10:26:03.073204,10,4,0,,False,retry_link;reminder;discount_offer;escalate_to_human;no_action,discount_offer,False,0.0,,0
TXN000289,CUST01259,1203,8413.02,0.5,333.97,0,32,136.97,checkout_abandoned,insufficient_funds,2026-06-05T10:28:29.776284,10,4,0,,False,retry_link;reminder;discount_offer;escalate_to_human;no_action,no_action,False,0.0,,0
TXN000290,CUST00467,894,7345.92,0.5,286.04,0,20,332.03,payment_failed,gateway_error,2026-06-05T10:35:18.163240,10,4,0,,False,retry_link;reminder;discount_offer;escalate_to_human;no_action,escalate_to_human,False,0.0,,0
TXN000291,CUST00908,557,7424.71,0.5,213.64,0,91,168.7,payment_failed,price_hesitation,2026-06-05T10:46:26.383696,10,4,0,,False,retry_link;reminder;discount_offer;escalate_to_human;no_action,discount_offer,True,168.7,8.99,0
TXN000292,CUST00917,1176,14345.63,0.5,626.04,0,110,980.29,payment_failed,insufficient_funds,2026-06-05T11:25:48.733489,11,4,0,,False,retry_link;reminder;discount_offer;escalate_to_human;no_action,reminder,True,980.29,0.41,0
TXN000293,CUST00417,183,5120.21,0.5,290.51,0,104,590.5,payment_failed,gateway_error,2026-06-05T12:04:49.424731,12,4,0,,False,retry_link;reminder;discount_offer;escalate_to_human;no_action,discount_offer,False,0.0,,0
TXN000294,CUST01488,167,9623.17,1.0,303.32,1,0,539.66,checkout_abandoned,price_hesitation,2026-06-05T12:17:14.581655,12,4,1,2026-06-04T22:07:52.752090,False,retry_link;reminder;discount_offer;escalate_to_human;no_action,retry_link,False,0.0,,0
TXN000295,CUST01110,948,11181.31,0.5,334.08,0,119,303.78,checkout_abandoned,bank_decline,2026-06-05T12:55:42.455013,12,4,0,,False,retry_link;reminder;discount_offer;escalate_to_human;no_action,no_action,False,0.0,,0
TXN000296,CUST00288,813,11292.26,0.5,568.59,0,51,840.45,payment_failed,gateway_error,2026-06-05T12:59:16.304333,12,4,0,,False,retry_link;reminder;discount_offer;escalate_to_human;no_action,discount_offer,False,0.0,,0
TXN000297,CUST01171,946,2076.63,0.5,117.22,0,52,95.76,payment_failed,insufficient_funds,2026-06-05T13:11:07.521378,13,4,0,,False,retry_link;reminder;discount_offer;escalate_to_human;no_action,escalate_to_human,False,0.0,,0
TXN000298,CUST00313,422,8380.62,0.5,360.43,0,50,334.3,payment_failed,gateway_error,2026-06-05T13:30:51.291287,13,4,0,,False,retry_link;reminder;discount_offer;escalate_to_human;no_action,no_action,True,334.3,2.32,0
TXN000299,CUST01133,1144,10294.1,0.5,203.68,0,81,232.3,payment_failed,insufficient_funds,2026-06-05T13:49:47.154872,13,4,0,,False,retry_link;reminder;discount_offer;escalate_to_human;no_action,discount_offer,False,0.0,,0
TXN000300,CUST00357,1337,108026.51,0.5,185.26,0,108,236.95,payment_failed,otp_timeout,2026-06-05T14:08:46.416341,14,4,0,,False,retry_link;reminder;discount_offer;escalate_to_human;no_action,discount_offer,False,0.0,,0
TXN000301,CUST01371,515,9821.65,0.5,741.29,0,39,547.51,payment_failed,bank_decline,2026-06-05T14:10:34.313936,14,4,0,,False,retry_link;reminder;discount_offer;escalate_to_human;no_action,escalate_to_human,False,0.0,,0
TXN000302,CUST00790,144,5295.99,0.0,1360.85,0,100,1074.62,checkout_abandoned,bank_decline,2026-06-05T14:25:08.359084,14,4,0,,False,retry_link;reminder;discount_offer;escalate_to_human;no_action,retry_link,True,1074.62,11.21,1
TXN000303,CUST01446,1407,108435.87,0.0,332.2,0,82,337.66,payment_failed,bank_decline,2026-06-05T14:41:56.084389,14,4,0,2026-06-01T11:43:15.135465,False,retry_link;reminder;discount_offer;escalate_to_human;no_action,escalate_to_human,False,0.0,,1
TXN000304,CUST00232,30,8310.56,0.0,457.0,0,46,416.01,payment_failed,otp_timeout,2026-06-05T14:50:02.984858,14,4,0,2026-06-03T04:47:01.568552,False,retry_link;reminder;discount_offer;escalate_to_human;no_action,reminder,False,0.0,,1
TXN000305,CUST00575,561,12456.92,0.0,495.4,0,59,566.58,payment_failed,gateway_error,2026-06-05T14:52:00.349297,14,4,0,,False,retry_link;reminder;discount_offer;escalate_to_human;no_action,discount_offer,False,0.0,,1
TXN000306,CUST00195,132,17557.89,0.0,745.5,0,71,425.43,payment_failed,price_hesitation,2026-06-05T15:01:24.683844,15,4,0,,False,retry_link;reminder;discount_offer;escalate_to_human;no_action,retry_link,False,0.0,,1
TXN000307,CUST01303,1343,4551.54,0.5,127.57,0,54,117.17,checkout_abandoned,insufficient_funds,2026-06-05T15:03:00.144823,15,4,0,,False,retry_link;reminder;discount_offer;escalate_to_human;no_action,no_action,False,0.0,,0
TXN000308,CUST01303,1343,4551.54,0.0,127.57,0,54,130.63,payment_failed,bank_decline,2026-06-05T15:09:11.018278,15,4,0,,False,retry_link;reminder;discount_offer;escalate_to_human;no_action,discount_offer,True,130.63,4.68,1
TXN000309,CUST01124,1261,1162.9,0.5,136.87,0,49,197.64,checkout_abandoned,price_hesitation,2026-06-05T15:12:01.037818,15,4,0,,False,retry_link;reminder;discount_offer;escalate_to_human;no_action,escalate_to_human,True,197.64,3.44,0
TXN000310,CUST01436,641,7085.36,0.5,287.23,0,110,551.45,checkout_abandoned,otp_timeout,2026-06-05T15:22:31.307694,15,4,0,,False,retry_link;reminder;discount_offer;escalate_to_human;no_action,discount_offer,True,551.45,1.56,0
TXN000311,CUST01090,754,573.58,0.5,243.79,0,18,379.81,checkout_abandoned,price_hesitation,2026-06-05T15:35:09.132133,15,4,0,,False,retry_link;reminder;discount_offer;escalate_to_human;no_action,retry_link,False,0.0,,0
TXN000312,CUST00859,1201,7188.94,0.5,619.44,0,99,819.91,payment_failed,gateway_error,2026-06-05T16:32:05.736343,16,4,0,,False,retry_link;reminder;discount_offer;escalate_to_human;no_action,retry_link,True,819.91,2.09,0
TXN000313,CUST00241,876,5676.73,0.5,150.22,0,44,134.68,checkout_abandoned,price_hesitation,2026-06-05T17:05:26.893816,17,4,0,,False,retry_link;reminder;discount_offer;escalate_to_human;no_action,no_action,False,0.0,,0
TXN000314,CUST00435,186,5550.67,0.5,232.4,0,53,445.17,payment_failed,insufficient_funds,2026-06-05T17:07:19.474703,17,4,0,,False,retry_link;reminder;discount_offer;escalate_to_human;no_action,escalate_to_human,False,0.0,,0
TXN000315,CUST00609,1286,11117.01,1.0,1474.92,1,0,1361.75,payment_failed,insufficient_funds,2026-06-05T17:41:14.390591,17,4,1,2026-06-05T05:16:33.093586,False,retry_link;reminder;discount_offer;escalate_to_human;no_action,escalate_to_human,True,1361.75,0.28,0
TXN000316,CUST01267,559,2113.42,0.5,387.35,0,43,536.96,checkout_abandoned,price_hesitation,2026-06-05T17:58:30.933015,17,4,0,,False,retry_link;reminder;discount_offer;escalate_to_human;no_action,escalate_to_human,True,536.96,2.76,0
TXN000317,CUST01153,1364,1321.07,0.5,232.68,0,47,181.33,payment_failed,insufficient_funds,2026-06-05T17:59:33.611962,17,4,0,,False,retry_link;reminder;discount_offer;escalate_to_human;no_action,escalate_to_human,False,0.0,,0
TXN000318,CUST00910,1155,1284.52,0.5,493.27,0,15,910.78,payment_failed,insufficient_funds,2026-06-05T18:47:25.563441,18,4,0,,False,retry_link;reminder;discount_offer;escalate_to_human;no_action,discount_offer,True,910.78,2.14,0
TXN000319,CUST00698,76,14303.41,0.5,179.14,1,0,201.52,checkout_abandoned,price_hesitation,2026-06-05T19:04:56.767437,19,4,1,2026-06-05T09:07:25.958286,False,retry_link;reminder;discount_offer;escalate_to_human;no_action,no_action,True,201.52,19.31,1
TXN000320,CUST01166,33,1525.51,1.0,325.69,1,2,298.47,payment_failed,price_hesitation,2026-06-05T19:43:01.693867,19,4,0,2026-06-03T08:00:09.627257,False,retry_link;reminder;discount_offer;escalate_to_human;no_action,retry_link,True,298.47,13.54,0
TXN000321,CUST01013,472,1006.09,0.5,556.61,0,12,357.65,payment_failed,bank_decline,2026-06-05T20:47:06.976659,20,4,0,,False,retry_link;reminder;discount_offer;escalate_to_human;no_action,retry_link,False,0.0,,0
TXN000322,CUST01117,880,3697.54,0.5,442.66,1,4,512.56,payment_failed,gateway_error,2026-06-05T21:24:42.133909,21,4,0,2026-06-01T03:47:10.084149,False,retry_link;reminder;discount_offer;escalate_to_human;no_action,reminder,False,0.0,,1
TXN000323,CUST00617,400,10134.26,0.5,379.33,0,86,549.66,checkout_abandoned,insufficient_funds,2026-06-05T21:29:20.966528,21,4,0,,False,retry_link;reminder;discount_offer;escalate_to_human;no_action,discount_offer,True,549.66,25.08,0
TXN000324,CUST00695,380,1924.89,0.5,1060.78,0,64,1165.04,payment_failed,otp_timeout,2026-06-05T21:39:30.360362,21,4,0,,False,retry_link;reminder;discount_offer;escalate_to_human;no_action,retry_link,True,1165.04,27.75,0
TXN000325,CUST01291,1287,34714.1,0.5,143.12,0,43,159.23,payment_failed,otp_timeout,2026-06-05T22:14:59.239165,22,4,0,,False,retry_link;reminder;discount_offer;escalate_to_human;no_action,no_action,False,0.0,,0
TXN000326,CUST00310,999,18149.49,0.5,657.83,0,17,401.17,payment_failed,gateway_error,2026-06-05T22:40:38.275022,22,4,0,,False,retry_link;reminder;discount_offer;escalate_to_human;no_action,escalate_to_human,True,401.17,4.59,0
TXN000327,CUST01022,1302,8580.45,0.5,385.96,0,72,332.57,payment_failed,gateway_error,2026-06-05T22:47:29.792565,22,4,0,,False,retry_link;reminder;discount_offer;escalate_to_human;no_action,retry_link,True,332.57,15.55,0
TXN000328,CUST01327,128,8499.1,0.5,619.78,0,74,1088.15,payment_failed,insufficient_funds,2026-06-05T23:16:41.569927,23,4,0,,False,retry_link;reminder;discount_offer;escalate_to_human;no_action,escalate_to_human,True,1088.15,4.3,0
TXN000329,CUST00296,1274,5205.08,0.5,332.48,0,28,389.22,checkout_abandoned,otp_timeout,2026-06-05T23:17:53.899886,23,4,0,,False,retry_link;reminder;discount_offer;escalate_to_human;no_action,retry_link,True,389.22,0.31,0
TXN000330,CUST00342,933,2974.65,0.5,732.82,0,98,1349.59,checkout_abandoned,price_hesitation,2026-06-05T23:20:20.699121,23,4,0,,False,retry_link;reminder;discount_offer;escalate_to_human;no_action,escalate_to_human,False,0.0,,0
TXN000331,CUST00472,648,3705.9,1.0,317.99,1,2,445.59,payment_failed,price_hesitation,2026-06-05T23:30:25.998390,23,4,0,2026-06-03T02:33:06.519206,False,retry_link;reminder;discount_offer;escalate_to_human;no_action,discount_offer,True,445.59,2.06,0
TXN000332,CUST00918,382,4959.75,0.5,455.99,0,92,292.18,checkout_abandoned,insufficient_funds,2026-06-05T23:43:59.396322,23,4,0,,False,retry_link;reminder;discount_offer;escalate_to_human;no_action,reminder,False,0.0,,0
TXN000333,CUST00303,1344,9679.33,0.5,112.14,0,111,139.93,payment_failed,bank_decline,2026-06-06T00:19:56.586554,0,5,0,,False,retry_link;reminder;discount_offer;escalate_to_human;no_action,no_action,False,0.0,,0
TXN000334,CUST00707,859,13538.14,0.5,389.98,0,39,427.58,checkout_abandoned,gateway_error,2026-06-06T00:40:47.482905,0,5,0,,False,retry_link;reminder;discount_offer;escalate_to_human;no_action,retry_link,False,0.0,,0
TXN000335,CUST01243,735,3790.51,0.5,144.21,0,10,158.3,payment_failed,bank_decline,2026-06-06T01:11:35.500526,1,5,0,,False,retry_link;reminder;discount_offer;escalate_to_human;no_action,no_action,False,0.0,,0
TXN000336,CUST01495,647,4990.48,0.5,197.08,0,116,314.97,payment_failed,gateway_error,2026-06-06T01:13:01.564219,1,5,0,,False,retry_link;reminder;discount_offer;escalate_to_human;no_action,no_action,True,314.97,4.02,0
TXN000337,CUST01278,13,2741.05,0.5,287.47,0,95,211.22,payment_failed,gateway_error,2026-06-06T01:55:29.652033,1,5,0,,False,retry_link;reminder;discount_offer;escalate_to_human;no_action,reminder,True,211.22,6.66,0
TXN000338,CUST00072,694,8624.34,0.5,679.68,0,16,449.25,payment_failed,insufficient_funds,2026-06-06T02:03:06.227386,2,5,0,,False,retry_link;reminder;discount_offer;escalate_to_human;no_action,discount_offer,True,449.25,2.06,0
TXN000339,CUST01121,127,4974.52,0.5,522.42,0,10,309.1,checkout_abandoned,price_hesitation,2026-06-06T02:29:08.342613,2,5,0,,False,retry_link;reminder;discount_offer;escalate_to_human;no_action,no_action,False,0.0,,0
TXN000340,CUST00598,942,959.53,0.5,518.91,0,76,307.01,payment_failed,insufficient_funds,2026-06-06T03:00:12.155224,3,5,0,,False,retry_link;reminder;discount_offer;escalate_to_human;no_action,escalate_to_human,False,0.0,,0
TXN000341,CUST00171,135,2661.11,0.0,504.51,0,24,389.57,checkout_abandoned,insufficient_funds,2026-06-06T03:18:46.409950,3,5,0,2026-06-03T16:43:58.800980,False,retry_link;reminder;discount_offer;escalate_to_human;no_action,discount_offer,False,0.0,,1
TXN000342,CUST00423,872,2704.07,0.5,186.03,0,104,127.22,checkout_abandoned,insufficient_funds,2026-06-06T03:33:01.745548,3,5,0,,False,retry_link;reminder;discount_offer;escalate_to_human;no_action,retry_link,True,127.22,2.66,0
TXN000343,CUST00186,250,3835.39,0.5,393.25,0,7,333.35,payment_failed,insufficient_funds,2026-06-06T03:57:04.968962,3,5,0,,False,retry_link;reminder;discount_offer;escalate_to_human;no_action,discount_offer,True,333.35,10.59,0
TXN000344,CUST01494,615,1894.94,0.5,206.63,0,56,263.78,checkout_abandoned,bank_decline,2026-06-06T04:10:31.438450,4,5,0,,False,retry_link;reminder;discount_offer;escalate_to_human;no_action,no_action,False,0.0,,0
TXN000345,CUST01439,1433,2168.42,0.5,331.15,0,93,181.28,payment_failed,bank_decline,2026-06-06T05:05:09.292850,5,5,0,,False,retry_link;reminder;discount_offer;escalate_to_human;no_action,no_action,False,0.0,,0
TXN000346,CUST00318,1408,11923.26,0.5,477.55,0,37,279.4,payment_failed,insufficient_funds,2026-06-06T05:50:17.740879,5,5,0,,False,retry_link;reminder;discount_offer;escalate_to_human;no_action,reminder,False,0.0,,0
TXN000347,CUST00912,565,5770.6,0.0,340.73,0,117,343.33,payment_failed,gateway_error,2026-06-06T07:12:38.810308,7,5,0,2026-06-01T03:17:48.961603,False,retry_link;reminder;discount_offer;escalate_to_human;no_action,reminder,False,0.0,,1
TXN000348,CUST00001,1161,16997.49,0.5,208.3,0,49,443.47,payment_failed,gateway_error,2026-06-06T07:36:04.575626,7,5,0,,False,retry_link;reminder;discount_offer;escalate_to_human;no_action,discount_offer,True,443.47,1.5,0
TXN000349,CUST01097,1133,13710.3,0.0,220.96,0,79,203.53,payment_failed,price_hesitation,2026-06-06T07:53:20.796361,7,5,0,2026-06-02T12:12:55.013652,False,retry_link;reminder;discount_offer;escalate_to_human;no_action,escalate_to_human,False,0.0,,1
TXN000350,CUST01066,1388,16648.69,0.5,146.16,0,76,279.59,checkout_abandoned,bank_decline,2026-06-06T08:00:55.832710,8,5,0,,False,retry_link;reminder;discount_offer;escalate_to_human;no_action,escalate_to_human,True,279.59,6.51,0
TXN000351,CUST00909,138,16084.76,0.0,412.33,0,40,493.56,checkout_abandoned,price_hesitation,2026-06-06T08:39:06.637859,8,5,0,2026-06-03T22:36:02.699870,False,retry_link;reminder;discount_offer;escalate_to_human;no_action,escalate_to_human,False,0.0,,2
TXN000352,CUST01361,101,7523.33,0.5,1133.12,0,105,1055.21,payment_failed,price_hesitation,2026-06-06T08:47:16.375027,8,5,0,,False,retry_link;reminder;discount_offer;escalate_to_human;no_action,no_action,False,0.0,,0
TXN000353,CUST00275,723,7244.46,0.5,1244.37,0,112,1298.68,checkout_abandoned,price_hesitation,2026-06-06T09:23:02.623391,9,5,0,,False,retry_link;reminder;discount_offer;escalate_to_human;no_action,escalate_to_human,False,0.0,,0
TXN000354,CUST01036,1354,32239.2,0.5,223.97,0,21,208.74,checkout_abandoned,otp_timeout,2026-06-06T10:15:36.397113,10,5,0,,False,retry_link;reminder;discount_offer;escalate_to_human;no_action,discount_offer,True,208.74,3.68,0
TXN000355,CUST00104,1195,633.95,0.5,100.0,0,81,50.0,payment_failed,price_hesitation,2026-06-06T11:50:40.028953,11,5,0,,False,retry_link;reminder;discount_offer;escalate_to_human;no_action,reminder,False,0.0,,0
TXN000356,CUST01083,834,3131.87,0.5,593.24,0,99,740.5,payment_failed,otp_timeout,2026-06-06T12:05:11.607589,12,5,0,,False,retry_link;reminder;discount_offer;escalate_to_human;no_action,no_action,True,740.5,35.82,0
TXN000357,CUST00484,695,2402.78,0.5,374.85,0,99,190.35,payment_failed,gateway_error,2026-06-06T12:14:34.891248,12,5,0,,False,retry_link;reminder;discount_offer;escalate_to_human;no_action,escalate_to_human,True,190.35,7.3,0
TXN000358,CUST01244,1312,2191.13,0.5,443.58,0,28,337.08,payment_failed,price_hesitation,2026-06-06T13:46:25.409756,13,5,0,,False,retry_link;reminder;discount_offer;escalate_to_human;no_action,escalate_to_human,False,0.0,,0
TXN000359,CUST01475,453,637.82,0.5,205.64,0,65,182.08,payment_failed,insufficient_funds,2026-06-06T15:00:15.965992,15,5,0,,False,retry_link;reminder;discount_offer;escalate_to_human;no_action,escalate_to_human,True,182.08,25.96,0
TXN000360,CUST01166,33,1525.51,1.0,325.69,2,0,348.73,checkout_abandoned,insufficient_funds,2026-06-06T15:16:10.298192,15,5,1,2026-06-05T19:43:01.693867,False,retry_link;reminder;discount_offer;escalate_to_human;no_action,escalate_to_human,False,0.0,,0
TXN000361,CUST00072,694,8624.34,1.0,679.68,1,0,713.13,payment_failed,otp_timeout,2026-06-06T15:26:50.197264,15,5,1,2026-06-06T02:03:06.227386,False,retry_link;reminder;discount_offer;escalate_to_human;no_action,retry_link,True,713.13,1.34,0
TXN000362,CUST00382,1421,9491.78,0.5,313.34,0,16,318.33,payment_failed,gateway_error,2026-06-06T15:57:50.942608,15,5,0,,False,retry_link;reminder;discount_offer;escalate_to_human;no_action,escalate_to_human,True,318.33,12.3,0
TXN000363,CUST00292,1430,2833.25,0.5,376.05,0,96,534.07,payment_failed,otp_timeout,2026-06-06T16:17:14.041310,16,5,0,,False,retry_link;reminder;discount_offer;escalate_to_human;no_action,no_action,True,534.07,7.16,0
TXN000364,CUST00917,1176,14345.63,1.0,626.04,1,1,479.43,checkout_abandoned,insufficient_funds,2026-06-06T16:20:49.037983,16,5,0,2026-06-05T11:25:48.733489,False,retry_link;reminder;discount_offer;escalate_to_human;no_action,escalate_to_human,True,479.43,2.75,0
TXN000365,CUST01233,1125,2393.81,0.5,509.15,0,98,498.07,payment_failed,insufficient_funds,2026-06-06T16:52:36.712333,16,5,0,,False,retry_link;reminder;discount_offer;escalate_to_human;no_action,discount_offer,False,0.0,,0
TXN000366,CUST00743,406,8149.21,0.5,212.35,0,10,353.91,payment_failed,insufficient_funds,2026-06-06T16:58:07.509193,16,5,0,,False,retry_link;reminder;discount_offer;escalate_to_human;no_action,escalate_to_human,True,353.91,11.87,0
TXN000367,CUST01154,458,1523.98,0.5,328.66,0,99,274.71,payment_failed,bank_decline,2026-06-06T17:14:29.437820,17,5,0,,False,retry_link;reminder;discount_offer;escalate_to_human;no_action,no_action,False,0.0,,0
TXN000368,CUST00644,1155,3236.81,0.5,172.15,0,100,262.03,payment_failed,insufficient_funds,2026-06-06T17:17:20.931748,17,5,0,,False,retry_link;reminder;discount_offer;escalate_to_human;no_action,retry_link,False,0.0,,0
TXN000369,CUST00847,78,5873.85,0.5,428.87,0,16,228.42,payment_failed,gateway_error,2026-06-06T17:49:32.706560,17,5,0,,False,retry_link;reminder;discount_offer;escalate_to_human;no_action,retry_link,True,228.42,2.33,0
TXN000370,CUST00546,644,1959.29,0.5,110.74,0,51,65.02,payment_failed,insufficient_funds,2026-06-06T18:31:51.437194,18,5,0,,False,retry_link;reminder;discount_offer;escalate_to_human;no_action,retry_link,True,65.02,0.76,0
TXN000371,CUST00766,919,12911.38,0.5,374.77,0,49,680.51,checkout_abandoned,price_hesitation,2026-06-06T18:49:49.099753,18,5,0,,False,retry_link;reminder;discount_offer;escalate_to_human;no_action,no_action,True,680.51,10.69,0
TXN000372,CUST00007,1046,11430.6,0.0,467.58,0,73,417.68,checkout_abandoned,otp_timeout,2026-06-06T18:58:51.016171,18,5,0,2026-06-05T02:20:22.885458,False,retry_link;reminder;discount_offer;escalate_to_human;no_action,no_action,False,0.0,,1
TXN000373,CUST00995,939,5649.13,0.5,436.94,1,5,507.67,payment_failed,bank_decline,2026-06-06T18:59:14.320627,18,5,0,2026-06-01T16:39:32.216800,False,retry_link;reminder;discount_offer;escalate_to_human;no_action,reminder,True,507.67,1.73,1
TXN000374,CUST00635,1028,8207.43,0.5,849.99,0,29,924.81,payment_failed,insufficient_funds,2026-06-06T19:10:36.385489,19,5,0,,False,retry_link;reminder;discount_offer;escalate_to_human;no_action,retry_link,False,0.0,,0
TXN000375,CUST00095,433,6922.96,0.0,411.5,0,47,379.78,payment_failed,insufficient_funds,2026-06-06T19:41:25.383352,19,5,0,2026-06-05T05:05:20.853067,False,retry_link;reminder;discount_offer;escalate_to_human;no_action,discount_offer,False,0.0,,1
TXN000376,CUST00056,820,1476.13,0.5,153.42,0,45,105.13,payment_failed,price_hesitation,2026-06-06T19:48:35.285206,19,5,0,,False,retry_link;reminder;discount_offer;escalate_to_human;no_action,discount_offer,True,105.13,6.2,0
TXN000377,CUST00162,614,1447.78,0.5,131.67,0,74,211.4,payment_failed,bank_decline,2026-06-06T20:08:56.132688,20,5,0,,False,retry_link;reminder;discount_offer;escalate_to_human;no_action,no_action,False,0.0,,0
TXN000378,CUST01187,898,5779.4,0.5,900.25,0,63,688.56,payment_failed,price_hesitation,2026-06-06T20:22:49.235262,20,5,0,,False,retry_link;reminder;discount_offer;escalate_to_human;no_action,discount_offer,False,0.0,,0
TXN000379,CUST00553,477,7408.31,0.5,299.39,0,10,475.41,payment_failed,otp_timeout,2026-06-06T20:29:23.462324,20,5,0,,False,retry_link;reminder;discount_offer;escalate_to_human;no_action,discount_offer,False,0.0,,0
TXN000380,CUST01046,359,1288.98,0.5,100.0,0,77,71.51,payment_failed,otp_timeout,2026-06-06T21:03:00.504969,21,5,0,,False,retry_link;reminder;discount_offer;escalate_to_human;no_action,no_action,False,0.0,,0
TXN000381,CUST00708,714,10098.33,1.0,146.9,1,5,151.71,checkout_abandoned,insufficient_funds,2026-06-06T21:04:08.594155,21,5,0,2026-06-01T10:57:54.626690,False,retry_link;reminder;discount_offer;escalate_to_human;no_action,retry_link,True,151.71,5.22,0
TXN000382,CUST01182,1036,9539.83,0.5,215.33,0,58,187.46,payment_failed,otp_timeout,2026-06-06T22:42:07.094500,22,5,0,,False,retry_link;reminder;discount_offer;escalate_to_human;no_action,no_action,False,0.0,,0
TXN000383,CUST00801,453,238.74,0.5,813.01,0,74,696.69,payment_failed,otp_timeout,2026-06-06T23:06:11.982483,23,5,0,,False,retry_link;reminder;discount_offer;escalate_to_human;no_action,discount_offer,True,696.69,14.94,0
TXN000384,CUST00902,329,11362.12,0.5,498.99,0,15,238.54,payment_failed,otp_timeout,2026-06-07T00:19:00.675675,0,6,0,,False,retry_link;reminder;discount_offer;escalate_to_human;no_action,reminder,True,238.54,10.71,0
TXN000385,CUST00569,857,12168.67,0.5,252.22,0,87,343.36,checkout_abandoned,insufficient_funds,2026-06-07T01:19:03.520914,1,6,0,,False,retry_link;reminder;discount_offer;escalate_to_human;no_action,retry_link,True,343.36,0.3,0
TXN000386,CUST01479,625,2008.76,0.5,158.21,0,19,191.7,payment_failed,price_hesitation,2026-06-07T01:38:41.101484,1,6,0,,False,retry_link;reminder;discount_offer;escalate_to_human;no_action,escalate_to_human,False,0.0,,0
TXN000387,CUST00544,1246,4654.01,0.0,238.6,0,77,321.09,payment_failed,price_hesitation,2026-06-07T01:44:12.564650,1,6,0,,False,retry_link;reminder;discount_offer;escalate_to_human;no_action,discount_offer,False,0.0,,1
TXN000388,CUST00758,192,3197.92,0.5,229.05,0,58,95.83,payment_failed,price_hesitation,2026-06-07T02:04:31.549168,2,6,0,,False,retry_link;reminder;discount_offer;escalate_to_human;no_action,no_action,True,95.83,7.31,0
TXN000389,CUST01013,472,1006.09,0.0,556.61,0,13,393.71,payment_failed,otp_timeout,2026-06-07T02:30:57.656298,2,6,0,2026-06-05T20:47:06.976659,False,retry_link;reminder;discount_offer;escalate_to_human;no_action,no_action,False,0.0,,1
TXN000390,CUST00618,92,96937.34,1.0,677.09,1,4,636.35,payment_failed,gateway_error,2026-06-07T02:35:24.904709,2,6,0,2026-06-03T01:29:48.597410,False,retry_link;reminder;discount_offer;escalate_to_human;no_action,retry_link,True,636.35,11.12,0
TXN000391,CUST01268,1429,2024.52,0.5,348.52,0,35,373.27,checkout_abandoned,insufficient_funds,2026-06-07T03:44:05.078616,3,6,0,,False,retry_link;reminder;discount_offer;escalate_to_human;no_action,no_action,False,0.0,,0
TXN000392,CUST01446,1407,108435.87,0.0,332.2,0,83,607.59,payment_failed,bank_decline,2026-06-07T04:19:44.817423,4,6,0,2026-06-05T14:41:56.084389,False,retry_link;reminder;discount_offer;escalate_to_human;no_action,no_action,False,0.0,,2
TXN000393,CUST00188,358,5307.69,0.5,100.0,0,109,67.59,payment_failed,insufficient_funds,2026-06-07T04:22:01.529608,4,6,0,,False,retry_link;reminder;discount_offer;escalate_to_human;no_action,discount_offer,False,0.0,,0
TXN000394,CUST00261,256,912.52,0.5,194.66,0,17,267.11,payment_failed,price_hesitation,2026-06-07T04:26:51.284825,4,6,0,,False,retry_link;reminder;discount_offer;escalate_to_human;no_action,reminder,True,267.11,4.68,0
TXN000395,CUST00088,1151,3459.86,0.5,716.67,0,90,709.37,checkout_abandoned,price_hesitation,2026-06-07T04:33:27.322359,4,6,0,,False,retry_link;reminder;discount_offer;escalate_to_human;no_action,escalate_to_human,True,709.37,5.86,0
TXN000396,CUST01261,1387,2653.16,0.5,563.18,0,5,789.63,payment_failed,price_hesitation,2026-06-07T04:49:47.375133,4,6,0,,False,retry_link;reminder;discount_offer;escalate_to_human;no_action,reminder,True,789.63,2.24,0
TXN000397,CUST00173,1083,5127.84,0.5,397.53,0,15,276.37,checkout_abandoned,insufficient_funds,2026-06-07T04:52:53.241057,4,6,0,,False,retry_link;reminder;discount_offer;escalate_to_human;no_action,retry_link,True,276.37,4.55,0
TXN000398,CUST01470,1346,10923.9,0.5,508.27,0,31,606.34,checkout_abandoned,otp_timeout,2026-06-07T04:59:34.963158,4,6,0,,False,retry_link;reminder;discount_offer;escalate_to_human;no_action,escalate_to_human,False,0.0,,0
TXN000399,CUST00830,369,876.76,0.5,600.35,0,16,678.99,checkout_abandoned,price_hesitation,2026-06-07T05:16:16.792538,5,6,0,,False,retry_link;reminder;discount_offer;escalate_to_human;no_action,reminder,False,0.0,,0
TXN000400,CUST00096,360,3158.36,0.5,277.84,0,102,337.75,payment_failed,otp_timeout,2026-06-07T05:21:05.793409,5,6,0,,False,retry_link;reminder;discount_offer;escalate_to_human;no_action,no_action,False,0.0,,0
TXN000401,CUST01171,946,2076.63,0.0,117.22,0,53,73.99,checkout_abandoned,insufficient_funds,2026-06-07T05:32:46.804771,5,6,0,2026-06-05T13:11:07.521378,False,retry_link;reminder;discount_offer;escalate_to_human;no_action,no_action,False,0.0,,1
TXN000402,CUST01460,1185,50678.54,1.0,225.89,1,2,326.31,checkout_abandoned,insufficient_funds,2026-06-07T05:38:21.398680,5,6,0,2026-06-04T07:43:48.149185,False,retry_link;reminder;discount_offer;escalate_to_human;no_action,escalate_to_human,False,0.0,,0
TXN000403,CUST01421,1492,3410.5,0.5,896.83,0,47,1775.95,payment_failed,bank_decline,2026-06-07T05:53:26.447789,5,6,0,,False,retry_link;reminder;discount_offer;escalate_to_human;no_action,reminder,False,0.0,,0
TXN000404,CUST01421,1492,3410.5,0.0,896.83,0,47,793.04,checkout_abandoned,otp_timeout,2026-06-07T05:55:38.252815,5,6,1,2026-06-07T05:53:26.447789,False,retry_link;reminder;discount_offer;escalate_to_human;no_action,escalate_to_human,False,0.0,,1
TXN000405,CUST01088,976,5134.12,0.5,180.3,0,73,365.62,payment_failed,bank_decline,2026-06-07T06:08:47.699993,6,6,0,,False,retry_link;reminder;discount_offer;escalate_to_human;no_action,no_action,False,0.0,,0
TXN000406,CUST01405,234,6078.42,0.5,1111.28,0,60,1109.24,checkout_abandoned,gateway_error,2026-06-07T06:14:08.249256,6,6,0,,False,retry_link;reminder;discount_offer;escalate_to_human;no_action,reminder,True,1109.24,2.87,0
TXN000407,CUST00655,799,7339.22,0.5,100.0,0,67,115.86,payment_failed,insufficient_funds,2026-06-07T06:50:34.508391,6,6,0,,False,retry_link;reminder;discount_offer;escalate_to_human;no_action,no_action,False,0.0,,0
TXN000408,CUST00467,894,7345.92,0.0,286.04,0,21,339.45,payment_failed,otp_timeout,2026-06-07T06:54:33.867833,6,6,0,2026-06-05T10:35:18.163240,False,retry_link;reminder;discount_offer;escalate_to_human;no_action,retry_link,False,0.0,,1
TXN000409,CUST00238,463,4904.4,0.5,109.35,0,34,116.75,payment_failed,price_hesitation,2026-06-07T07:36:38.177842,7,6,0,,False,retry_link;reminder;discount_offer;escalate_to_human;no_action,retry_link,True,116.75,6.78,0
TXN000410,CUST00504,411,1824.41,0.5,232.47,0,107,500.63,checkout_abandoned,price_hesitation,2026-06-07T08:00:49.887516,8,6,0,,False,retry_link;reminder;discount_offer;escalate_to_human;no_action,reminder,False,0.0,,0
TXN000411,CUST00295,781,1598.55,0.5,232.31,0,94,162.32,checkout_abandoned,gateway_error,2026-06-07T08:02:53.069558,8,6,0,,False,retry_link;reminder;discount_offer;escalate_to_human;no_action,reminder,True,162.32,4.17,0
TXN000412,CUST00201,1362,1893.71,0.5,279.1,0,112,390.96,payment_failed,otp_timeout,2026-06-07T08:06:45.668621,8,6,0,,False,retry_link;reminder;discount_offer;escalate_to_human;no_action,escalate_to_human,False,0.0,,0
TXN000413,CUST00066,1358,5159.7,0.0,501.95,0,37,383.27,payment_failed,insufficient_funds,2026-06-07T08:18:19.931814,8,6,0,2026-06-04T02:16:08.653694,False,retry_link;reminder;discount_offer;escalate_to_human;no_action,escalate_to_human,False,0.0,,1
TXN000414,CUST00095,433,6922.96,0.0,411.5,0,48,498.89,payment_failed,gateway_error,2026-06-07T08:22:29.552029,8,6,1,2026-06-06T19:41:25.383352,False,retry_link;reminder;discount_offer;escalate_to_human;no_action,reminder,True,498.89,11.22,2
TXN000415,CUST00589,1265,3353.38,0.5,144.66,0,80,117.47,payment_failed,price_hesitation,2026-06-07T08:59:54.346399,8,6,0,,False,retry_link;reminder;discount_offer;escalate_to_human;no_action,retry_link,False,0.0,,0
TXN000416,CUST00967,476,6455.85,0.5,214.02,0,38,150.7,checkout_abandoned,price_hesitation,2026-06-07T09:27:28.357469,9,6,0,,False,retry_link;reminder;discount_offer;escalate_to_human;no_action,no_action,False,0.0,,0
TXN000417,CUST01024,1233,10284.06,0.5,441.9,0,30,359.47,checkout_abandoned,otp_timeout,2026-06-07T09:47:30.282035,9,6,0,,False,retry_link;reminder;discount_offer;escalate_to_human;no_action,escalate_to_human,False,0.0,,0
TXN000418,CUST00990,514,2593.97,0.5,338.57,0,62,336.71,checkout_abandoned,bank_decline,2026-06-07T10:20:54.866348,10,6,0,,False,retry_link;reminder;discount_offer;escalate_to_human;no_action,no_action,False,0.0,,0
TXN000419,CUST01197,1472,15182.26,1.0,582.1,1,5,566.94,payment_failed,otp_timeout,2026-06-07T10:47:03.931253,10,6,0,2026-06-01T22:25:41.547983,False,retry_link;reminder;discount_offer;escalate_to_human;no_action,no_action,False,0.0,,0
TXN000420,CUST00327,57,8927.16,0.5,1110.3,0,114,1155.16,payment_failed,insufficient_funds,2026-06-07T10:50:05.677639,10,6,0,,False,retry_link;reminder;discount_offer;escalate_to_human;no_action,no_action,False,0.0,,0
TXN000421,CUST00059,1024,1172.72,0.5,100.44,0,71,95.04,payment_failed,insufficient_funds,2026-06-07T11:00:31.125519,11,6,0,,False,retry_link;reminder;discount_offer;escalate_to_human;no_action,reminder,False,0.0,,0
TXN000422,CUST01441,769,1740.02,0.5,420.51,0,72,504.88,payment_failed,price_hesitation,2026-06-07T11:03:14.213566,11,6,0,,False,retry_link;reminder;discount_offer;escalate_to_human;no_action,reminder,False,0.0,,0
TXN000423,CUST01335,1498,9334.0,0.5,283.83,0,26,272.47,payment_failed,otp_timeout,2026-06-07T11:09:34.705930,11,6,0,,False,retry_link;reminder;discount_offer;escalate_to_human;no_action,escalate_to_human,True,272.47,7.13,0
TXN000424,CUST00553,477,7408.31,0.0,299.39,0,10,407.35,payment_failed,insufficient_funds,2026-06-07T11:19:54.028218,11,6,1,2026-06-06T20:29:23.462324,False,retry_link;reminder;discount_offer;escalate_to_human;no_action,escalate_to_human,True,407.35,6.05,1
TXN000425,CUST01303,1343,4551.54,0.5,127.57,1,1,101.39,payment_failed,insufficient_funds,2026-06-07T11:27:40.933414,11,6,0,2026-06-05T15:09:11.018278,False,retry_link;reminder;discount_offer;escalate_to_human;no_action,reminder,False,0.0,,1
TXN000426,CUST01089,213,14140.63,0.5,253.07,0,70,174.62,checkout_abandoned,gateway_error,2026-06-07T11:28:47.971295,11,6,0,,False,retry_link;reminder;discount_offer;escalate_to_human;no_action,escalate_to_human,True,174.62,13.02,0
TXN000427,CUST00459,159,7779.28,0.5,433.72,0,22,391.85,payment_failed,insufficient_funds,2026-06-07T11:30:36.306341,11,6,0,,False,retry_link;reminder;discount_offer;escalate_to_human;no_action,retry_link,False,0.0,,0
TXN000428,CUST01418,1291,6981.4,1.0,380.85,1,5,219.73,checkout_abandoned,otp_timeout,2026-06-07T11:57:14.793362,11,6,0,2026-06-02T03:53:29.238304,False,retry_link;reminder;discount_offer;escalate_to_human;no_action,reminder,True,219.73,7.28,0
TXN000429,CUST01097,1133,13710.3,0.0,220.96,0,81,275.78,payment_failed,otp_timeout,2026-06-07T13:16:11.413344,13,6,0,2026-06-06T07:53:20.796361,False,retry_link;reminder;discount_offer;escalate_to_human;no_action,no_action,False,0.0,,2
TXN000430,CUST01223,981,446.57,0.5,264.0,0,17,139.56,payment_failed,otp_timeout,2026-06-07T13:16:48.658980,13,6,0,,False,retry_link;reminder;discount_offer;escalate_to_human;no_action,escalate_to_human,True,139.56,8.27,0
TXN000431,CUST01353,1373,3685.94,0.5,316.26,0,93,260.02,payment_failed,price_hesitation,2026-06-07T13:20:41.442446,13,6,0,,False,retry_link;reminder;discount_offer;escalate_to_human;no_action,reminder,False,0.0,,0
TXN000432,CUST00775,1426,1459.15,0.0,208.54,0,106,358.13,payment_failed,bank_decline,2026-06-07T13:37:05.749182,13,6,0,2026-06-03T04:41:00.442059,False,retry_link;reminder;discount_offer;escalate_to_human;no_action,reminder,False,0.0,,1
TXN000433,CUST00748,470,1022.65,0.5,1117.49,0,11,1279.98,checkout_abandoned,otp_timeout,2026-06-07T13:44:04.230845,13,6,0,,False,retry_link;reminder;discount_offer;escalate_to_human;no_action,reminder,True,1279.98,11.51,0
TXN000434,CUST00547,887,10181.11,0.5,945.38,0,109,506.92,payment_failed,insufficient_funds,2026-06-07T14:57:48.155694,14,6,0,,False,retry_link;reminder;discount_offer;escalate_to_human;no_action,reminder,True,506.92,13.91,0
TXN000435,CUST00032,139,1609.09,0.5,495.26,0,79,779.71,payment_failed,insufficient_funds,2026-06-07T15:09:27.765945,15,6,0,,False,retry_link;reminder;discount_offer;escalate_to_human;no_action,no_action,False,0.0,,0
TXN000436,CUST00330,820,1253.97,0.5,120.61,0,85,111.35,checkout_abandoned,price_hesitation,2026-06-07T15:26:11.744839,15,6,0,,False,retry_link;reminder;discount_offer;escalate_to_human;no_action,discount_offer,True,111.35,41.97,0
TXN000437,CUST00419,759,4935.34,0.5,232.5,0,66,297.07,payment_failed,insufficient_funds,2026-06-07T16:03:43.668281,16,6,0,,False,retry_link;reminder;discount_offer;escalate_to_human;no_action,no_action,False,0.0,,0
TXN000438,CUST01460,1185,50678.54,0.5,225.89,1,3,212.58,payment_failed,insufficient_funds,2026-06-07T16:22:35.607741,16,6,1,2026-06-07T05:38:21.398680,False,retry_link;reminder;discount_offer;escalate_to_human;no_action,escalate_to_human,True,212.58,3.52,1
TXN000439,CUST00171,135,2661.11,0.0,504.51,0,25,656.45,payment_failed,insufficient_funds,2026-06-07T16:29:19.918058,16,6,0,2026-06-06T03:18:46.409950,False,retry_link;reminder;discount_offer;escalate_to_human;no_action,retry_link,False,0.0,,2
TXN000440,CUST00330,820,1253.97,1.0,120.61,1,0,129.63,checkout_abandoned,price_hesitation,2026-06-07T16:33:54.170572,16,6,1,2026-06-07T15:26:11.744839,False,retry_link;reminder;discount_offer;escalate_to_human;no_action,retry_link,True,129.63,1.08,0
TXN000441,CUST00731,628,8611.8,0.5,519.53,0,102,396.15,payment_failed,insufficient_funds,2026-06-07T18:02:33.333868,18,6,0,,False,retry_link;reminder;discount_offer;escalate_to_human;no_action,no_action,True,396.15,7.85,0
TXN000442,CUST00932,386,8865.54,0.5,424.58,0,27,449.54,payment_failed,price_hesitation,2026-06-07T18:13:06.061137,18,6,0,,False,retry_link;reminder;discount_offer;escalate_to_human;no_action,reminder,True,449.54,0.68,0
TXN000443,CUST00635,1028,8207.43,0.0,849.99,0,29,976.65,payment_failed,otp_timeout,2026-06-07T18:48:19.601877,18,6,1,2026-06-06T19:10:36.385489,False,retry_link;reminder;discount_offer;escalate_to_human;no_action,reminder,False,0.0,,1
TXN000444,CUST01321,412,10158.25,0.0,407.97,0,33,649.46,payment_failed,bank_decline,2026-06-07T18:56:53.754930,18,6,0,2026-06-03T06:47:26.185701,False,retry_link;reminder;discount_offer;escalate_to_human;no_action,no_action,False,0.0,,1
TXN000445,CUST00400,1497,8065.48,0.5,219.04,0,60,133.83,checkout_abandoned,insufficient_funds,2026-06-07T20:48:02.815834,20,6,0,,False,retry_link;reminder;discount_offer;escalate_to_human;no_action,escalate_to_human,False,0.0,,0
TXN000446,CUST01441,769,1740.02,0.0,420.51,0,72,391.74,checkout_abandoned,insufficient_funds,2026-06-07T21:01:51.638562,21,6,1,2026-06-07T11:03:14.213566,False,retry_link;reminder;discount_offer;escalate_to_human;no_action,reminder,False,0.0,,1
TXN000447,CUST00097,1024,6428.62,0.5,421.15,0,8,396.07,checkout_abandoned,otp_timeout,2026-06-07T21:39:53.706880,21,6,0,,False,retry_link;reminder;discount_offer;escalate_to_human;no_action,escalate_to_human,False,0.0,,0
TXN000448,CUST00146,53,1122.83,0.5,646.54,0,48,743.82,checkout_abandoned,bank_decline,2026-06-07T22:00:40.422350,22,6,0,,False,retry_link;reminder;discount_offer;escalate_to_human;no_action,escalate_to_human,True,743.82,6.01,0
TXN000449,CUST00799,664,585.24,0.5,100.0,0,12,128.31,payment_failed,price_hesitation,2026-06-07T22:39:18.893838,22,6,0,,False,retry_link;reminder;discount_offer;escalate_to_human;no_action,escalate_to_human,False,0.0,,0
TXN000450,CUST00082,241,7180.08,0.0,100.0,0,27,191.1,checkout_abandoned,bank_decline,2026-06-07T22:43:56.828606,22,6,0,2026-06-04T23:44:34.235618,False,retry_link;reminder;discount_offer;escalate_to_human;no_action,reminder,False,0.0,,1
TXN000451,CUST01203,1142,17015.67,0.5,183.63,0,23,128.3,payment_failed,insufficient_funds,2026-06-07T22:52:12.302583,22,6,0,,False,retry_link;reminder;discount_offer;escalate_to_human;no_action,escalate_to_human,False,0.0,,0
TXN000452,CUST00039,947,7996.83,0.0,459.69,0,95,692.58,payment_failed,insufficient_funds,2026-06-07T23:30:44.073875,23,6,0,2026-06-02T22:27:57.998874,False,retry_link;reminder;discount_offer;escalate_to_human;no_action,escalate_to_human,False,0.0,,1
TXN000453,CUST00760,264,8062.48,0.5,312.99,0,50,295.55,checkout_abandoned,gateway_error,2026-06-07T23:33:41.589007,23,6,0,,False,retry_link;reminder;discount_offer;escalate_to_human;no_action,discount_offer,True,295.55,6.15,0
TXN000454,CUST00974,222,1243.93,0.0,308.13,0,80,315.08,payment_failed,insufficient_funds,2026-06-07T23:45:32.529979,23,6,0,2026-06-04T14:18:37.433896,False,retry_link;reminder;discount_offer;escalate_to_human;no_action,retry_link,True,315.08,1.62,1
TXN000455,CUST00406,651,34491.75,0.5,743.85,0,90,714.34,payment_failed,price_hesitation,2026-06-08T00:53:48.842737,0,0,0,,False,retry_link;reminder;discount_offer;escalate_to_human;no_action,retry_link,False,0.0,,0
TXN000456,CUST00324,1462,2124.82,0.5,321.39,0,78,285.13,payment_failed,bank_decline,2026-06-08T00:54:40.277364,0,0,0,,False,retry_link;reminder;discount_offer;escalate_to_human;no_action,no_action,False,0.0,,0
TXN000457,CUST01310,786,20724.49,0.5,842.79,0,26,538.75,checkout_abandoned,insufficient_funds,2026-06-08T01:52:10.533595,1,0,0,,False,retry_link;reminder;discount_offer;escalate_to_human;no_action,retry_link,True,538.75,0.61,0
TXN000458,CUST00906,617,372.89,0.5,321.95,0,10,267.3,payment_failed,price_hesitation,2026-06-08T01:53:12.877416,1,0,0,,False,retry_link;reminder;discount_offer;escalate_to_human;no_action,escalate_to_human,False,0.0,,0
TXN000459,CUST00359,1123,23833.09,0.0,752.5,0,27,408.62,checkout_abandoned,insufficient_funds,2026-06-08T02:08:59.544863,2,0,0,2026-06-04T05:46:01.289504,False,retry_link;reminder;discount_offer;escalate_to_human;no_action,reminder,False,0.0,,1
TXN000460,CUST01067,961,853.02,0.5,628.89,0,110,1008.06,checkout_abandoned,price_hesitation,2026-06-08T02:13:27.212506,2,0,0,,False,retry_link;reminder;discount_offer;escalate_to_human;no_action,no_action,False,0.0,,0
TXN000461,CUST00646,691,1422.7,1.0,448.58,1,5,634.06,payment_failed,price_hesitation,2026-06-08T02:16:05.130335,2,0,0,2026-06-02T12:41:43.542448,False,retry_link;reminder;discount_offer;escalate_to_human;no_action,discount_offer,True,634.06,3.65,0
TXN000462,CUST00916,814,705.04,0.5,705.89,0,105,940.41,checkout_abandoned,bank_decline,2026-06-08T02:21:59.964037,2,0,0,,False,retry_link;reminder;discount_offer;escalate_to_human;no_action,retry_link,False,0.0,,0
TXN000463,CUST01495,647,4990.48,1.0,197.08,1,2,129.75,payment_failed,insufficient_funds,2026-06-08T02:37:12.238731,2,0,0,,False,retry_link;reminder;discount_offer;escalate_to_human;no_action,discount_offer,True,129.75,5.79,0
TXN000464,CUST00158,758,4386.28,0.5,338.86,0,43,379.63,checkout_abandoned,price_hesitation,2026-06-08T02:50:11.105508,2,0,0,,False,retry_link;reminder;discount_offer;escalate_to_human;no_action,discount_offer,True,379.63,4.68,0
TXN000465,CUST00200,550,3464.43,0.5,108.12,0,21,116.24,payment_failed,gateway_error,2026-06-08T03:05:45.129425,3,0,0,,False,retry_link;reminder;discount_offer;escalate_to_human;no_action,retry_link,True,116.24,11.13,0
TXN000466,CUST00365,778,3136.41,0.5,599.81,0,38,375.68,checkout_abandoned,bank_decline,2026-06-08T03:30:01.066414,3,0,0,,False,retry_link;reminder;discount_offer;escalate_to_human;no_action,retry_link,False,0.0,,0
TXN000467,CUST00604,1239,6321.09,0.5,332.12,0,59,246.31,payment_failed,bank_decline,2026-06-08T03:36:24.199763,3,0,0,,False,retry_link;reminder;discount_offer;escalate_to_human;no_action,retry_link,False,0.0,,0
TXN000468,CUST00367,474,899.66,0.5,769.77,0,26,506.8,payment_failed,insufficient_funds,2026-06-08T03:49:25.296788,3,0,0,,False,retry_link;reminder;discount_offer;escalate_to_human;no_action,discount_offer,False,0.0,,0
TXN000469,CUST00685,1201,10552.71,0.5,338.56,0,51,301.85,payment_failed,otp_timeout,2026-06-08T04:40:31.743911,4,0,0,,False,retry_link;reminder;discount_offer;escalate_to_human;no_action,reminder,False,0.0,,0
TXN000470,CUST01277,1160,4443.98,0.5,631.18,0,98,826.26,checkout_abandoned,gateway_error,2026-06-08T04:44:09.992720,4,0,0,,False,retry_link;reminder;discount_offer;escalate_to_human;no_action,escalate_to_human,True,826.26,3.57,0
TXN000471,CUST00359,1123,23833.09,0.0,752.5,0,27,913.12,checkout_abandoned,insufficient_funds,2026-06-08T04:45:10.984623,4,0,1,2026-06-08T02:08:59.544863,False,retry_link;reminder;discount_offer;escalate_to_human;no_action,discount_offer,False,0.0,,2
TXN000472,CUST00521,220,1633.66,0.5,487.14,0,71,507.21,checkout_abandoned,price_hesitation,2026-06-08T04:59:51.319857,4,0,0,,False,retry_link;reminder;discount_offer;escalate_to_human;no_action,no_action,True,507.21,2.83,0
TXN000473,CUST00219,1354,12740.81,0.5,305.56,0,114,349.15,payment_failed,gateway_error,2026-06-08T05:23:33.401999,5,0,0,,False,retry_link;reminder;discount_offer;escalate_to_human;no_action,reminder,True,349.15,3.29,0
TXN000474,CUST00749,237,703.18,0.5,323.93,0,68,202.34,checkout_abandoned,insufficient_funds,2026-06-08T05:25:25.772258,5,0,0,,False,retry_link;reminder;discount_offer;escalate_to_human;no_action,no_action,False,0.0,,0
TXN000475,CUST01042,623,2457.52,0.5,402.75,0,99,344.19,payment_failed,bank_decline,2026-06-08T06:00:06.701110,6,0,0,,False,retry_link;reminder;discount_offer;escalate_to_human;no_action,discount_offer,True,344.19,2.48,0
TXN000476,CUST01398,38,6226.74,0.5,407.04,0,43,497.68,payment_failed,bank_decline,2026-06-08T06:35:58.737476,6,0,0,,False,retry_link;reminder;discount_offer;escalate_to_human;no_action,retry_link,False,0.0,,0
TXN000477,CUST01477,591,4991.44,0.5,299.05,0,20,272.99,payment_failed,otp_timeout,2026-06-08T07:39:29.541473,7,0,0,,False,retry_link;reminder;discount_offer;escalate_to_human;no_action,retry_link,False,0.0,,0
TXN000478,CUST00334,690,1080.26,0.5,417.14,0,35,701.37,payment_failed,price_hesitation,2026-06-08T08:36:20.522155,8,0,0,,False,retry_link;reminder;discount_offer;escalate_to_human;no_action,escalate_to_human,True,701.37,0.02,0
TXN000479,CUST01274,1144,5413.52,0.5,784.06,0,85,973.86,payment_failed,insufficient_funds,2026-06-08T09:08:29.898212,9,0,0,,False,retry_link;reminder;discount_offer;escalate_to_human;no_action,escalate_to_human,True,973.86,5.89,0
TXN000480,CUST01054,115,16838.96,0.5,104.58,0,64,117.02,payment_failed,bank_decline,2026-06-08T09:10:56.187995,9,0,0,,False,retry_link;reminder;discount_offer;escalate_to_human;no_action,discount_offer,False,0.0,,0
TXN000481,CUST00514,1438,7042.45,0.5,325.26,0,74,246.68,checkout_abandoned,gateway_error,2026-06-08T09:45:25.162101,9,0,0,,False,retry_link;reminder;discount_offer;escalate_to_human;no_action,no_action,True,246.68,2.16,0
TXN000482,CUST01066,1388,16648.69,1.0,146.16,1,2,66.85,payment_failed,insufficient_funds,2026-06-08T10:16:08.333015,10,0,0,2026-06-06T08:00:55.832710,False,retry_link;reminder;discount_offer;escalate_to_human;no_action,discount_offer,False,0.0,,0
TXN000483,CUST00807,166,4074.78,0.5,146.21,0,17,200.87,payment_failed,price_hesitation,2026-06-08T10:17:58.176437,10,0,0,,False,retry_link;reminder;discount_offer;escalate_to_human;no_action,no_action,False,0.0,,0
TXN000484,CUST00829,44,7593.59,0.5,775.99,0,14,846.51,payment_failed,bank_decline,2026-06-08T10:27:42.174131,10,0,0,,False,retry_link;reminder;discount_offer;escalate_to_human;no_action,discount_offer,True,846.51,2.35,0
TXN000485,CUST00980,884,1421.19,0.5,234.11,0,51,155.13,payment_failed,price_hesitation,2026-06-08T11:02:05.206247,11,0,0,,False,retry_link;reminder;discount_offer;escalate_to_human;no_action,discount_offer,True,155.13,6.83,0
TXN000486,CUST01387,488,1553.06,0.5,797.0,0,12,582.3,payment_failed,insufficient_funds,2026-06-08T11:50:15.997054,11,0,0,,False,retry_link;reminder;discount_offer;escalate_to_human;no_action,escalate_to_human,False,0.0,,0
TXN000487,CUST00994,794,1613.32,0.0,608.01,0,110,835.37,payment_failed,gateway_error,2026-06-08T12:43:31.175773,12,0,0,2026-06-02T07:23:13.260154,False,retry_link;reminder;discount_offer;escalate_to_human;no_action,escalate_to_human,True,835.37,6.74,1
TXN000488,CUST01334,800,7354.71,0.5,576.0,0,94,364.72,checkout_abandoned,otp_timeout,2026-06-08T13:07:56.466155,13,0,0,,False,retry_link;reminder;discount_offer;escalate_to_human;no_action,retry_link,True,364.72,1.63,0
TXN000489,CUST01004,193,16985.07,0.5,384.93,0,103,467.16,payment_failed,gateway_error,2026-06-08T13:14:34.592254,13,0,0,,False,retry_link;reminder;discount_offer;escalate_to_human;no_action,discount_offer,True,467.16,9.06,0
TXN000490,CUST00204,686,4093.79,0.5,350.92,0,78,314.78,payment_failed,gateway_error,2026-06-08T13:30:41.518910,13,0,0,,False,retry_link;reminder;discount_offer;escalate_to_human;no_action,no_action,False,0.0,,0
TXN000491,CUST00826,1021,693.11,0.0,441.94,0,114,952.27,payment_failed,otp_timeout,2026-06-08T13:42:29.656269,13,0,0,2026-06-04T18:16:33.891825,False,retry_link;reminder;discount_offer;escalate_to_human;no_action,escalate_to_human,False,0.0,,1
TXN000492,CUST01468,1166,44892.17,0.5,1597.01,0,62,987.57,payment_failed,insufficient_funds,2026-06-08T13:45:52.597026,13,0,0,,False,retry_link;reminder;discount_offer;escalate_to_human;no_action,no_action,False,0.0,,0
TXN000493,CUST00969,55,12840.54,0.5,145.88,0,101,118.96,payment_failed,insufficient_funds,2026-06-08T14:09:06.808873,14,0,0,,False,retry_link;reminder;discount_offer;escalate_to_human;no_action,escalate_to_human,True,118.96,2.98,0
TXN000494,CUST00991,824,402.1,0.5,318.33,0,101,444.74,payment_failed,insufficient_funds,2026-06-08T14:16:40.907264,14,0,0,,False,retry_link;reminder;discount_offer;escalate_to_human;no_action,discount_offer,True,444.74,4.04,0
TXN000495,CUST00243,975,4355.96,0.5,161.85,0,7,162.59,payment_failed,price_hesitation,2026-06-08T14:23:32.458675,14,0,0,,False,retry_link;reminder;discount_offer;escalate_to_human;no_action,no_action,False,0.0,,0
TXN000496,CUST00518,713,9701.25,0.5,1443.67,0,9,1423.31,checkout_abandoned,insufficient_funds,2026-06-08T14:26:49.843645,14,0,0,,False,retry_link;reminder;discount_offer;escalate_to_human;no_action,no_action,False,0.0,,0
TXN000497,CUST01450,441,1927.73,0.5,442.63,0,41,220.06,checkout_abandoned,otp_timeout,2026-06-08T14:33:13.338240,14,0,0,,False,retry_link;reminder;discount_offer;escalate_to_human;no_action,reminder,True,220.06,1.95,0
TXN000498,CUST00578,1340,1375.8,0.5,465.92,0,12,568.17,payment_failed,gateway_error,2026-06-08T14:42:29.372182,14,0,0,,False,retry_link;reminder;discount_offer;escalate_to_human;no_action,discount_offer,True,568.17,25.71,0
TXN000499,CUST00627,551,2196.2,0.0,227.58,0,88,103.99,checkout_abandoned,insufficient_funds,2026-06-08T15:01:59.216960,15,0,0,2026-06-03T21:57:01.808910,False,retry_link;reminder;discount_offer;escalate_to_human;no_action,discount_offer,False,0.0,,1
TXN000500,CUST00125,848,7346.81,0.5,184.59,0,35,246.11,payment_failed,insufficient_funds,2026-06-08T15:39:39.436824,15,0,0,,False,retry_link;reminder;discount_offer;escalate_to_human;no_action,escalate_to_human,False,0.0,,0
TXN000501,CUST01478,346,3879.01,0.5,174.65,0,71,265.16,payment_failed,price_hesitation,2026-06-08T15:41:11.201379,15,0,0,,False,retry_link;reminder;discount_offer;escalate_to_human;no_action,escalate_to_human,False,0.0,,0
TXN000502,CUST00383,362,8704.77,0.5,373.46,0,30,303.89,checkout_abandoned,otp_timeout,2026-06-08T16:35:40.587529,16,0,0,,False,retry_link;reminder;discount_offer;escalate_to_human;no_action,escalate_to_human,True,303.89,9.53,0
TXN000503,CUST00637,446,2813.5,0.5,356.27,0,79,321.82,checkout_abandoned,price_hesitation,2026-06-08T16:39:56.247531,16,0,0,,False,retry_link;reminder;discount_offer;escalate_to_human;no_action,retry_link,True,321.82,1.35,0
TXN000504,CUST01328,1012,5499.88,0.5,209.24,0,96,159.52,payment_failed,price_hesitation,2026-06-08T16:52:25.135890,16,0,0,,False,retry_link;reminder;discount_offer;escalate_to_human;no_action,escalate_to_human,False,0.0,,0
TXN000505,CUST00940,1036,67890.2,0.5,320.24,0,41,326.72,checkout_abandoned,insufficient_funds,2026-06-08T17:07:46.473129,17,0,0,,False,retry_link;reminder;discount_offer;escalate_to_human;no_action,reminder,False,0.0,,0
TXN000506,CUST00380,8,17036.43,1.0,238.35,1,3,296.05,checkout_abandoned,gateway_error,2026-06-08T17:14:46.305687,17,0,0,2026-06-05T03:45:31.934327,False,retry_link;reminder;discount_offer;escalate_to_human;no_action,no_action,True,296.05,1.57,0
TXN000507,CUST00809,1495,9691.55,0.5,389.08,0,24,456.51,payment_failed,bank_decline,2026-06-08T17:31:32.192425,17,0,0,,False,retry_link;reminder;discount_offer;escalate_to_human;no_action,escalate_to_human,True,456.51,11.98,0
TXN000508,CUST00757,575,989.45,0.5,306.43,0,87,199.87,payment_failed,price_hesitation,2026-06-08T17:54:53.963432,17,0,0,,False,retry_link;reminder;discount_offer;escalate_to_human;no_action,escalate_to_human,True,199.87,2.33,0
TXN000509,CUST01351,589,1045.65,0.5,528.99,0,5,420.02,payment_failed,gateway_error,2026-06-08T17:56:17.155669,17,0,0,,False,retry_link;reminder;discount_offer;escalate_to_human;no_action,escalate_to_human,False,0.0,,0
TXN000510,CUST01305,1007,973.61,0.5,846.34,0,115,632.41,payment_failed,bank_decline,2026-06-08T18:03:31.496661,18,0,0,,False,retry_link;reminder;discount_offer;escalate_to_human;no_action,no_action,False,0.0,,0
TXN000511,CUST00655,799,7339.22,0.0,100.0,0,68,51.0,payment_failed,gateway_error,2026-06-08T19:07:20.336681,19,0,0,,False,retry_link;reminder;discount_offer;escalate_to_human;no_action,retry_link,True,51.0,1.37,1
TXN000512,CUST00627,551,2196.2,0.0,227.58,0,88,216.1,checkout_abandoned,insufficient_funds,2026-06-08T20:20:37.789005,20,0,1,2026-06-08T15:01:59.216960,False,retry_link;reminder;discount_offer;escalate_to_human;no_action,discount_offer,False,0.0,,2
TXN000513,CUST01233,1125,2393.81,0.0,509.15,0,100,315.1,payment_failed,insufficient_funds,2026-06-08T20:24:59.140503,20,0,0,2026-06-06T16:52:36.712333,False,retry_link;reminder;discount_offer;escalate_to_human;no_action,discount_offer,False,0.0,,1
TXN000514,CUST00443,733,936.31,0.5,140.15,0,21,141.6,payment_failed,otp_timeout,2026-06-08T20:58:55.162724,20,0,0,,False,retry_link;reminder;discount_offer;escalate_to_human;no_action,discount_offer,True,141.6,0.61,0
TXN000515,CUST00502,1443,7723.95,0.5,116.66,0,98,106.32,payment_failed,insufficient_funds,2026-06-08T22:07:33.280379,22,0,0,,False,retry_link;reminder;discount_offer;escalate_to_human;no_action,no_action,False,0.0,,0
TXN000516,CUST00853,358,4845.31,0.5,524.49,0,55,837.04,checkout_abandoned,price_hesitation,2026-06-08T22:09:06.126089,22,0,0,,False,retry_link;reminder;discount_offer;escalate_to_human;no_action,no_action,False,0.0,,0
TXN000517,CUST01070,1012,793.01,0.0,289.95,0,116,282.19,payment_failed,insufficient_funds,2026-06-08T22:14:04.561989,22,0,0,2026-06-04T18:01:45.491700,False,retry_link;reminder;discount_offer;escalate_to_human;no_action,escalate_to_human,False,0.0,,1
TXN000518,CUST01251,617,3507.41,0.5,275.36,0,28,274.35,payment_failed,price_hesitation,2026-06-08T22:22:53.202961,22,0,0,,False,retry_link;reminder;discount_offer;escalate_to_human;no_action,no_action,False,0.0,,0
TXN000519,CUST00865,1047,826.33,0.5,514.71,0,71,309.38,checkout_abandoned,price_hesitation,2026-06-08T22:30:11.537398,22,0,0,,False,retry_link;reminder;discount_offer;escalate_to_human;no_action,retry_link,True,309.38,5.94,0
TXN000520,CUST00831,362,2215.48,0.0,188.57,0,101,354.52,checkout_abandoned,price_hesitation,2026-06-08T23:27:49.315806,23,0,0,2026-06-02T17:56:03.040880,False,retry_link;reminder;discount_offer;escalate_to_human;no_action,retry_link,True,354.52,4.41,1
TXN000521,CUST01451,62,1502.16,0.5,453.06,0,31,798.52,checkout_abandoned,price_hesitation,2026-06-08T23:52:27.306602,23,0,0,,False,retry_link;reminder;discount_offer;escalate_to_human;no_action,discount_offer,True,798.52,9.37,0
TXN000522,CUST01470,1346,10923.9,0.0,508.27,0,32,414.14,checkout_abandoned,bank_decline,2026-06-09T00:07:14.611448,0,1,0,2026-06-07T04:59:34.963158,False,retry_link;reminder;discount_offer;escalate_to_human;no_action,no_action,False,0.0,,1
TXN000523,CUST00483,1195,4391.23,0.5,672.96,0,14,633.61,checkout_abandoned,insufficient_funds,2026-06-09T00:14:15.804735,0,1,0,,False,retry_link;reminder;discount_offer;escalate_to_human;no_action,discount_offer,True,633.61,0.79,0
TXN000524,CUST01324,1299,1078.08,0.5,281.51,0,82,353.17,checkout_abandoned,otp_timeout,2026-06-09T00:25:07.526223,0,1,0,,False,retry_link;reminder;discount_offer;escalate_to_human;no_action,discount_offer,False,0.0,,0
TXN000525,CUST00115,853,1837.61,0.5,347.51,0,33,349.67,checkout_abandoned,insufficient_funds,2026-06-09T01:25:59.181525,1,1,0,,False,retry_link;reminder;discount_offer;escalate_to_human;no_action,no_action,False,0.0,,0
TXN000526,CUST01095,120,2956.2,0.5,554.4,0,94,740.82,checkout_abandoned,price_hesitation,2026-06-09T01:27:30.671789,1,1,0,,False,retry_link;reminder;discount_offer;escalate_to_human;no_action,reminder,False,0.0,,0
TXN000527,CUST00595,1203,37043.51,0.5,239.57,0,83,320.75,payment_failed,price_hesitation,2026-06-09T01:35:47.177818,1,1,0,,False,retry_link;reminder;discount_offer;escalate_to_human;no_action,no_action,True,320.75,0.69,0
TXN000528,CUST01425,1222,2290.01,0.5,136.13,0,108,134.03,payment_failed,gateway_error,2026-06-09T01:58:44.368577,1,1,0,,False,retry_link;reminder;discount_offer;escalate_to_human;no_action,retry_link,True,134.03,16.33,0
TXN000529,CUST00121,1002,5110.92,0.5,294.7,0,101,284.85,payment_failed,price_hesitation,2026-06-09T02:10:17.442528,2,1,0,,False,retry_link;reminder;discount_offer;escalate_to_human;no_action,retry_link,True,284.85,2.01,0
TXN000530,CUST01033,471,2638.06,0.5,589.74,0,89,436.09,payment_failed,price_hesitation,2026-06-09T02:56:00.463540,2,1,0,,False,retry_link;reminder;discount_offer;escalate_to_human;no_action,no_action,False,0.0,,0
TXN000531,CUST00041,1137,9886.33,0.5,206.26,0,78,330.93,payment_failed,otp_timeout,2026-06-09T04:20:08.348755,4,1,0,,False,retry_link;reminder;discount_offer;escalate_to_human;no_action,escalate_to_human,True,330.93,6.14,0
TXN000532,CUST01276,985,6865.2,0.5,603.1,0,67,443.41,checkout_abandoned,gateway_error,2026-06-09T04:20:32.969106,4,1,0,,False,retry_link;reminder;discount_offer;escalate_to_human;no_action,retry_link,True,443.41,6.14,0
TXN000533,CUST00083,1249,7459.23,0.5,254.47,0,79,544.32,payment_failed,gateway_error,2026-06-09T04:47:58.123815,4,1,0,,False,retry_link;reminder;discount_offer;escalate_to_human;no_action,no_action,True,544.32,8.65,0
TXN000534,CUST00926,812,4310.95,0.5,545.32,0,113,547.01,checkout_abandoned,insufficient_funds,2026-06-09T05:15:32.909817,5,1,0,,True,no_action,no_action,True,547.01,7.94,0
TXN000535,CUST01084,301,5440.3,0.5,2107.18,0,53,1671.92,checkout_abandoned,bank_decline,2026-06-09T05:29:17.290464,5,1,0,,False,retry_link;reminder;discount_offer;escalate_to_human;no_action,no_action,False,0.0,,0
TXN000536,CUST01271,164,8954.0,0.5,186.2,0,76,214.63,checkout_abandoned,bank_decline,2026-06-09T05:32:12.491179,5,1,0,,False,retry_link;reminder;discount_offer;escalate_to_human;no_action,reminder,False,0.0,,0
TXN000537,CUST00860,1452,18189.22,0.5,249.67,0,71,160.4,payment_failed,gateway_error,2026-06-09T05:58:50.966844,5,1,0,,False,retry_link;reminder;discount_offer;escalate_to_human;no_action,no_action,True,160.4,11.3,0
TXN000538,CUST00800,19,1218.27,0.5,158.34,0,90,123.94,checkout_abandoned,insufficient_funds,2026-06-09T06:01:17.083307,6,1,0,,False,retry_link;reminder;discount_offer;escalate_to_human;no_action,escalate_to_human,False,0.0,,0
TXN000539,CUST00966,902,2718.55,0.0,183.34,0,114,254.55,checkout_abandoned,price_hesitation,2026-06-09T06:23:19.154373,6,1,0,2026-06-04T21:36:16.842893,False,retry_link;reminder;discount_offer;escalate_to_human;no_action,retry_link,False,0.0,,1
TXN000540,CUST01094,493,5926.53,0.5,634.27,0,17,559.1,payment_failed,otp_timeout,2026-06-09T06:51:23.382135,6,1,0,,False,retry_link;reminder;discount_offer;escalate_to_human;no_action,discount_offer,True,559.1,4.04,0
TXN000541,CUST01426,1007,1742.46,0.5,775.77,0,20,1201.88,payment_failed,price_hesitation,2026-06-09T06:52:41.001982,6,1,0,,False,retry_link;reminder;discount_offer;escalate_to_human;no_action,no_action,True,1201.88,19.27,0
TXN000542,CUST01296,395,4765.27,0.5,431.76,0,70,812.2,checkout_abandoned,price_hesitation,2026-06-09T08:01:17.857254,8,1,0,,False,retry_link;reminder;discount_offer;escalate_to_human;no_action,no_action,False,0.0,,0
TXN000543,CUST01245,1478,8380.0,0.5,1139.49,0,22,1626.51,payment_failed,insufficient_funds,2026-06-09T08:02:30.624407,8,1,0,,False,retry_link;reminder;discount_offer;escalate_to_human;no_action,escalate_to_human,False,0.0,,0
TXN000544,CUST00843,55,1391.98,0.5,365.88,0,87,478.36,payment_failed,bank_decline,2026-06-09T08:37:42.144754,8,1,0,,False,retry_link;reminder;discount_offer;escalate_to_human;no_action,retry_link,False,0.0,,0
TXN000545,CUST00963,327,18982.31,0.5,463.57,0,59,324.93,checkout_abandoned,insufficient_funds,2026-06-09T08:53:23.774298,8,1,0,,False,retry_link;reminder;discount_offer;escalate_to_human;no_action,retry_link,True,324.93,0.63,0
TXN000546,CUST01150,555,12824.69,0.5,283.41,0,22,289.19,payment_failed,gateway_error,2026-06-09T08:56:34.365613,8,1,0,,False,retry_link;reminder;discount_offer;escalate_to_human;no_action,no_action,False,0.0,,0
TXN000547,CUST00107,997,4318.35,0.5,797.88,0,86,1032.45,payment_failed,insufficient_funds,2026-06-09T09:31:32.953951,9,1,0,,False,retry_link;reminder;discount_offer;escalate_to_human;no_action,discount_offer,True,1032.45,10.76,0
TXN000548,CUST01360,124,7692.42,0.5,486.39,0,39,742.36,payment_failed,bank_decline,2026-06-09T09:36:19.123675,9,1,0,,False,retry_link;reminder;discount_offer;escalate_to_human;no_action,retry_link,True,742.36,5.21,0
TXN000549,CUST00551,591,24204.15,0.5,466.86,0,37,405.5,payment_failed,insufficient_funds,2026-06-09T09:51:00.688866,9,1,0,,False,retry_link;reminder;discount_offer;escalate_to_human;no_action,escalate_to_human,True,405.5,0.51,0
TXN000550,CUST01128,834,3219.54,0.5,456.5,0,111,268.29,checkout_abandoned,insufficient_funds,2026-06-09T09:52:16.274911,9,1,0,,False,retry_link;reminder;discount_offer;escalate_to_human;no_action,discount_offer,True,268.29,9.53,0
TXN000551,CUST00828,1295,9011.99,0.5,563.06,0,12,591.47,payment_failed,insufficient_funds,2026-06-09T09:53:51.365208,9,1,0,,False,retry_link;reminder;discount_offer;escalate_to_human;no_action,discount_offer,True,591.47,2.26,0
TXN000552,CUST00635,1028,8207.43,0.0,849.99,0,31,1151.24,payment_failed,bank_decline,2026-06-09T10:52:58.227410,10,1,0,2026-06-07T18:48:19.601877,True,no_action,no_action,False,0.0,,2
TXN000553,CUST01479,625,2008.76,0.0,158.21,0,21,210.01,checkout_abandoned,price_hesitation,2026-06-09T11:05:50.554836,11,1,0,2026-06-07T01:38:41.101484,False,retry_link;reminder;discount_offer;escalate_to_human;no_action,discount_offer,True,210.01,5.96,1
TXN000554,CUST00872,171,4059.35,0.5,579.65,0,61,690.59,payment_failed,bank_decline,2026-06-09T11:41:55.270226,11,1,0,,False,retry_link;reminder;discount_offer;escalate_to_human;no_action,reminder,True,690.59,8.14,0
TXN000555,CUST00168,502,313.6,0.5,647.98,0,45,953.37,checkout_abandoned,gateway_error,2026-06-09T12:21:32.144890,12,1,0,,False,retry_link;reminder;discount_offer;escalate_to_human;no_action,discount_offer,True,953.37,0.86,0
TXN000556,CUST01279,1298,56137.98,0.5,471.92,0,46,462.76,payment_failed,bank_decline,2026-06-09T12:32:26.842135,12,1,0,,False,retry_link;reminder;discount_offer;escalate_to_human;no_action,retry_link,False,0.0,,0
TXN000557,CUST01400,1282,9051.27,0.5,402.21,0,12,648.42,payment_failed,insufficient_funds,2026-06-09T12:33:23.252998,12,1,0,,False,retry_link;reminder;discount_offer;escalate_to_human;no_action,reminder,False,0.0,,0
TXN000558,CUST01469,91,8990.12,0.5,742.56,0,119,1203.19,checkout_abandoned,insufficient_funds,2026-06-09T12:50:20.134510,12,1,0,,False,retry_link;reminder;discount_offer;escalate_to_human;no_action,retry_link,False,0.0,,0
TXN000559,CUST01298,796,9321.1,1.0,332.8,1,4,390.85,checkout_abandoned,insufficient_funds,2026-06-09T13:39:52.433031,13,1,0,2026-06-04T17:11:31.786096,False,retry_link;reminder;discount_offer;escalate_to_human;no_action,retry_link,False,0.0,,0
TXN000560,CUST00751,222,16941.95,1.0,319.9,1,5,358.97,payment_failed,insufficient_funds,2026-06-09T14:03:19.035655,14,1,0,2026-06-04T03:38:25.093912,False,retry_link;reminder;discount_offer;escalate_to_human;no_action,retry_link,True,358.97,18.93,0
TXN000561,CUST01464,1278,724.47,0.5,175.9,0,42,185.51,payment_failed,price_hesitation,2026-06-09T14:10:46.567512,14,1,0,,False,retry_link;reminder;discount_offer;escalate_to_human;no_action,retry_link,False,0.0,,0
TXN000562,CUST00530,898,14243.12,0.5,417.76,0,49,317.78,payment_failed,otp_timeout,2026-06-09T14:16:16.296974,14,1,0,,False,retry_link;reminder;discount_offer;escalate_to_human;no_action,discount_offer,True,317.78,6.52,0
TXN000563,CUST00792,1084,13163.01,0.5,256.55,0,78,604.08,checkout_abandoned,otp_timeout,2026-06-09T14:54:15.710648,14,1,0,,False,retry_link;reminder;discount_offer;escalate_to_human;no_action,escalate_to_human,True,604.08,12.1,0
TXN000564,CUST00857,86,15239.7,0.5,117.31,0,80,268.2,checkout_abandoned,price_hesitation,2026-06-09T15:07:57.293733,15,1,0,,False,retry_link;reminder;discount_offer;escalate_to_human;no_action,no_action,False,0.0,,0
TXN000565,CUST00085,1050,16481.23,0.0,245.69,0,40,217.24,payment_failed,bank_decline,2026-06-09T15:38:26.782139,15,1,0,2026-06-05T10:26:03.073204,False,retry_link;reminder;discount_offer;escalate_to_human;no_action,reminder,False,0.0,,1
TXN000566,CUST01215,172,28699.99,0.0,452.92,0,21,534.92,payment_failed,insufficient_funds,2026-06-09T16:33:34.363836,16,1,0,2026-06-02T10:04:20.456722,False,retry_link;reminder;discount_offer;escalate_to_human;no_action,reminder,False,0.0,,1
TXN000567,CUST01474,1465,5945.01,0.5,713.14,0,52,893.11,checkout_abandoned,gateway_error,2026-06-09T16:37:27.027794,16,1,0,,False,retry_link;reminder;discount_offer;escalate_to_human;no_action,no_action,False,0.0,,0
TXN000568,CUST00522,289,31317.89,0.5,200.55,0,61,366.34,payment_failed,price_hesitation,2026-06-09T16:54:46.591072,16,1,0,,False,retry_link;reminder;discount_offer;escalate_to_human;no_action,escalate_to_human,True,366.34,23.09,0
TXN000569,CUST01379,811,26845.2,0.5,763.3,0,79,476.24,checkout_abandoned,insufficient_funds,2026-06-09T16:57:46.208378,16,1,0,,False,retry_link;reminder;discount_offer;escalate_to_human;no_action,retry_link,False,0.0,,0
TXN000570,CUST00209,1168,5341.62,0.5,985.58,0,114,1275.52,checkout_abandoned,gateway_error,2026-06-09T17:48:16.353038,17,1,0,,False,retry_link;reminder;discount_offer;escalate_to_human;no_action,no_action,False,0.0,,0
TXN000571,CUST00481,1244,2878.97,0.5,169.49,0,49,142.01,checkout_abandoned,insufficient_funds,2026-06-09T17:51:24.366775,17,1,0,,False,retry_link;reminder;discount_offer;escalate_to_human;no_action,no_action,False,0.0,,0
TXN000572,CUST00199,1442,620.87,0.0,100.0,0,39,50.0,payment_failed,price_hesitation,2026-06-09T17:53:56.430043,17,1,0,,False,retry_link;reminder;discount_offer;escalate_to_human;no_action,discount_offer,True,50.0,3.27,1
TXN000573,CUST00050,1140,32921.95,0.5,424.04,0,89,363.04,payment_failed,gateway_error,2026-06-09T18:00:48.924054,18,1,0,,True,no_action,no_action,False,0.0,,0
TXN000574,CUST00783,183,7067.9,0.0,130.49,0,123,90.53,payment_failed,otp_timeout,2026-06-09T18:02:21.068576,18,1,0,,False,retry_link;reminder;discount_offer;escalate_to_human;no_action,no_action,False,0.0,,1
TXN000575,CUST01196,1070,2495.75,0.0,353.92,0,54,389.43,payment_failed,bank_decline,2026-06-09T18:17:07.942341,18,1,0,,False,retry_link;reminder;discount_offer;escalate_to_human;no_action,discount_offer,False,0.0,,1
TXN000576,CUST01000,1212,15553.59,0.5,777.58,0,55,702.35,payment_failed,price_hesitation,2026-06-09T18:23:06.076145,18,1,0,,False,retry_link;reminder;discount_offer;escalate_to_human;no_action,no_action,False,0.0,,0
TXN000577,CUST00298,427,3393.05,0.5,460.88,0,90,266.64,checkout_abandoned,insufficient_funds,2026-06-09T18:23:13.724977,18,1,0,,False,retry_link;reminder;discount_offer;escalate_to_human;no_action,escalate_to_human,False,0.0,,0
TXN000578,CUST00941,606,1465.35,0.5,458.52,0,46,899.7,checkout_abandoned,price_hesitation,2026-06-09T18:25:26.906896,18,1,0,,False,retry_link;reminder;discount_offer;escalate_to_human;no_action,reminder,False,0.0,,0
TXN000579,CUST01107,1360,27301.53,0.5,343.26,0,7,342.26,payment_failed,gateway_error,2026-06-09T18:40:41.808132,18,1,0,,False,retry_link;reminder;discount_offer;escalate_to_human;no_action,escalate_to_human,False,0.0,,0
TXN000580,CUST01039,1240,5310.6,0.5,269.76,0,88,490.9,payment_failed,price_hesitation,2026-06-09T18:54:37.003111,18,1,0,,False,retry_link;reminder;discount_offer;escalate_to_human;no_action,no_action,False,0.0,,0
TXN000581,CUST01033,471,2638.06,0.0,589.74,0,89,951.25,checkout_abandoned,insufficient_funds,2026-06-09T19:04:00.266427,19,1,0,,False,retry_link;reminder;discount_offer;escalate_to_human;no_action,escalate_to_human,True,951.25,0.81,1
TXN000582,CUST00953,642,8062.85,0.5,338.18,0,108,211.81,payment_failed,gateway_error,2026-06-09T19:04:41.621446,19,1,0,,False,retry_link;reminder;discount_offer;escalate_to_human;no_action,escalate_to_human,True,211.81,9.22,0
TXN000583,CUST00869,61,2977.74,0.5,590.9,0,56,1028.12,payment_failed,insufficient_funds,2026-06-09T19:10:50.815913,19,1,0,,False,retry_link;reminder;discount_offer;escalate_to_human;no_action,retry_link,False,0.0,,0
TXN000584,CUST01054,115,16838.96,0.0,104.58,0,65,168.77,payment_failed,bank_decline,2026-06-09T19:13:49.919021,19,1,0,2026-06-08T09:10:56.187995,False,retry_link;reminder;discount_offer;escalate_to_human;no_action,retry_link,False,0.0,,1
TXN000585,CUST00318,1408,11923.26,0.0,477.55,0,40,634.66,payment_failed,price_hesitation,2026-06-09T19:18:42.153351,19,1,0,2026-06-06T05:50:17.740879,False,retry_link;reminder;discount_offer;escalate_to_human;no_action,reminder,False,0.0,,1
TXN000586,CUST00857,86,15239.7,0.0,117.31,0,80,127.14,payment_failed,insufficient_funds,2026-06-09T19:46:04.875031,19,1,0,,False,retry_link;reminder;discount_offer;escalate_to_human;no_action,retry_link,False,0.0,,1
TXN000587,CUST00940,1036,67890.2,0.0,320.24,0,42,573.11,checkout_abandoned,bank_decline,2026-06-09T20:18:40.430196,20,1,0,2026-06-08T17:07:46.473129,False,retry_link;reminder;discount_offer;escalate_to_human;no_action,retry_link,False,0.0,,1
TXN000588,CUST01421,1492,3410.5,0.0,896.83,0,49,938.94,checkout_abandoned,insufficient_funds,2026-06-09T20:31:24.906004,20,1,0,2026-06-07T05:55:38.252815,False,retry_link;reminder;discount_offer;escalate_to_human;no_action,no_action,False,0.0,,2
TXN000589,CUST00686,610,6512.62,0.5,655.6,0,72,489.02,checkout_abandoned,bank_decline,2026-06-09T20:44:47.749843,20,1,0,,False,retry_link;reminder;discount_offer;escalate_to_human;no_action,no_action,False,0.0,,0
TXN000590,CUST01284,573,1048.09,0.5,363.91,0,111,503.0,payment_failed,bank_decline,2026-06-09T21:15:28.242264,21,1,0,,False,retry_link;reminder;discount_offer;escalate_to_human;no_action,reminder,True,503.0,0.59,0
TXN000591,CUST01246,1289,6388.32,0.5,748.05,0,47,557.52,payment_failed,otp_timeout,2026-06-09T21:16:32.289964,21,1,0,,False,retry_link;reminder;discount_offer;escalate_to_human;no_action,retry_link,True,557.52,1.22,0
TXN000592,CUST00422,1149,543.65,0.5,184.63,0,80,175.19,payment_failed,bank_decline,2026-06-09T21:28:07.445327,21,1,0,,False,retry_link;reminder;discount_offer;escalate_to_human;no_action,reminder,False,0.0,,0
TXN000593,CUST01441,769,1740.02,0.0,420.51,0,74,210.64,checkout_abandoned,bank_decline,2026-06-09T21:34:36.788397,21,1,0,2026-06-07T21:01:51.638562,False,retry_link;reminder;discount_offer;escalate_to_human;no_action,reminder,False,0.0,,2
TXN000594,CUST01499,1261,958.99,1.0,390.92,1,7,259.81,checkout_abandoned,price_hesitation,2026-06-09T22:01:47.250356,22,1,0,2026-06-02T14:30:33.046097,False,retry_link;reminder;discount_offer;escalate_to_human;no_action,retry_link,True,259.81,4.09,0
TXN000595,CUST01080,1380,4704.73,0.5,459.51,0,116,325.35,checkout_abandoned,otp_timeout,2026-06-09T23:04:33.907914,23,1,0,,False,retry_link;reminder;discount_offer;escalate_to_human;no_action,reminder,False,0.0,,0
TXN000596,CUST01101,704,11454.75,1.0,273.72,1,6,229.5,checkout_abandoned,bank_decline,2026-06-09T23:07:17.518973,23,1,0,2026-06-03T19:00:26.084848,False,retry_link;reminder;discount_offer;escalate_to_human;no_action,reminder,False,0.0,,0
TXN000597,CUST00779,1275,1339.93,0.5,270.3,0,51,385.13,payment_failed,price_hesitation,2026-06-09T23:19:08.013695,23,1,0,,False,retry_link;reminder;discount_offer;escalate_to_human;no_action,no_action,False,0.0,,0
TXN000598,CUST00135,456,4990.96,0.5,100.0,0,97,78.19,payment_failed,insufficient_funds,2026-06-09T23:21:38.405558,23,1,0,,False,retry_link;reminder;discount_offer;escalate_to_human;no_action,escalate_to_human,False,0.0,,0
TXN000599,CUST00364,174,5549.35,0.5,435.34,0,111,307.09,payment_failed,price_hesitation,2026-06-09T23:31:18.658371,23,1,0,,False,retry_link;reminder;discount_offer;escalate_to_human;no_action,reminder,True,307.09,0.87,0
TXN000600,CUST00930,806,2815.05,0.0,388.5,0,46,391.54,checkout_abandoned,bank_decline,2026-06-09T23:56:16.825318,23,1,0,,False,retry_link;reminder;discount_offer;escalate_to_human;no_action,reminder,True,391.54,14.94,1
TXN000601,CUST00411,345,3679.82,0.5,182.78,0,94,196.09,checkout_abandoned,insufficient_funds,2026-06-10T01:28:36.744777,1,2,0,,False,retry_link;reminder;discount_offer;escalate_to_human;no_action,no_action,False,0.0,,0
TXN000602,CUST00680,1085,18047.89,0.5,235.98,0,100,233.41,payment_failed,insufficient_funds,2026-06-10T01:46:31.420684,1,2,0,,False,retry_link;reminder;discount_offer;escalate_to_human;no_action,no_action,False,0.0,,0
TXN000603,CUST00519,892,27094.01,0.5,761.46,0,111,678.71,payment_failed,otp_timeout,2026-06-10T02:03:19.550934,2,2,0,,False,retry_link;reminder;discount_offer;escalate_to_human;no_action,no_action,False,0.0,,0
TXN000604,CUST00511,1119,1429.32,0.5,151.24,0,8,175.83,payment_failed,gateway_error,2026-06-10T02:32:07.126902,2,2,0,,False,retry_link;reminder;discount_offer;escalate_to_human;no_action,escalate_to_human,True,175.83,13.65,0
TXN000605,CUST01336,957,2857.93,1.0,290.93,1,4,161.35,checkout_abandoned,insufficient_funds,2026-06-10T03:13:38.914176,3,2,0,2026-06-05T03:46:26.894279,False,retry_link;reminder;discount_offer;escalate_to_human;no_action,reminder,True,161.35,1.76,0
TXN000606,CUST00611,694,1506.82,0.5,594.91,0,33,1172.93,checkout_abandoned,price_hesitation,2026-06-10T03:25:32.901153,3,2,0,,False,retry_link;reminder;discount_offer;escalate_to_human;no_action,escalate_to_human,False,0.0,,0
TXN000607,CUST00007,1046,11430.6,0.0,467.58,0,77,423.35,payment_failed,insufficient_funds,2026-06-10T03:31:41.152902,3,2,0,2026-06-05T02:20:22.885458,False,retry_link;reminder;discount_offer;escalate_to_human;no_action,no_action,False,0.0,,2
TXN000608,CUST01253,1190,31768.97,0.5,459.56,0,26,280.9,payment_failed,insufficient_funds,2026-06-10T03:39:58.005181,3,2,0,,False,retry_link;reminder;discount_offer;escalate_to_human;no_action,retry_link,False,0.0,,0
TXN000609,CUST00256,1016,16566.65,0.5,100.0,0,11,96.15,checkout_abandoned,otp_timeout,2026-06-10T03:42:31.985879,3,2,0,,False,retry_link;reminder;discount_offer;escalate_to_human;no_action,retry_link,True,96.15,8.82,0
TXN000610,CUST00972,716,1074.76,0.5,347.84,0,68,340.31,checkout_abandoned,insufficient_funds,2026-06-10T03:51:39.040794,3,2,0,,False,retry_link;reminder;discount_offer;escalate_to_human;no_action,discount_offer,False,0.0,,0
TXN000611,CUST00310,999,18149.49,1.0,657.83,1,4,1252.36,payment_failed,gateway_error,2026-06-10T04:04:38.937326,4,2,0,2026-06-05T22:40:38.275022,False,retry_link;reminder;discount_offer;escalate_to_human;no_action,discount_offer,True,1252.36,6.13,0
TXN000612,CUST00946,1460,6287.79,0.0,195.27,0,42,144.61,payment_failed,otp_timeout,2026-06-10T04:07:43.419133,4,2,0,2026-06-04T02:31:41.405658,False,retry_link;reminder;discount_offer;escalate_to_human;no_action,discount_offer,True,144.61,7.36,1
TXN000613,CUST00723,180,23922.53,0.5,276.98,0,33,222.13,checkout_abandoned,insufficient_funds,2026-06-10T04:08:10.429018,4,2,0,,False,retry_link;reminder;discount_offer;escalate_to_human;no_action,no_action,False,0.0,,0
TXN000614,CUST00651,979,12234.72,0.5,219.97,0,96,129.19,payment_failed,gateway_error,2026-06-10T04:16:30.736404,4,2,0,,False,retry_link;reminder;discount_offer;escalate_to_human;no_action,retry_link,True,129.19,1.03,0
TXN000615,CUST00911,276,1970.72,0.5,221.01,1,7,110.5,payment_failed,insufficient_funds,2026-06-10T04:31:01.444334,4,2,0,2026-06-02T08:46:49.205953,False,retry_link;reminder;discount_offer;escalate_to_human;no_action,reminder,False,0.0,,1
TXN000616,CUST01282,590,7922.09,0.5,483.72,0,98,287.62,checkout_abandoned,bank_decline,2026-06-10T04:32:57.202260,4,2,0,,False,retry_link;reminder;discount_offer;escalate_to_human;no_action,discount_offer,True,287.62,16.3,0
TXN000617,CUST00874,1046,7448.5,0.5,988.04,0,70,621.87,payment_failed,bank_decline,2026-06-10T04:37:37.164608,4,2,0,,False,retry_link;reminder;discount_offer;escalate_to_human;no_action,discount_offer,True,621.87,0.26,0
TXN000618,CUST00444,763,1662.91,0.5,256.33,0,109,198.08,payment_failed,price_hesitation,2026-06-10T04:52:55.963813,4,2,0,,False,retry_link;reminder;discount_offer;escalate_to_human;no_action,discount_offer,False,0.0,,0
TXN000619,CUST01365,27,11553.92,0.0,1118.12,0,97,1024.15,payment_failed,price_hesitation,2026-06-10T04:53:57.716919,4,2,0,,False,retry_link;reminder;discount_offer;escalate_to_human;no_action,escalate_to_human,True,1024.15,15.81,1
TXN000620,CUST00479,164,1534.39,0.5,196.92,0,29,135.83,payment_failed,gateway_error,2026-06-10T04:59:05.522140,4,2,0,,False,retry_link;reminder;discount_offer;escalate_to_human;no_action,discount_offer,True,135.83,4.03,0
TXN000621,CUST00307,831,5113.64,0.5,264.32,0,27,195.54,checkout_abandoned,gateway_error,2026-06-10T05:42:03.001929,5,2,0,,False,retry_link;reminder;discount_offer;escalate_to_human;no_action,discount_offer,True,195.54,10.65,0
TXN000622,CUST01063,1058,1666.1,0.5,722.49,0,57,1140.61,payment_failed,otp_timeout,2026-06-10T06:23:06.127749,6,2,0,,False,retry_link;reminder;discount_offer;escalate_to_human;no_action,escalate_to_human,True,1140.61,0.26,0
TXN000623,CUST01148,1034,3268.69,0.5,396.18,0,56,278.69,payment_failed,gateway_error,2026-06-10T07:29:22.732019,7,2,0,,False,retry_link;reminder;discount_offer;escalate_to_human;no_action,discount_offer,True,278.69,0.61,0
TXN000624,CUST00060,1383,4645.63,0.5,693.08,0,119,1028.77,checkout_abandoned,bank_decline,2026-06-10T08:15:14.513572,8,2,0,,False,retry_link;reminder;discount_offer;escalate_to_human;no_action,reminder,True,1028.77,10.88,0
TXN000625,CUST00207,1453,7747.86,0.0,233.67,0,84,146.81,checkout_abandoned,otp_timeout,2026-06-10T08:26:53.417471,8,2,0,2026-06-04T13:51:00.606577,False,retry_link;reminder;discount_offer;escalate_to_human;no_action,escalate_to_human,True,146.81,2.08,1
TXN000626,CUST01224,625,3236.85,0.5,641.37,0,95,1129.63,payment_failed,insufficient_funds,2026-06-10T08:33:43.872537,8,2,0,,False,retry_link;reminder;discount_offer;escalate_to_human;no_action,no_action,False,0.0,,0
TXN000627,CUST00351,68,1442.19,0.0,484.91,0,31,575.76,payment_failed,price_hesitation,2026-06-10T09:40:41.101458,9,2,0,,False,retry_link;reminder;discount_offer;escalate_to_human;no_action,discount_offer,True,575.76,2.25,1
TXN000628,CUST00857,86,15239.7,0.0,117.31,0,80,147.0,payment_failed,bank_decline,2026-06-10T09:44:23.080652,9,2,1,2026-06-09T19:46:04.875031,False,retry_link;reminder;discount_offer;escalate_to_human;no_action,no_action,False,0.0,,2
TXN000629,CUST00677,127,4020.86,0.0,346.25,0,85,407.16,payment_failed,gateway_error,2026-06-10T10:10:57.942200,10,2,0,2026-06-03T14:06:08.122097,False,retry_link;reminder;discount_offer;escalate_to_human;no_action,retry_link,True,407.16,0.91,1
TXN000630,CUST01483,168,9559.31,0.5,206.7,0,61,292.22,checkout_abandoned,bank_decline,2026-06-10T10:12:21.690137,10,2,0,,False,retry_link;reminder;discount_offer;escalate_to_human;no_action,escalate_to_human,True,292.22,2.43,0
TXN000631,CUST00950,141,4454.85,0.5,625.48,0,66,396.89,payment_failed,price_hesitation,2026-06-10T10:14:30.333941,10,2,0,,False,retry_link;reminder;discount_offer;escalate_to_human;no_action,reminder,True,396.89,3.64,0
TXN000632,CUST00753,1404,408.93,0.5,232.66,0,66,223.16,payment_failed,price_hesitation,2026-06-10T10:16:34.604389,10,2,0,,False,retry_link;reminder;discount_offer;escalate_to_human;no_action,retry_link,True,223.16,4.87,0
TXN000633,CUST01113,438,7754.88,0.5,260.22,0,61,400.71,payment_failed,price_hesitation,2026-06-10T10:27:02.667130,10,2,0,,False,retry_link;reminder;discount_offer;escalate_to_human;no_action,no_action,True,400.71,3.44,0
TXN000634,CUST00377,1120,8467.68,0.5,392.34,0,115,422.63,checkout_abandoned,price_hesitation,2026-06-10T10:27:17.533546,10,2,0,,False,retry_link;reminder;discount_offer;escalate_to_human;no_action,no_action,True,422.63,8.54,0
TXN000635,CUST00582,161,9659.5,0.5,558.12,0,39,530.08,payment_failed,price_hesitation,2026-06-10T10:49:09.453594,10,2,0,,False,retry_link;reminder;discount_offer;escalate_to_human;no_action,escalate_to_human,False,0.0,,0
TXN000636,CUST00805,1172,16103.1,0.5,332.93,0,104,300.34,checkout_abandoned,price_hesitation,2026-06-10T11:08:25.879407,11,2,0,,False,retry_link;reminder;discount_offer;escalate_to_human;no_action,escalate_to_human,False,0.0,,0
TXN000637,CUST00375,142,18937.93,0.5,201.62,0,80,229.04,payment_failed,otp_timeout,2026-06-10T11:57:01.587231,11,2,0,,False,retry_link;reminder;discount_offer;escalate_to_human;no_action,discount_offer,True,229.04,5.25,0
TXN000638,CUST00172,1157,3136.22,0.5,122.01,0,14,151.28,payment_failed,gateway_error,2026-06-10T12:11:04.481963,12,2,0,,False,retry_link;reminder;discount_offer;escalate_to_human;no_action,escalate_to_human,False,0.0,,0
TXN000639,CUST00239,941,7698.95,0.5,104.59,0,47,131.65,payment_failed,bank_decline,2026-06-10T12:43:54.287941,12,2,0,,False,retry_link;reminder;discount_offer;escalate_to_human;no_action,reminder,True,131.65,14.13,0
TXN000640,CUST01045,231,4193.48,0.5,418.67,0,93,402.93,payment_failed,bank_decline,2026-06-10T13:37:32.787632,13,2,0,,False,retry_link;reminder;discount_offer;escalate_to_human;no_action,escalate_to_human,True,402.93,2.25,0
TXN000641,CUST00885,1102,21893.24,0.5,339.27,0,118,302.73,payment_failed,insufficient_funds,2026-06-10T14:12:30.764905,14,2,0,,False,retry_link;reminder;discount_offer;escalate_to_human;no_action,escalate_to_human,False,0.0,,0
TXN000642,CUST01436,641,7085.36,1.0,287.23,1,4,401.73,payment_failed,insufficient_funds,2026-06-10T14:29:07.925420,14,2,0,2026-06-05T15:22:31.307694,False,retry_link;reminder;discount_offer;escalate_to_human;no_action,no_action,False,0.0,,0
TXN000643,CUST01384,580,3613.22,0.5,344.5,0,93,231.69,payment_failed,price_hesitation,2026-06-10T14:47:42.542017,14,2,0,,False,retry_link;reminder;discount_offer;escalate_to_human;no_action,retry_link,True,231.69,4.73,0
TXN000644,CUST00902,329,11362.12,1.0,498.99,1,3,912.52,checkout_abandoned,insufficient_funds,2026-06-10T15:01:14.209765,15,2,0,2026-06-07T00:19:00.675675,False,retry_link;reminder;discount_offer;escalate_to_human;no_action,reminder,False,0.0,,0
TXN000645,CUST00374,1329,2388.31,0.5,125.85,0,23,123.63,payment_failed,price_hesitation,2026-06-10T15:32:16.607579,15,2,0,,False,retry_link;reminder;discount_offer;escalate_to_human;no_action,reminder,False,0.0,,0
TXN000646,CUST00943,711,35529.42,0.5,495.7,0,9,387.71,checkout_abandoned,bank_decline,2026-06-10T16:50:01.054148,16,2,0,,False,retry_link;reminder;discount_offer;escalate_to_human;no_action,no_action,False,0.0,,0
TXN000647,CUST00546,644,1959.29,1.0,110.74,1,3,237.08,checkout_abandoned,price_hesitation,2026-06-10T17:05:08.626577,17,2,0,2026-06-06T18:31:51.437194,False,retry_link;reminder;discount_offer;escalate_to_human;no_action,reminder,False,0.0,,0
TXN000648,CUST00173,1083,5127.84,1.0,397.53,1,3,255.11,payment_failed,price_hesitation,2026-06-10T17:10:48.716765,17,2,0,2026-06-07T04:52:53.241057,False,retry_link;reminder;discount_offer;escalate_to_human;no_action,escalate_to_human,True,255.11,3.11,0
TXN000649,CUST00528,1372,4069.51,1.0,298.85,1,7,264.58,payment_failed,insufficient_funds,2026-06-10T17:59:12.409578,17,2,0,2026-06-03T00:03:42.353277,False,retry_link;reminder;discount_offer;escalate_to_human;no_action,discount_offer,True,264.58,3.79,0
TXN000650,CUST00609,1286,11117.01,1.0,1474.92,2,5,997.8,checkout_abandoned,insufficient_funds,2026-06-10T18:02:35.772026,18,2,0,2026-06-05T17:41:14.390591,False,retry_link;reminder;discount_offer;escalate_to_human;no_action,escalate_to_human,True,997.8,4.22,0
TXN000651,CUST00266,671,1048.7,0.0,352.22,0,48,371.06,payment_failed,gateway_error,2026-06-10T18:24:55.384309,18,2,0,2026-06-04T03:15:37.348490,False,retry_link;reminder;discount_offer;escalate_to_human;no_action,discount_offer,True,371.06,1.58,1
TXN000652,CUST00035,96,17148.29,0.5,162.48,0,111,198.29,payment_failed,otp_timeout,2026-06-10T18:42:42.341227,18,2,0,,False,retry_link;reminder;discount_offer;escalate_to_human;no_action,discount_offer,True,198.29,2.28,0
TXN000653,CUST00895,917,8824.99,0.5,517.64,0,33,510.78,payment_failed,gateway_error,2026-06-10T18:47:23.602803,18,2,0,,False,retry_link;reminder;discount_offer;escalate_to_human;no_action,escalate_to_human,True,510.78,0.04,0
TXN000654,CUST00396,68,17103.67,0.5,328.8,0,90,382.56,checkout_abandoned,gateway_error,2026-06-10T19:02:00.332408,19,2,0,,False,retry_link;reminder;discount_offer;escalate_to_human;no_action,retry_link,True,382.56,3.98,0
TXN000655,CUST01021,109,24962.58,0.5,198.02,0,45,176.69,payment_failed,gateway_error,2026-06-10T19:21:44.153793,19,2,0,,False,retry_link;reminder;discount_offer;escalate_to_human;no_action,retry_link,False,0.0,,0
TXN000656,CUST00101,300,23898.11,0.5,702.52,0,68,595.08,payment_failed,gateway_error,2026-06-10T19:27:49.764751,19,2,0,,False,retry_link;reminder;discount_offer;escalate_to_human;no_action,escalate_to_human,False,0.0,,0
TXN000657,CUST01246,1289,6388.32,1.0,748.05,1,0,722.69,payment_failed,gateway_error,2026-06-10T19:30:46.801176,19,2,1,2026-06-09T21:16:32.289964,False,retry_link;reminder;discount_offer;escalate_to_human;no_action,reminder,False,0.0,,0
TXN000658,CUST00990,514,2593.97,0.0,338.57,0,65,543.83,payment_failed,gateway_error,2026-06-10T19:49:57.814652,19,2,0,,False,retry_link;reminder;discount_offer;escalate_to_human;no_action,reminder,True,543.83,11.77,1
TXN000659,CUST00608,1450,4289.0,0.5,121.68,0,64,147.23,payment_failed,insufficient_funds,2026-06-10T20:09:34.579920,20,2,0,,False,retry_link;reminder;discount_offer;escalate_to_human;no_action,no_action,False,0.0,,0
TXN000660,CUST01237,186,1309.02,0.5,187.56,0,62,123.71,checkout_abandoned,price_hesitation,2026-06-10T20:23:44.484008,20,2,0,,False,retry_link;reminder;discount_offer;escalate_to_human;no_action,discount_offer,True,123.71,1.57,0
TXN000661,CUST01022,1302,8580.45,1.0,385.96,1,4,405.41,checkout_abandoned,insufficient_funds,2026-06-10T21:25:22.892751,21,2,0,2026-06-05T22:47:29.792565,False,retry_link;reminder;discount_offer;escalate_to_human;no_action,retry_link,False,0.0,,0
TXN000662,CUST00481,1244,2878.97,0.0,169.49,0,50,272.62,checkout_abandoned,bank_decline,2026-06-10T21:55:57.196786,21,2,0,,False,retry_link;reminder;discount_offer;escalate_to_human;no_action,retry_link,False,0.0,,1
TXN000663,CUST00170,160,1965.81,0.5,101.85,0,38,127.76,payment_failed,price_hesitation,2026-06-10T21:58:58.074344,21,2,0,,False,retry_link;reminder;discount_offer;escalate_to_human;no_action,reminder,False,0.0,,0
TXN000664,CUST01226,161,2148.71,0.5,256.52,0,102,393.76,payment_failed,bank_decline,2026-06-10T22:05:58.682929,22,2,0,,False,retry_link;reminder;discount_offer;escalate_to_human;no_action,escalate_to_human,True,393.76,5.49,0
TXN000665,CUST01063,1058,1666.1,1.0,722.49,1,0,522.84,checkout_abandoned,insufficient_funds,2026-06-10T22:25:25.258087,22,2,1,2026-06-10T06:23:06.127749,False,retry_link;reminder;discount_offer;escalate_to_human;no_action,escalate_to_human,True,522.84,0.88,0
TXN000666,CUST00580,140,5212.58,0.5,282.66,0,52,440.55,payment_failed,gateway_error,2026-06-10T22:47:39.966516,22,2,0,,False,retry_link;reminder;discount_offer;escalate_to_human;no_action,reminder,True,440.55,7.48,0
TXN000667,CUST00189,452,1504.37,0.5,239.5,0,75,154.7,payment_failed,otp_timeout,2026-06-10T23:17:06.257369,23,2,0,,False,retry_link;reminder;discount_offer;escalate_to_human;no_action,no_action,True,154.7,12.92,0
TXN000668,CUST00575,561,12456.92,0.0,495.4,0,65,544.35,checkout_abandoned,insufficient_funds,2026-06-10T23:50:20.338710,23,2,0,2026-06-05T14:52:00.349297,False,retry_link;reminder;discount_offer;escalate_to_human;no_action,discount_offer,False,0.0,,2
TXN000669,CUST01096,1253,10206.59,0.5,299.76,0,18,267.52,checkout_abandoned,otp_timeout,2026-06-11T00:38:54.251215,0,3,0,,False,retry_link;reminder;discount_offer;escalate_to_human;no_action,escalate_to_human,True,267.52,1.02,0
TXN000670,CUST00784,717,3893.61,0.5,281.68,0,118,303.99,checkout_abandoned,otp_timeout,2026-06-11T01:23:46.505131,1,3,0,,False,retry_link;reminder;discount_offer;escalate_to_human;no_action,no_action,False,0.0,,0
TXN000671,CUST00668,1378,7115.57,0.5,260.26,0,17,200.0,payment_failed,otp_timeout,2026-06-11T01:50:44.152695,1,3,0,,False,retry_link;reminder;discount_offer;escalate_to_human;no_action,escalate_to_human,False,0.0,,0
TXN000672,CUST00054,747,4980.37,0.5,356.42,0,72,322.34,payment_failed,otp_timeout,2026-06-11T02:19:37.599715,2,3,0,,False,retry_link;reminder;discount_offer;escalate_to_human;no_action,no_action,False,0.0,,0
TXN000673,CUST00188,358,5307.69,0.0,100.0,0,112,50.0,payment_failed,insufficient_funds,2026-06-11T02:24:43.432557,2,3,0,2026-06-07T04:22:01.529608,False,retry_link;reminder;discount_offer;escalate_to_human;no_action,no_action,False,0.0,,1
TXN000674,CUST01218,1214,2333.21,0.5,278.53,0,65,335.44,checkout_abandoned,gateway_error,2026-06-11T03:38:38.626323,3,3,0,,False,retry_link;reminder;discount_offer;escalate_to_human;no_action,escalate_to_human,False,0.0,,0
TXN000675,CUST00191,945,7606.33,0.5,850.14,0,14,725.03,payment_failed,gateway_error,2026-06-11T04:01:34.948804,4,3,0,,False,retry_link;reminder;discount_offer;escalate_to_human;no_action,discount_offer,True,725.03,1.31,0
TXN000676,CUST01469,91,8990.12,0.0,742.56,0,120,897.57,payment_failed,insufficient_funds,2026-06-11T04:38:56.608092,4,3,0,2026-06-09T12:50:20.134510,False,retry_link;reminder;discount_offer;escalate_to_human;no_action,reminder,False,0.0,,1
TXN000677,CUST00289,710,7455.65,0.5,274.71,0,66,250.25,payment_failed,price_hesitation,2026-06-11T04:44:11.009549,4,3,0,,False,retry_link;reminder;discount_offer;escalate_to_human;no_action,retry_link,True,250.25,12.35,0
TXN000678,CUST00163,610,1354.02,0.5,242.21,0,72,198.28,payment_failed,bank_decline,2026-06-11T05:09:17.774186,5,3,0,,False,retry_link;reminder;discount_offer;escalate_to_human;no_action,reminder,False,0.0,,0
TXN000679,CUST01309,1279,2904.77,0.5,308.8,0,42,305.43,checkout_abandoned,insufficient_funds,2026-06-11T05:22:10.496131,5,3,0,,False,retry_link;reminder;discount_offer;escalate_to_human;no_action,no_action,False,0.0,,0
TXN000680,CUST00232,30,8310.56,0.0,457.0,0,52,447.62,checkout_abandoned,insufficient_funds,2026-06-11T05:34:46.811259,5,3,0,2026-06-05T14:50:02.984858,True,no_action,no_action,False,0.0,,2
TXN000681,CUST00447,1433,35664.68,0.0,280.67,0,87,368.64,payment_failed,insufficient_funds,2026-06-11T05:47:54.300237,5,3,0,,False,retry_link;reminder;discount_offer;escalate_to_human;no_action,retry_link,True,368.64,2.49,1
TXN000682,CUST00997,541,2748.28,1.0,681.95,1,7,719.04,payment_failed,gateway_error,2026-06-11T05:55:34.381819,5,3,0,2026-06-03T22:47:54.084395,False,retry_link;reminder;discount_offer;escalate_to_human;no_action,reminder,True,719.04,2.84,0
TXN000683,CUST00876,810,6994.89,0.5,732.96,0,102,1080.66,checkout_abandoned,price_hesitation,2026-06-11T06:17:47.425927,6,3,0,,False,retry_link;reminder;discount_offer;escalate_to_human;no_action,discount_offer,False,0.0,,0
TXN000684,CUST00517,100,9205.82,0.5,286.84,0,23,229.61,payment_failed,price_hesitation,2026-06-11T06:58:10.930053,6,3,0,,False,retry_link;reminder;discount_offer;escalate_to_human;no_action,retry_link,False,0.0,,0
TXN000685,CUST00708,714,10098.33,1.0,146.9,2,4,112.22,checkout_abandoned,otp_timeout,2026-06-11T07:06:03.986625,7,3,0,2026-06-06T21:04:08.594155,False,retry_link;reminder;discount_offer;escalate_to_human;no_action,reminder,True,112.22,4.27,0
TXN000686,CUST00250,270,3600.85,0.5,250.48,0,36,373.56,payment_failed,otp_timeout,2026-06-11T07:14:31.024338,7,3,0,,False,retry_link;reminder;discount_offer;escalate_to_human;no_action,no_action,False,0.0,,0
TXN000687,CUST00349,247,4513.86,0.5,437.74,0,58,549.49,payment_failed,insufficient_funds,2026-06-11T07:19:37.903104,7,3,0,,False,retry_link;reminder;discount_offer;escalate_to_human;no_action,no_action,False,0.0,,0
TXN000688,CUST00730,1093,3435.44,0.5,163.73,0,35,93.57,payment_failed,price_hesitation,2026-06-11T07:25:11.249612,7,3,0,,False,retry_link;reminder;discount_offer;escalate_to_human;no_action,discount_offer,False,0.0,,0
TXN000689,CUST00892,784,4689.89,0.0,870.95,0,85,1334.69,payment_failed,price_hesitation,2026-06-11T07:26:12.625052,7,3,0,,False,retry_link;reminder;discount_offer;escalate_to_human;no_action,no_action,False,0.0,,1
TXN000690,CUST00978,526,726.7,0.5,610.85,0,40,785.94,payment_failed,bank_decline,2026-06-11T07:32:54.679178,7,3,0,,False,retry_link;reminder;discount_offer;escalate_to_human;no_action,retry_link,False,0.0,,0
TXN000691,CUST01246,1289,6388.32,0.5,748.05,1,1,566.75,payment_failed,gateway_error,2026-06-11T07:46:10.384755,7,3,1,2026-06-10T19:30:46.801176,False,retry_link;reminder;discount_offer;escalate_to_human;no_action,no_action,False,0.0,,1
TXN000692,CUST01385,353,2798.2,0.5,535.75,0,116,311.28,checkout_abandoned,otp_timeout,2026-06-11T07:59:40.761137,7,3,0,,False,retry_link;reminder;discount_offer;escalate_to_human;no_action,escalate_to_human,False,0.0,,0
TXN000693,CUST00778,407,10755.52,0.5,540.05,0,34,469.94,payment_failed,insufficient_funds,2026-06-11T08:39:36.482233,8,3,0,,False,retry_link;reminder;discount_offer;escalate_to_human;no_action,escalate_to_human,True,469.94,4.33,0
TXN000694,CUST00069,704,4162.38,0.0,127.97,0,118,102.78,payment_failed,gateway_error,2026-06-11T08:44:17.572944,8,3,0,,False,retry_link;reminder;discount_offer;escalate_to_human;no_action,no_action,False,0.0,,1
TXN000695,CUST00059,1024,1172.72,0.0,100.44,0,74,119.62,checkout_abandoned,insufficient_funds,2026-06-11T09:08:31.882777,9,3,0,2026-06-07T11:00:31.125519,False,retry_link;reminder;discount_offer;escalate_to_human;no_action,escalate_to_human,False,0.0,,1
TXN000696,CUST00597,1169,7432.73,0.5,527.38,0,93,502.34,payment_failed,insufficient_funds,2026-06-11T09:45:38.969739,9,3,0,,False,retry_link;reminder;discount_offer;escalate_to_human;no_action,escalate_to_human,False,0.0,,0
TXN000697,CUST00626,508,7041.16,0.0,234.95,0,53,205.41,payment_failed,insufficient_funds,2026-06-11T10:28:12.512301,10,3,0,2026-06-02T06:41:31.285775,False,retry_link;reminder;discount_offer;escalate_to_human;no_action,discount_offer,False,0.0,,1
TXN000698,CUST00869,61,2977.74,0.0,590.9,0,57,506.38,checkout_abandoned,gateway_error,2026-06-11T11:09:31.259686,11,3,0,2026-06-09T19:10:50.815913,False,retry_link;reminder;discount_offer;escalate_to_human;no_action,discount_offer,False,0.0,,1
TXN000699,CUST01323,1329,2122.22,0.5,421.04,0,88,340.9,payment_failed,insufficient_funds,2026-06-11T11:13:35.412152,11,3,0,,False,retry_link;reminder;discount_offer;escalate_to_human;no_action,reminder,False,0.0,,0
TXN000700,CUST01191,417,8611.06,0.5,100.0,0,36,100.6,payment_failed,otp_timeout,2026-06-11T11:15:09.559001,11,3,0,,False,retry_link;reminder;discount_offer;escalate_to_human;no_action,no_action,False,0.0,,0
TXN000701,CUST01091,672,560.47,0.5,487.15,0,76,521.43,checkout_abandoned,bank_decline,2026-06-11T11:16:06.227453,11,3,0,,False,retry_link;reminder;discount_offer;escalate_to_human;no_action,retry_link,False,0.0,,0
TXN000702,CUST01087,1485,4911.73,0.5,503.92,0,33,984.45,checkout_abandoned,insufficient_funds,2026-06-11T11:32:07.085987,11,3,0,,False,retry_link;reminder;discount_offer;escalate_to_human;no_action,no_action,False,0.0,,0
TXN000703,CUST01163,797,5494.99,0.5,221.11,0,110,193.82,payment_failed,otp_timeout,2026-06-11T11:40:26.999343,11,3,0,,False,retry_link;reminder;discount_offer;escalate_to_human;no_action,no_action,False,0.0,,0
TXN000704,CUST01392,1476,13391.32,0.5,233.3,0,80,242.97,checkout_abandoned,bank_decline,2026-06-11T11:47:56.286474,11,3,0,,False,retry_link;reminder;discount_offer;escalate_to_human;no_action,retry_link,False,0.0,,0
TXN000705,CUST00588,1255,231.41,0.5,390.33,0,99,331.78,payment_failed,price_hesitation,2026-06-11T11:52:13.344553,11,3,0,,False,retry_link;reminder;discount_offer;escalate_to_human;no_action,retry_link,True,331.78,2.66,0
TXN000706,CUST00542,293,11794.11,0.5,239.82,0,26,130.37,checkout_abandoned,otp_timeout,2026-06-11T12:01:28.000444,12,3,0,,False,retry_link;reminder;discount_offer;escalate_to_human;no_action,escalate_to_human,False,0.0,,0
TXN000707,CUST00254,991,1636.5,1.0,191.6,1,7,204.66,payment_failed,gateway_error,2026-06-11T12:01:41.342468,12,3,0,2026-06-04T02:44:46.862983,False,retry_link;reminder;discount_offer;escalate_to_human;no_action,reminder,False,0.0,,0
TXN000708,CUST01073,788,3530.37,0.5,460.53,0,107,627.79,checkout_abandoned,otp_timeout,2026-06-11T12:24:39.407454,12,3,0,,False,retry_link;reminder;discount_offer;escalate_to_human;no_action,escalate_to_human,True,627.79,7.78,0
TXN000709,CUST01270,554,7553.74,0.5,159.59,0,36,137.31,payment_failed,insufficient_funds,2026-06-11T12:35:38.421758,12,3,0,,False,retry_link;reminder;discount_offer;escalate_to_human;no_action,reminder,False,0.0,,0
TXN000710,CUST00932,386,8865.54,1.0,424.58,1,3,207.95,payment_failed,gateway_error,2026-06-11T13:10:29.243981,13,3,0,2026-06-07T18:13:06.061137,False,retry_link;reminder;discount_offer;escalate_to_human;no_action,discount_offer,True,207.95,8.19,0
TXN000711,CUST00166,482,19330.55,0.5,125.8,0,101,229.16,payment_failed,price_hesitation,2026-06-11T13:17:07.065629,13,3,0,,False,retry_link;reminder;discount_offer;escalate_to_human;no_action,escalate_to_human,False,0.0,,0
TXN000712,CUST00625,349,62369.33,0.5,176.42,0,102,182.71,payment_failed,bank_decline,2026-06-11T13:21:52.809862,13,3,0,,False,retry_link;reminder;discount_offer;escalate_to_human;no_action,discount_offer,True,182.71,12.4,0
TXN000713,CUST00951,457,847.37,0.5,499.28,0,20,634.64,payment_failed,insufficient_funds,2026-06-11T13:23:58.920185,13,3,0,,False,retry_link;reminder;discount_offer;escalate_to_human;no_action,no_action,False,0.0,,0
TXN000714,CUST00321,162,14346.82,0.5,421.84,0,56,386.63,payment_failed,bank_decline,2026-06-11T13:28:32.038073,13,3,0,,False,retry_link;reminder;discount_offer;escalate_to_human;no_action,discount_offer,False,0.0,,0
TXN000715,CUST00233,1138,1368.31,0.0,201.03,0,95,274.41,payment_failed,price_hesitation,2026-06-11T13:39:09.494222,13,3,0,2026-06-02T14:15:38.327200,False,retry_link;reminder;discount_offer;escalate_to_human;no_action,no_action,False,0.0,,1
TXN000716,CUST01341,206,32682.53,0.5,353.55,0,88,243.97,payment_failed,gateway_error,2026-06-11T13:45:35.704431,13,3,0,,False,retry_link;reminder;discount_offer;escalate_to_human;no_action,retry_link,True,243.97,19.53,0
TXN000717,CUST01352,744,558.07,0.5,410.74,0,102,415.62,payment_failed,otp_timeout,2026-06-11T14:04:20.638202,14,3,0,,False,retry_link;reminder;discount_offer;escalate_to_human;no_action,discount_offer,True,415.62,3.23,0
TXN000718,CUST01268,1429,2024.52,0.0,348.52,0,39,277.04,payment_failed,gateway_error,2026-06-11T14:43:03.589603,14,3,0,,False,retry_link;reminder;discount_offer;escalate_to_human;no_action,escalate_to_human,False,0.0,,1
TXN000719,CUST01009,780,5121.87,0.0,138.15,0,91,157.71,payment_failed,price_hesitation,2026-06-11T15:04:20.321749,15,3,0,2026-06-02T11:04:29.144096,False,retry_link;reminder;discount_offer;escalate_to_human;no_action,discount_offer,False,0.0,,1
TXN000720,CUST00230,695,738.18,0.5,239.59,0,76,354.05,payment_failed,gateway_error,2026-06-11T15:40:01.327011,15,3,0,,False,retry_link;reminder;discount_offer;escalate_to_human;no_action,retry_link,True,354.05,5.23,0
TXN000721,CUST00387,1246,2050.71,0.5,293.57,0,118,516.37,payment_failed,insufficient_funds,2026-06-11T16:17:42.779857,16,3,0,,False,retry_link;reminder;discount_offer;escalate_to_human;no_action,no_action,False,0.0,,0
TXN000722,CUST01474,1465,5945.01,0.0,713.14,0,54,771.13,checkout_abandoned,gateway_error,2026-06-11T16:52:55.365245,16,3,0,,False,retry_link;reminder;discount_offer;escalate_to_human;no_action,escalate_to_human,True,771.13,4.75,1
TXN000723,CUST00142,415,4608.91,0.5,267.37,0,104,313.1,payment_failed,bank_decline,2026-06-11T16:59:45.420580,16,3,0,,False,retry_link;reminder;discount_offer;escalate_to_human;no_action,discount_offer,False,0.0,,0
TXN000724,CUST00548,774,10049.46,0.0,542.09,0,107,334.28,checkout_abandoned,gateway_error,2026-06-11T17:06:13.125986,17,3,0,2026-06-04T15:00:55.308207,False,retry_link;reminder;discount_offer;escalate_to_human;no_action,escalate_to_human,False,0.0,,1
TXN000725,CUST01153,1364,1321.07,0.0,232.68,0,52,127.78,payment_failed,price_hesitation,2026-06-11T17:22:13.084795,17,3,0,2026-06-05T17:59:33.611962,True,no_action,no_action,False,0.0,,1
TXN000726,CUST01363,303,5850.56,0.5,318.3,0,52,592.01,checkout_abandoned,insufficient_funds,2026-06-11T17:34:39.446612,17,3,0,,False,retry_link;reminder;discount_offer;escalate_to_human;no_action,escalate_to_human,True,592.01,14.14,0
TXN000727,CUST00974,222,1243.93,0.5,308.13,1,3,331.96,payment_failed,price_hesitation,2026-06-11T17:43:40.000693,17,3,0,2026-06-07T23:45:32.529979,False,retry_link;reminder;discount_offer;escalate_to_human;no_action,reminder,False,0.0,,1
TXN000728,CUST00013,1141,3998.05,0.5,853.8,0,77,1449.31,checkout_abandoned,price_hesitation,2026-06-11T18:11:23.044751,18,3,0,,False,retry_link;reminder;discount_offer;escalate_to_human;no_action,escalate_to_human,True,1449.31,1.27,0
TXN000729,CUST01168,1497,882.43,0.5,130.38,0,98,107.31,payment_failed,price_hesitation,2026-06-11T18:28:51.840508,18,3,0,,False,retry_link;reminder;discount_offer;escalate_to_human;no_action,discount_offer,True,107.31,2.82,0
TXN000730,CUST00936,237,7535.06,0.5,1640.99,0,44,1942.92,payment_failed,gateway_error,2026-06-11T18:42:02.327809,18,3,0,,False,retry_link;reminder;discount_offer;escalate_to_human;no_action,escalate_to_human,False,0.0,,0
TXN000731,CUST01173,267,458.69,0.5,176.22,0,94,162.22,payment_failed,otp_timeout,2026-06-11T18:44:20.776366,18,3,0,,False,retry_link;reminder;discount_offer;escalate_to_human;no_action,reminder,False,0.0,,0
TXN000732,CUST00286,242,10271.08,1.0,823.05,1,6,627.75,checkout_abandoned,bank_decline,2026-06-11T18:56:41.683720,18,3,0,2026-06-05T07:09:49.759403,False,retry_link;reminder;discount_offer;escalate_to_human;no_action,escalate_to_human,True,627.75,15.64,0
TXN000733,CUST01042,623,2457.52,1.0,402.75,1,3,577.26,checkout_abandoned,gateway_error,2026-06-11T19:06:27.143537,19,3,0,2026-06-08T06:00:06.701110,False,retry_link;reminder;discount_offer;escalate_to_human;no_action,reminder,True,577.26,3.63,0
TXN000734,CUST01414,877,2041.24,0.5,298.01,0,97,286.08,payment_failed,insufficient_funds,2026-06-11T19:31:39.026274,19,3,0,,False,retry_link;reminder;discount_offer;escalate_to_human;no_action,retry_link,False,0.0,,0
TXN000735,CUST00968,1380,4206.83,0.5,266.56,0,57,457.4,payment_failed,price_hesitation,2026-06-11T19:40:01.930038,19,3,0,,False,retry_link;reminder;discount_offer;escalate_to_human;no_action,no_action,True,457.4,8.04,0
TXN000736,CUST01008,1100,5327.32,0.5,477.88,0,88,333.72,payment_failed,price_hesitation,2026-06-11T19:49:25.870929,19,3,0,,False,retry_link;reminder;discount_offer;escalate_to_human;no_action,discount_offer,False,0.0,,0
TXN000737,CUST00320,481,1719.4,0.5,440.6,0,54,194.84,checkout_abandoned,price_hesitation,2026-06-11T20:05:46.102860,20,3,0,,False,retry_link;reminder;discount_offer;escalate_to_human;no_action,discount_offer,False,0.0,,0
TXN000738,CUST00782,184,21113.36,0.5,1074.57,0,84,1321.33,checkout_abandoned,insufficient_funds,2026-06-11T20:22:05.235191,20,3,0,,False,retry_link;reminder;discount_offer;escalate_to_human;no_action,discount_offer,False,0.0,,0
TXN000739,CUST00226,1213,7111.19,0.5,263.57,0,108,169.44,checkout_abandoned,price_hesitation,2026-06-11T20:35:47.700958,20,3,0,,False,retry_link;reminder;discount_offer;escalate_to_human;no_action,discount_offer,True,169.44,0.59,0
TXN000740,CUST01492,44,20350.39,0.5,302.4,0,107,535.27,checkout_abandoned,bank_decline,2026-06-11T20:41:35.174377,20,3,0,,False,retry_link;reminder;discount_offer;escalate_to_human;no_action,no_action,False,0.0,,0
TXN000741,CUST01174,13,3666.33,0.5,468.84,0,112,232.84,payment_failed,insufficient_funds,2026-06-11T20:44:33.986773,20,3,0,,False,retry_link;reminder;discount_offer;escalate_to_human;no_action,no_action,True,232.84,4.53,0
TXN000742,CUST00428,38,15077.34,0.5,393.36,0,7,271.5,payment_failed,otp_timeout,2026-06-11T20:56:11.255162,20,3,0,,False,retry_link;reminder;discount_offer;escalate_to_human;no_action,retry_link,True,271.5,7.18,0
TXN000743,CUST00691,1192,57108.32,0.5,1025.31,0,36,943.65,checkout_abandoned,otp_timeout,2026-06-11T21:03:20.218980,21,3,0,,False,retry_link;reminder;discount_offer;escalate_to_human;no_action,discount_offer,True,943.65,3.03,0
TXN000744,CUST01372,675,5682.01,0.5,973.2,0,33,879.97,payment_failed,otp_timeout,2026-06-11T21:09:40.856028,21,3,0,,False,retry_link;reminder;discount_offer;escalate_to_human;no_action,escalate_to_human,True,879.97,10.99,0
TXN000745,CUST00379,394,19267.13,1.0,615.83,2,7,742.5,payment_failed,insufficient_funds,2026-06-11T21:16:44.585746,21,3,0,2026-06-04T19:03:57.007078,False,retry_link;reminder;discount_offer;escalate_to_human;no_action,discount_offer,True,742.5,8.81,0
TXN000746,CUST00216,119,1385.82,0.5,183.12,0,73,144.83,payment_failed,gateway_error,2026-06-11T21:39:12.499331,21,3,0,,False,retry_link;reminder;discount_offer;escalate_to_human;no_action,discount_offer,True,144.83,0.88,0
TXN000747,CUST01098,62,8369.76,0.5,652.73,0,25,353.34,payment_failed,insufficient_funds,2026-06-11T21:45:55.871182,21,3,0,,False,retry_link;reminder;discount_offer;escalate_to_human;no_action,escalate_to_human,True,353.34,4.22,0
TXN000748,CUST00193,543,2479.01,0.0,139.1,0,45,175.39,payment_failed,insufficient_funds,2026-06-11T21:47:11.897927,21,3,0,2026-06-02T00:00:28.002007,False,retry_link;reminder;discount_offer;escalate_to_human;no_action,reminder,False,0.0,,1
TXN000749,CUST00959,618,3609.55,0.5,414.89,0,7,642.18,payment_failed,insufficient_funds,2026-06-11T22:00:17.706689,22,3,0,,False,retry_link;reminder;discount_offer;escalate_to_human;no_action,reminder,False,0.0,,0
TXN000750,CUST00250,270,3600.85,0.0,250.48,0,36,424.6,payment_failed,bank_decline,2026-06-11T22:17:07.065088,22,3,0,,False,retry_link;reminder;discount_offer;escalate_to_human;no_action,reminder,True,424.6,3.8,1
TXN000751,CUST00826,1021,693.11,0.0,441.94,0,118,519.39,checkout_abandoned,bank_decline,2026-06-11T23:09:53.306465,23,3,0,2026-06-08T13:42:29.656269,False,retry_link;reminder;discount_offer;escalate_to_human;no_action,escalate_to_human,False,0.0,,2
TXN000752,CUST00784,717,3893.61,0.0,281.68,0,118,480.0,payment_failed,otp_timeout,2026-06-11T23:41:39.924852,23,3,0,,False,retry_link;reminder;discount_offer;escalate_to_human;no_action,discount_offer,False,0.0,,1
TXN000753,CUST00738,1107,35026.15,0.5,368.93,0,57,367.91,payment_failed,insufficient_funds,2026-06-11T23:43:54.392978,23,3,0,,False,retry_link;reminder;discount_offer;escalate_to_human;no_action,retry_link,True,367.91,12.79,0
TXN000754,CUST01159,511,821.64,0.5,279.54,0,112,319.12,checkout_abandoned,bank_decline,2026-06-11T23:50:23.503251,23,3,0,,False,retry_link;reminder;discount_offer;escalate_to_human;no_action,escalate_to_human,False,0.0,,0
TXN000755,CUST01477,591,4991.44,0.0,299.05,0,23,327.18,payment_failed,insufficient_funds,2026-06-12T00:11:28.092520,0,4,0,2026-06-08T07:39:29.541473,False,retry_link;reminder;discount_offer;escalate_to_human;no_action,no_action,False,0.0,,1
TXN000756,CUST00342,933,2974.65,0.0,732.82,0,104,1920.73,checkout_abandoned,bank_decline,2026-06-12T00:19:43.060474,0,4,0,2026-06-05T23:20:20.699121,False,retry_link;reminder;discount_offer;escalate_to_human;no_action,no_action,False,0.0,,1
TXN000757,CUST00924,373,952.11,0.5,260.17,0,40,443.52,checkout_abandoned,price_hesitation,2026-06-12T01:18:34.727358,1,4,0,,False,retry_link;reminder;discount_offer;escalate_to_human;no_action,no_action,False,0.0,,0
TXN000758,CUST00919,954,3927.82,0.5,1078.49,0,95,2140.22,payment_failed,price_hesitation,2026-06-12T01:39:24.854552,1,4,0,,False,retry_link;reminder;discount_offer;escalate_to_human;no_action,retry_link,False,0.0,,0
TXN000759,CUST00405,751,3651.27,0.5,300.94,0,98,245.27,payment_failed,otp_timeout,2026-06-12T01:48:07.063155,1,4,0,,False,retry_link;reminder;discount_offer;escalate_to_human;no_action,discount_offer,False,0.0,,0
TXN000760,CUST00287,858,3254.11,0.5,409.64,0,56,286.63,payment_failed,gateway_error,2026-06-12T02:08:21.700647,2,4,0,,False,retry_link;reminder;discount_offer;escalate_to_human;no_action,reminder,True,286.63,4.04,0
TXN000761,CUST01121,127,4974.52,0.0,522.42,0,15,529.48,payment_failed,price_hesitation,2026-06-12T02:18:37.843489,2,4,0,,False,retry_link;reminder;discount_offer;escalate_to_human;no_action,retry_link,True,529.48,22.87,1
TXN000762,CUST00905,1064,17073.07,0.5,461.26,0,41,645.42,payment_failed,gateway_error,2026-06-12T02:21:36.334564,2,4,0,,False,retry_link;reminder;discount_offer;escalate_to_human;no_action,escalate_to_human,True,645.42,1.44,0
TXN000763,CUST00846,235,1366.73,0.5,385.25,0,101,255.98,checkout_abandoned,insufficient_funds,2026-06-12T02:35:45.661315,2,4,0,,False,retry_link;reminder;discount_offer;escalate_to_human;no_action,reminder,False,0.0,,0
TXN000764,CUST00067,556,3931.57,0.5,1295.25,0,86,1427.52,checkout_abandoned,gateway_error,2026-06-12T02:48:50.810075,2,4,0,,False,retry_link;reminder;discount_offer;escalate_to_human;no_action,no_action,False,0.0,,0
TXN000765,CUST00542,293,11794.11,0.0,239.82,0,26,275.68,payment_failed,bank_decline,2026-06-12T03:11:30.317235,3,4,1,2026-06-11T12:01:28.000444,False,retry_link;reminder;discount_offer;escalate_to_human;no_action,reminder,False,0.0,,1
TXN000766,CUST00158,758,4386.28,1.0,338.86,1,4,339.59,payment_failed,insufficient_funds,2026-06-12T03:24:50.433176,3,4,0,2026-06-08T02:50:11.105508,False,retry_link;reminder;discount_offer;escalate_to_human;no_action,retry_link,True,339.59,5.27,0
TXN000767,CUST00606,485,6783.36,0.5,997.54,0,76,1321.64,payment_failed,bank_decline,2026-06-12T04:04:26.230357,4,4,0,,False,retry_link;reminder;discount_offer;escalate_to_human;no_action,no_action,True,1321.64,4.55,0
TXN000768,CUST00261,256,912.52,1.0,194.66,1,5,131.41,checkout_abandoned,otp_timeout,2026-06-12T06:02:36.876574,6,4,0,2026-06-07T04:26:51.284825,False,retry_link;reminder;discount_offer;escalate_to_human;no_action,escalate_to_human,True,131.41,12.45,0
TXN000769,CUST01117,880,3697.54,0.333,442.66,1,11,464.63,payment_failed,price_hesitation,2026-06-12T06:08:27.057257,6,4,0,2026-06-05T21:24:42.133909,False,retry_link;reminder;discount_offer;escalate_to_human;no_action,retry_link,False,0.0,,2
TXN000770,CUST01460,1185,50678.54,0.667,225.89,2,4,425.51,payment_failed,otp_timeout,2026-06-12T06:15:11.435450,6,4,0,2026-06-07T16:22:35.607741,False,retry_link;reminder;discount_offer;escalate_to_human;no_action,escalate_to_human,False,0.0,,1
TXN000771,CUST00797,688,20810.81,0.5,622.85,0,30,674.19,payment_failed,price_hesitation,2026-06-12T06:26:59.320922,6,4,0,,False,retry_link;reminder;discount_offer;escalate_to_human;no_action,escalate_to_human,True,674.19,4.72,0
TXN000772,CUST00055,66,6143.05,0.5,100.0,0,80,84.2,checkout_abandoned,bank_decline,2026-06-12T06:33:48.199547,6,4,0,,False,retry_link;reminder;discount_offer;escalate_to_human;no_action,no_action,False,0.0,,0
TXN000773,CUST00315,989,4907.25,0.5,618.55,0,89,382.73,checkout_abandoned,otp_timeout,2026-06-12T06:39:34.468805,6,4,0,,False,retry_link;reminder;discount_offer;escalate_to_human;no_action,reminder,True,382.73,2.12,0
TXN000774,CUST00049,1167,31256.99,0.5,251.32,0,117,339.48,payment_failed,insufficient_funds,2026-06-12T07:06:56.290000,7,4,0,,False,retry_link;reminder;discount_offer;escalate_to_human;no_action,escalate_to_human,True,339.48,13.72,0
TXN000775,CUST00356,228,20971.39,0.5,202.45,0,47,166.83,payment_failed,insufficient_funds,2026-06-12T07:14:46.161727,7,4,0,,False,retry_link;reminder;discount_offer;escalate_to_human;no_action,no_action,False,0.0,,0
TXN000776,CUST00888,24,3868.21,1.0,152.0,1,9,267.3,payment_failed,insufficient_funds,2026-06-12T07:31:22.450364,7,4,0,2026-06-03T03:16:10.002455,False,retry_link;reminder;discount_offer;escalate_to_human;no_action,no_action,False,0.0,,0
TXN000777,CUST01421,1492,3410.5,0.0,896.83,0,52,892.72,checkout_abandoned,price_hesitation,2026-06-12T07:39:08.831346,7,4,0,2026-06-07T05:55:38.252815,False,retry_link;reminder;discount_offer;escalate_to_human;no_action,reminder,False,0.0,,3
TXN000778,CUST01121,127,4974.52,0.5,522.42,1,0,314.05,payment_failed,insufficient_funds,2026-06-12T07:46:51.119690,7,4,1,2026-06-12T02:18:37.843489,False,retry_link;reminder;discount_offer;escalate_to_human;no_action,escalate_to_human,False,0.0,,1
TXN000779,CUST00647,803,21194.44,0.5,826.82,0,18,910.7,checkout_abandoned,bank_decline,2026-06-12T08:47:24.946077,8,4,0,,False,retry_link;reminder;discount_offer;escalate_to_human;no_action,discount_offer,False,0.0,,0
TXN000780,CUST00664,896,715.29,1.0,329.92,1,10,321.35,checkout_abandoned,gateway_error,2026-06-12T08:48:12.521518,8,4,0,2026-06-01T14:38:46.266986,False,retry_link;reminder;discount_offer;escalate_to_human;no_action,no_action,False,0.0,,0
TXN000781,CUST00871,303,1042.14,0.5,221.62,0,96,171.96,payment_failed,otp_timeout,2026-06-12T09:15:30.598094,9,4,0,,False,retry_link;reminder;discount_offer;escalate_to_human;no_action,no_action,False,0.0,,0
TXN000782,CUST01344,280,3498.45,0.5,756.55,0,36,467.66,payment_failed,gateway_error,2026-06-12T09:54:01.558885,9,4,0,,False,retry_link;reminder;discount_offer;escalate_to_human;no_action,reminder,False,0.0,,0
TXN000783,CUST00554,1476,2475.11,0.5,255.56,0,9,169.71,payment_failed,insufficient_funds,2026-06-12T10:06:46.023683,10,4,0,,False,retry_link;reminder;discount_offer;escalate_to_human;no_action,discount_offer,False,0.0,,0
TXN000784,CUST01270,554,7553.74,0.0,159.59,0,36,163.32,checkout_abandoned,otp_timeout,2026-06-12T10:41:18.539572,10,4,1,2026-06-11T12:35:38.421758,False,retry_link;reminder;discount_offer;escalate_to_human;no_action,reminder,False,0.0,,1
TXN000785,CUST00827,1345,2031.31,0.5,452.01,0,85,297.0,payment_failed,bank_decline,2026-06-12T11:15:42.300097,11,4,0,,False,retry_link;reminder;discount_offer;escalate_to_human;no_action,reminder,False,0.0,,0
TXN000786,CUST01158,576,23573.11,0.5,185.12,0,9,177.82,checkout_abandoned,bank_decline,2026-06-12T11:53:03.042068,11,4,0,,False,retry_link;reminder;discount_offer;escalate_to_human;no_action,reminder,True,177.82,2.51,0
TXN000787,CUST01418,1291,6981.4,1.0,380.85,2,5,476.27,payment_failed,insufficient_funds,2026-06-12T12:32:30.794065,12,4,0,2026-06-07T11:57:14.793362,False,retry_link;reminder;discount_offer;escalate_to_human;no_action,no_action,False,0.0,,0
TXN000788,CUST00582,161,9659.5,0.0,558.12,0,41,1087.56,payment_failed,bank_decline,2026-06-12T12:51:47.574305,12,4,0,2026-06-10T10:49:09.453594,False,retry_link;reminder;discount_offer;escalate_to_human;no_action,reminder,True,1087.56,11.89,1
TXN000789,CUST00694,136,22130.19,0.5,409.29,0,5,451.58,payment_failed,price_hesitation,2026-06-12T12:54:45.418490,12,4,0,,False,retry_link;reminder;discount_offer;escalate_to_human;no_action,retry_link,True,451.58,4.28,0
TXN000790,CUST00574,11,6525.05,0.5,639.2,0,97,1100.41,payment_failed,gateway_error,2026-06-12T13:09:21.210296,13,4,0,,False,retry_link;reminder;discount_offer;escalate_to_human;no_action,escalate_to_human,True,1100.41,2.48,0
TXN000791,CUST00876,810,6994.89,0.0,732.96,0,103,687.58,payment_failed,bank_decline,2026-06-12T14:07:37.626929,14,4,0,2026-06-11T06:17:47.425927,False,retry_link;reminder;discount_offer;escalate_to_human;no_action,escalate_to_human,False,0.0,,1
TXN000792,CUST00302,15,7714.15,0.0,290.53,0,124,356.44,checkout_abandoned,insufficient_funds,2026-06-12T14:17:36.216977,14,4,0,2026-06-01T07:39:54.338898,False,retry_link;reminder;discount_offer;escalate_to_human;no_action,reminder,False,0.0,,1
TXN000793,CUST00784,717,3893.61,0.0,281.68,0,119,400.77,checkout_abandoned,otp_timeout,2026-06-12T14:19:14.001502,14,4,1,2026-06-11T23:41:39.924852,False,retry_link;reminder;discount_offer;escalate_to_human;no_action,escalate_to_human,False,0.0,,2
TXN000794,CUST01193,1054,198.57,0.5,266.44,0,96,238.87,payment_failed,price_hesitation,2026-06-12T14:37:29.508958,14,4,0,,False,retry_link;reminder;discount_offer;escalate_to_human;no_action,escalate_to_human,False,0.0,,0
TXN000795,CUST00845,9,2444.77,0.5,331.12,0,92,352.89,checkout_abandoned,bank_decline,2026-06-12T14:45:53.758699,14,4,0,,False,retry_link;reminder;discount_offer;escalate_to_human;no_action,reminder,False,0.0,,0
TXN000796,CUST00126,119,162224.92,0.5,297.13,0,55,260.04,checkout_abandoned,otp_timeout,2026-06-12T15:45:02.716381,15,4,0,,False,retry_link;reminder;discount_offer;escalate_to_human;no_action,no_action,False,0.0,,0
TXN000797,CUST00384,48,1469.87,0.5,670.06,0,37,852.21,checkout_abandoned,insufficient_funds,2026-06-12T16:00:28.066278,16,4,0,,False,retry_link;reminder;discount_offer;escalate_to_human;no_action,discount_offer,True,852.21,5.28,0
TXN000798,CUST00896,764,121257.19,0.0,221.4,0,80,330.88,payment_failed,otp_timeout,2026-06-12T16:21:38.832804,16,4,0,,False,retry_link;reminder;discount_offer;escalate_to_human;no_action,retry_link,False,0.0,,1
TXN000799,CUST00103,12,478.99,0.0,332.63,0,114,336.02,payment_failed,price_hesitation,2026-06-12T17:09:14.717324,17,4,0,2026-06-04T23:00:15.838941,False,retry_link;reminder;discount_offer;escalate_to_human;no_action,reminder,False,0.0,,1
TXN000800,CUST01099,651,3688.92,0.5,525.49,0,11,353.33,payment_failed,insufficient_funds,2026-06-12T17:27:25.511852,17,4,0,,False,retry_link;reminder;discount_offer;escalate_to_human;no_action,retry_link,False,0.0,,0
TXN000801,CUST00558,1189,7332.47,0.5,436.72,0,62,485.45,payment_failed,gateway_error,2026-06-12T17:30:09.998118,17,4,0,,False,retry_link;reminder;discount_offer;escalate_to_human;no_action,escalate_to_human,True,485.45,2.26,0
TXN000802,CUST00083,1249,7459.23,1.0,254.47,1,3,180.64,checkout_abandoned,insufficient_funds,2026-06-12T17:49:18.126741,17,4,0,,False,retry_link;reminder;discount_offer;escalate_to_human;no_action,retry_link,True,180.64,0.06,0
TXN000803,CUST00558,1189,7332.47,1.0,436.72,1,0,444.78,payment_failed,insufficient_funds,2026-06-12T18:08:34.357698,18,4,1,2026-06-12T17:30:09.998118,True,no_action,no_action,False,0.0,,0
TXN000804,CUST01459,774,3259.24,1.0,346.47,1,8,189.06,payment_failed,gateway_error,2026-06-12T18:13:54.306776,18,4,0,2026-06-03T19:48:31.676422,False,retry_link;reminder;discount_offer;escalate_to_human;no_action,reminder,True,189.06,14.06,0
TXN000805,CUST01113,438,7754.88,1.0,260.22,1,2,248.88,checkout_abandoned,bank_decline,2026-06-12T18:59:08.370546,18,4,0,,False,retry_link;reminder;discount_offer;escalate_to_human;no_action,discount_offer,False,0.0,,0
TXN000806,CUST00368,34,10082.63,0.5,397.68,0,91,370.04,payment_failed,otp_timeout,2026-06-12T19:38:58.867744,19,4,0,,False,retry_link;reminder;discount_offer;escalate_to_human;no_action,escalate_to_human,False,0.0,,0
TXN000807,CUST01242,1444,3648.3,1.0,150.05,1,11,124.98,checkout_abandoned,otp_timeout,2026-06-12T19:43:15.450718,19,4,0,2026-06-01T00:49:20.356394,False,retry_link;reminder;discount_offer;escalate_to_human;no_action,discount_offer,True,124.98,3.68,0
TXN000808,CUST00410,262,1837.89,0.5,348.66,0,35,327.31,checkout_abandoned,gateway_error,2026-06-12T20:35:25.037118,20,4,0,,False,retry_link;reminder;discount_offer;escalate_to_human;no_action,discount_offer,True,327.31,0.94,0
TXN000809,CUST01419,714,19634.16,0.5,147.28,0,6,130.71,checkout_abandoned,bank_decline,2026-06-12T20:51:21.704735,20,4,0,,False,retry_link;reminder;discount_offer;escalate_to_human;no_action,escalate_to_human,True,130.71,2.48,0
TXN000810,CUST00223,304,18404.25,0.5,514.82,0,86,442.36,checkout_abandoned,gateway_error,2026-06-12T21:39:36.527847,21,4,0,,False,retry_link;reminder;discount_offer;escalate_to_human;no_action,escalate_to_human,True,442.36,5.42,0
TXN000811,CUST01438,479,10355.09,0.5,191.68,0,94,112.66,payment_failed,insufficient_funds,2026-06-12T21:50:16.807212,21,4,0,,False,retry_link;reminder;discount_offer;escalate_to_human;no_action,escalate_to_human,True,112.66,8.76,0
TXN000812,CUST00750,1441,5543.79,0.5,612.06,0,75,354.43,checkout_abandoned,insufficient_funds,2026-06-12T22:34:54.335193,22,4,0,,False,retry_link;reminder;discount_offer;escalate_to_human;no_action,reminder,True,354.43,2.55,0
TXN000813,CUST01071,314,4872.22,0.5,390.1,0,88,414.69,payment_failed,price_hesitation,2026-06-12T22:52:59.367727,22,4,0,,False,retry_link;reminder;discount_offer;escalate_to_human;no_action,discount_offer,False,0.0,,0
TXN000814,CUST00116,56,3432.73,0.5,1737.95,0,38,1043.22,payment_failed,gateway_error,2026-06-12T22:56:48.505682,22,4,0,,False,retry_link;reminder;discount_offer;escalate_to_human;no_action,escalate_to_human,True,1043.22,1.94,0
TXN000815,CUST01259,1203,8413.02,0.0,333.97,0,39,508.15,checkout_abandoned,price_hesitation,2026-06-12T23:18:57.708471,23,4,0,,False,retry_link;reminder;discount_offer;escalate_to_human;no_action,escalate_to_human,False,0.0,,1
TXN000816,CUST01109,67,3831.07,0.5,282.38,0,11,224.62,checkout_abandoned,insufficient_funds,2026-06-12T23:26:44.355718,23,4,0,,False,retry_link;reminder;discount_offer;escalate_to_human;no_action,escalate_to_human,False,0.0,,0
TXN000817,CUST00831,362,2215.48,0.5,188.57,1,3,206.7,checkout_abandoned,bank_decline,2026-06-12T23:26:52.048220,23,4,0,2026-06-08T23:27:49.315806,False,retry_link;reminder;discount_offer;escalate_to_human;no_action,reminder,False,0.0,,1
TXN000818,CUST00619,210,3884.75,0.5,345.59,0,10,425.34,payment_failed,insufficient_funds,2026-06-12T23:56:51.058335,23,4,0,,False,retry_link;reminder;discount_offer;escalate_to_human;no_action,reminder,True,425.34,1.83,0
TXN000819,CUST00921,859,8547.15,0.5,2036.64,0,32,2245.1,checkout_abandoned,bank_decline,2026-06-12T23:58:43.194843,23,4,0,,False,retry_link;reminder;discount_offer;escalate_to_human;no_action,no_action,False,0.0,,0
TXN000820,CUST00277,1174,5615.56,0.5,100.0,0,26,144.77,payment_failed,price_hesitation,2026-06-12T23:58:57.593544,23,4,0,,False,retry_link;reminder;discount_offer;escalate_to_human;no_action,escalate_to_human,False,0.0,,0
TXN000821,CUST00656,1149,9060.53,0.5,149.41,0,6,172.83,payment_failed,price_hesitation,2026-06-13T00:17:49.475234,0,5,0,,False,retry_link;reminder;discount_offer;escalate_to_human;no_action,retry_link,False,0.0,,0
TXN000822,CUST01215,172,28699.99,0.0,452.92,0,24,825.04,checkout_abandoned,bank_decline,2026-06-13T00:30:29.497160,0,5,0,2026-06-09T16:33:34.363836,False,retry_link;reminder;discount_offer;escalate_to_human;no_action,escalate_to_human,False,0.0,,2
TXN000823,CUST00414,27,4099.29,0.5,654.67,0,82,892.57,payment_failed,insufficient_funds,2026-06-13T00:35:12.781695,0,5,0,,False,retry_link;reminder;discount_offer;escalate_to_human;no_action,discount_offer,True,892.57,1.89,0
TXN000824,CUST01091,672,560.47,0.0,487.15,0,77,501.85,checkout_abandoned,bank_decline,2026-06-13T01:23:49.720370,1,5,0,2026-06-11T11:16:06.227453,False,retry_link;reminder;discount_offer;escalate_to_human;no_action,escalate_to_human,True,501.85,3.64,1
TXN000825,CUST01195,951,172.02,0.5,343.55,0,56,495.17,payment_failed,gateway_error,2026-06-13T01:53:27.551241,1,5,0,,False,retry_link;reminder;discount_offer;escalate_to_human;no_action,no_action,False,0.0,,0
TXN000826,CUST00479,164,1534.39,1.0,196.92,1,2,199.09,payment_failed,insufficient_funds,2026-06-13T02:04:50.791106,2,5,0,2026-06-10T04:59:05.522140,False,retry_link;reminder;discount_offer;escalate_to_human;no_action,reminder,True,199.09,0.54,0
TXN000827,CUST00248,1180,13585.98,0.5,491.36,0,65,340.44,payment_failed,price_hesitation,2026-06-13T02:45:28.625621,2,5,0,,False,retry_link;reminder;discount_offer;escalate_to_human;no_action,reminder,True,340.44,0.47,0
TXN000828,CUST00042,1051,11092.4,0.5,358.86,0,38,418.61,checkout_abandoned,insufficient_funds,2026-06-13T03:01:26.942935,3,5,0,,False,retry_link;reminder;discount_offer;escalate_to_human;no_action,no_action,False,0.0,,0
TXN000829,CUST01411,842,64320.24,0.5,674.76,0,75,876.07,payment_failed,insufficient_funds,2026-06-13T03:04:24.746495,3,5,0,,False,retry_link;reminder;discount_offer;escalate_to_human;no_action,discount_offer,False,0.0,,0
TXN000830,CUST00004,650,1780.81,0.5,170.75,0,88,251.25,payment_failed,insufficient_funds,2026-06-13T03:19:09.346424,3,5,0,,False,retry_link;reminder;discount_offer;escalate_to_human;no_action,reminder,False,0.0,,0
TXN000831,CUST00246,1136,3709.25,0.5,253.58,0,42,154.86,payment_failed,gateway_error,2026-06-13T03:29:03.254251,3,5,0,,False,retry_link;reminder;discount_offer;escalate_to_human;no_action,discount_offer,False,0.0,,0
TXN000832,CUST00158,758,4386.28,1.0,338.86,2,1,304.57,payment_failed,price_hesitation,2026-06-13T03:46:32.959499,3,5,0,2026-06-12T03:24:50.433176,False,retry_link;reminder;discount_offer;escalate_to_human;no_action,retry_link,True,304.57,0.32,0
TXN000833,CUST00859,1201,7188.94,1.0,619.44,1,7,686.42,payment_failed,gateway_error,2026-06-13T03:52:51.041136,3,5,0,2026-06-05T16:32:05.736343,False,retry_link;reminder;discount_offer;escalate_to_human;no_action,discount_offer,True,686.42,20.77,0
TXN000834,CUST00050,1140,32921.95,0.0,424.04,0,92,484.63,checkout_abandoned,gateway_error,2026-06-13T03:53:44.655944,3,5,0,,True,no_action,no_action,False,0.0,,1
TXN000835,CUST00010,790,8043.3,0.5,441.88,0,82,423.98,payment_failed,bank_decline,2026-06-13T04:43:19.490419,4,5,0,,False,retry_link;reminder;discount_offer;escalate_to_human;no_action,retry_link,True,423.98,0.48,0
TXN000836,CUST00357,1337,108026.51,0.0,185.26,0,115,154.2,payment_failed,insufficient_funds,2026-06-13T05:25:46.779734,5,5,0,2026-06-05T14:08:46.416341,False,retry_link;reminder;discount_offer;escalate_to_human;no_action,reminder,False,0.0,,1
TXN000837,CUST00448,782,3124.64,0.5,326.38,0,46,289.23,payment_failed,gateway_error,2026-06-13T05:52:38.057243,5,5,0,,False,retry_link;reminder;discount_offer;escalate_to_human;no_action,retry_link,True,289.23,1.52,0
TXN000838,CUST01227,1476,1808.02,0.5,594.16,0,79,635.2,payment_failed,bank_decline,2026-06-13T05:53:24.499588,5,5,0,,False,retry_link;reminder;discount_offer;escalate_to_human;no_action,retry_link,False,0.0,,0
TXN000839,CUST01000,1212,15553.59,0.0,777.58,0,58,568.68,checkout_abandoned,insufficient_funds,2026-06-13T05:53:56.762067,5,5,0,,False,retry_link;reminder;discount_offer;escalate_to_human;no_action,discount_offer,False,0.0,,1
TXN000840,CUST01078,627,2644.35,0.5,253.45,0,61,248.43,checkout_abandoned,otp_timeout,2026-06-13T06:22:48.142642,6,5,0,,False,retry_link;reminder;discount_offer;escalate_to_human;no_action,discount_offer,True,248.43,15.7,0
TXN000841,CUST00522,289,31317.89,1.0,200.55,1,3,297.97,payment_failed,gateway_error,2026-06-13T06:34:50.308425,6,5,0,2026-06-09T16:54:46.591072,False,retry_link;reminder;discount_offer;escalate_to_human;no_action,reminder,True,297.97,5.57,0
TXN000842,CUST00264,1484,7419.19,0.5,311.01,0,27,184.63,payment_failed,price_hesitation,2026-06-13T06:34:54.782030,6,5,0,,False,retry_link;reminder;discount_offer;escalate_to_human;no_action,discount_offer,True,184.63,3.55,0
TXN000843,CUST00703,257,22955.32,0.5,224.38,0,61,215.75,checkout_abandoned,bank_decline,2026-06-13T06:44:03.645559,6,5,0,,False,retry_link;reminder;discount_offer;escalate_to_human;no_action,discount_offer,False,0.0,,0
TXN000844,CUST00372,615,11783.15,0.0,437.86,0,62,307.36,payment_failed,bank_decline,2026-06-13T07:05:04.248959,7,5,0,2026-06-01T06:03:58.750403,False,retry_link;reminder;discount_offer;escalate_to_human;no_action,reminder,True,307.36,0.32,1
TXN000845,CUST00435,186,5550.67,0.0,232.4,0,60,145.09,payment_failed,insufficient_funds,2026-06-13T08:00:14.776987,8,5,0,2026-06-05T17:07:19.474703,False,retry_link;reminder;discount_offer;escalate_to_human;no_action,no_action,False,0.0,,1
TXN000846,CUST00251,741,4372.98,0.5,254.69,0,42,536.24,payment_failed,insufficient_funds,2026-06-13T08:07:10.787702,8,5,0,,False,retry_link;reminder;discount_offer;escalate_to_human;no_action,discount_offer,False,0.0,,0
TXN000847,CUST00798,473,3474.86,0.5,414.55,0,32,447.62,checkout_abandoned,bank_decline,2026-06-13T08:15:51.427915,8,5,0,,False,retry_link;reminder;discount_offer;escalate_to_human;no_action,retry_link,False,0.0,,0
TXN000848,CUST00702,252,7552.12,0.0,153.89,0,96,148.44,payment_failed,insufficient_funds,2026-06-13T08:18:01.377400,8,5,0,2026-06-04T02:30:57.422763,False,retry_link;reminder;discount_offer;escalate_to_human;no_action,escalate_to_human,False,0.0,,1
TXN000849,CUST01298,796,9321.1,0.5,332.8,1,8,350.11,payment_failed,otp_timeout,2026-06-13T08:20:43.050673,8,5,0,2026-06-09T13:39:52.433031,False,retry_link;reminder;discount_offer;escalate_to_human;no_action,discount_offer,True,350.11,8.7,1
TXN000850,CUST00668,1378,7115.57,0.0,260.26,0,19,417.23,payment_failed,bank_decline,2026-06-13T08:51:40.194521,8,5,0,2026-06-11T01:50:44.152695,False,retry_link;reminder;discount_offer;escalate_to_human;no_action,reminder,False,0.0,,1
TXN000851,CUST00833,215,3287.83,0.5,315.62,0,92,421.07,checkout_abandoned,gateway_error,2026-06-13T08:59:22.530057,8,5,0,,False,retry_link;reminder;discount_offer;escalate_to_human;no_action,discount_offer,True,421.07,2.74,0
TXN000852,CUST00943,711,35529.42,0.0,495.7,0,11,663.29,payment_failed,insufficient_funds,2026-06-13T09:39:13.533906,9,5,0,,False,retry_link;reminder;discount_offer;escalate_to_human;no_action,retry_link,False,0.0,,1
TXN000853,CUST00458,1261,7352.76,0.5,113.97,0,30,97.18,checkout_abandoned,gateway_error,2026-06-13T09:43:20.961286,9,5,0,,False,retry_link;reminder;discount_offer;escalate_to_human;no_action,retry_link,False,0.0,,0
TXN000854,CUST01423,1012,7582.98,0.5,223.98,0,113,209.92,checkout_abandoned,otp_timeout,2026-06-13T09:44:38.726658,9,5,0,,False,retry_link;reminder;discount_offer;escalate_to_human;no_action,escalate_to_human,True,209.92,1.57,0
TXN000855,CUST01073,788,3530.37,1.0,460.53,1,1,373.44,payment_failed,price_hesitation,2026-06-13T09:51:52.516812,9,5,0,2026-06-11T12:24:39.407454,False,retry_link;reminder;discount_offer;escalate_to_human;no_action,escalate_to_human,False,0.0,,0
TXN000856,CUST01413,1188,7019.86,0.5,306.02,0,84,395.51,checkout_abandoned,bank_decline,2026-06-13T11:09:30.513836,11,5,0,,False,retry_link;reminder;discount_offer;escalate_to_human;no_action,reminder,False,0.0,,0
TXN000857,CUST00487,796,1867.84,0.5,100.0,0,89,157.5,checkout_abandoned,otp_timeout,2026-06-13T11:35:47.593872,11,5,0,,False,retry_link;reminder;discount_offer;escalate_to_human;no_action,no_action,True,157.5,13.39,0
TXN000858,CUST00942,1370,4389.94,0.0,460.76,0,52,633.26,checkout_abandoned,gateway_error,2026-06-13T12:03:46.920968,12,5,0,2026-06-02T01:18:02.385871,False,retry_link;reminder;discount_offer;escalate_to_human;no_action,no_action,False,0.0,,1
TXN000859,CUST00663,304,4100.58,0.5,654.9,0,12,749.19,checkout_abandoned,bank_decline,2026-06-13T13:15:19.486018,13,5,0,,False,retry_link;reminder;discount_offer;escalate_to_human;no_action,reminder,False,0.0,,0
TXN000860,CUST01422,883,96219.14,0.5,312.88,0,104,221.06,checkout_abandoned,insufficient_funds,2026-06-13T13:16:39.941378,13,5,0,,False,retry_link;reminder;discount_offer;escalate_to_human;no_action,retry_link,False,0.0,,0
TXN000861,CUST00290,1211,1263.58,0.5,230.24,0,23,208.06,payment_failed,bank_decline,2026-06-13T14:17:33.843804,14,5,0,,False,retry_link;reminder;discount_offer;escalate_to_human;no_action,retry_link,True,208.06,1.73,0
TXN000862,CUST00697,885,14691.72,0.0,990.86,0,119,773.58,payment_failed,gateway_error,2026-06-13T14:29:58.458356,14,5,0,,False,retry_link;reminder;discount_offer;escalate_to_human;no_action,no_action,False,0.0,,1
TXN000863,CUST01333,1211,113912.09,0.5,118.81,0,18,98.52,payment_failed,insufficient_funds,2026-06-13T14:49:51.541491,14,5,0,,False,retry_link;reminder;discount_offer;escalate_to_human;no_action,no_action,False,0.0,,0
TXN000864,CUST00368,34,10082.63,0.0,397.68,0,91,399.36,payment_failed,price_hesitation,2026-06-13T14:53:41.198672,14,5,1,2026-06-12T19:38:58.867744,False,retry_link;reminder;discount_offer;escalate_to_human;no_action,discount_offer,False,0.0,,1
TXN000865,CUST01034,100,16466.95,0.5,264.48,0,82,203.05,checkout_abandoned,bank_decline,2026-06-13T15:08:21.876670,15,5,0,,False,retry_link;reminder;discount_offer;escalate_to_human;no_action,reminder,True,203.05,20.45,0
TXN000866,CUST00700,781,3870.16,0.5,214.18,0,88,193.05,payment_failed,otp_timeout,2026-06-13T16:05:41.153347,16,5,0,,False,retry_link;reminder;discount_offer;escalate_to_human;no_action,reminder,False,0.0,,0
TXN000867,CUST00503,1301,11623.85,0.5,367.89,0,9,599.92,checkout_abandoned,price_hesitation,2026-06-13T17:28:22.528593,17,5,0,,False,retry_link;reminder;discount_offer;escalate_to_human;no_action,discount_offer,True,599.92,1.02,0
TXN000868,CUST00381,1405,9657.68,0.5,770.31,0,115,414.17,payment_failed,gateway_error,2026-06-13T17:31:15.279137,17,5,0,,False,retry_link;reminder;discount_offer;escalate_to_human;no_action,reminder,False,0.0,,0
TXN000869,CUST01219,660,2034.94,0.5,1048.39,0,41,637.14,payment_failed,bank_decline,2026-06-13T18:15:52.473355,18,5,0,,False,retry_link;reminder;discount_offer;escalate_to_human;no_action,no_action,False,0.0,,0
TXN000870,CUST00547,887,10181.11,1.0,945.38,1,6,926.06,payment_failed,gateway_error,2026-06-13T18:42:07.903436,18,5,0,2026-06-07T14:57:48.155694,False,retry_link;reminder;discount_offer;escalate_to_human;no_action,escalate_to_human,True,926.06,9.94,0
TXN000871,CUST00320,481,1719.4,0.0,440.6,0,55,286.58,checkout_abandoned,price_hesitation,2026-06-13T18:53:41.927453,18,5,0,2026-06-11T20:05:46.102860,False,retry_link;reminder;discount_offer;escalate_to_human;no_action,no_action,False,0.0,,1
TXN000872,CUST01136,1087,4082.57,0.5,227.49,0,87,241.39,checkout_abandoned,insufficient_funds,2026-06-13T19:13:25.432210,19,5,0,,False,retry_link;reminder;discount_offer;escalate_to_human;no_action,escalate_to_human,False,0.0,,0
TXN000873,CUST01036,1354,32239.2,1.0,223.97,1,7,208.71,payment_failed,price_hesitation,2026-06-13T20:22:18.508702,20,5,0,2026-06-06T10:15:36.397113,False,retry_link;reminder;discount_offer;escalate_to_human;no_action,no_action,True,208.71,27.88,0
TXN000874,CUST00358,137,2577.97,1.0,706.12,1,12,812.18,payment_failed,otp_timeout,2026-06-13T20:40:58.049964,20,5,0,2026-06-01T14:30:18.145933,False,retry_link;reminder;discount_offer;escalate_to_human;no_action,escalate_to_human,True,812.18,2.58,0
TXN000875,CUST00910,1155,1284.52,1.0,493.27,1,8,404.77,payment_failed,bank_decline,2026-06-13T20:47:49.929220,20,5,0,2026-06-05T18:47:25.563441,False,retry_link;reminder;discount_offer;escalate_to_human;no_action,retry_link,False,0.0,,0
TXN000876,CUST01318,674,1647.37,0.5,554.38,0,41,411.34,checkout_abandoned,bank_decline,2026-06-13T20:48:26.267500,20,5,0,,False,retry_link;reminder;discount_offer;escalate_to_human;no_action,escalate_to_human,True,411.34,1.67,0
TXN000877,CUST01259,1203,8413.02,0.0,333.97,0,40,341.14,checkout_abandoned,insufficient_funds,2026-06-13T20:59:02.778410,20,5,1,2026-06-12T23:18:57.708471,False,retry_link;reminder;discount_offer;escalate_to_human;no_action,no_action,False,0.0,,2
TXN000878,CUST01363,303,5850.56,1.0,318.3,1,2,360.86,checkout_abandoned,otp_timeout,2026-06-13T21:03:34.699442,21,5,0,2026-06-11T17:34:39.446612,False,retry_link;reminder;discount_offer;escalate_to_human;no_action,escalate_to_human,True,360.86,2.79,0
TXN000879,CUST00793,1238,546.09,0.5,354.67,0,16,532.41,payment_failed,insufficient_funds,2026-06-13T21:39:22.605719,21,5,0,,False,retry_link;reminder;discount_offer;escalate_to_human;no_action,reminder,True,532.41,1.27,0
TXN000880,CUST01069,17,15018.93,0.5,178.2,0,90,294.73,payment_failed,insufficient_funds,2026-06-13T22:13:15.304959,22,5,0,,False,retry_link;reminder;discount_offer;escalate_to_human;no_action,reminder,False,0.0,,0
TXN000881,CUST01203,1142,17015.67,0.0,183.63,0,28,178.69,payment_failed,price_hesitation,2026-06-13T22:24:39.029306,22,5,0,2026-06-07T22:52:12.302583,False,retry_link;reminder;discount_offer;escalate_to_human;no_action,escalate_to_human,False,0.0,,1
TXN000882,CUST01286,1361,4431.02,0.0,296.27,0,128,289.27,payment_failed,insufficient_funds,2026-06-13T22:26:29.900909,22,5,0,2026-06-03T19:36:45.634996,False,retry_link;reminder;discount_offer;escalate_to_human;no_action,discount_offer,False,0.0,,2
TXN000883,CUST00829,44,7593.59,1.0,775.99,1,5,1333.47,checkout_abandoned,bank_decline,2026-06-13T22:29:32.404341,22,5,0,2026-06-08T10:27:42.174131,False,retry_link;reminder;discount_offer;escalate_to_human;no_action,discount_offer,False,0.0,,0
TXN000884,CUST00798,473,3474.86,0.0,414.55,0,32,446.35,payment_failed,otp_timeout,2026-06-13T22:37:25.594814,22,5,1,2026-06-13T08:15:51.427915,False,retry_link;reminder;discount_offer;escalate_to_human;no_action,no_action,True,446.35,2.15,1
TXN000885,CUST00630,1105,3721.31,0.5,300.94,0,48,313.82,checkout_abandoned,price_hesitation,2026-06-13T23:10:54.736843,23,5,0,,False,retry_link;reminder;discount_offer;escalate_to_human;no_action,escalate_to_human,True,313.82,3.88,0
TXN000886,CUST01219,660,2034.94,0.0,1048.39,0,41,1037.84,payment_failed,otp_timeout,2026-06-13T23:31:40.391744,23,5,0,,False,retry_link;reminder;discount_offer;escalate_to_human;no_action,escalate_to_human,True,1037.84,2.46,1
TXN000887,CUST00803,1377,3994.91,0.5,209.07,0,27,190.69,checkout_abandoned,insufficient_funds,2026-06-13T23:45:16.107470,23,5,0,,False,retry_link;reminder;discount_offer;escalate_to_human;no_action,retry_link,False,0.0,,0
TXN000888,CUST01048,1003,1790.9,0.0,273.74,0,29,206.3,payment_failed,otp_timeout,2026-06-14T00:00:26.166903,0,6,0,2026-06-01T22:18:31.268214,False,retry_link;reminder;discount_offer;escalate_to_human;no_action,no_action,False,0.0,,1
TXN000889,CUST01495,647,4990.48,1.0,197.08,2,5,309.96,payment_failed,price_hesitation,2026-06-14T00:34:55.933245,0,6,0,2026-06-08T02:37:12.238731,False,retry_link;reminder;discount_offer;escalate_to_human;no_action,reminder,True,309.96,0.18,0
TXN000890,CUST01028,848,2861.43,0.5,557.47,0,28,580.93,payment_failed,insufficient_funds,2026-06-14T00:56:07.761327,0,6,0,,False,retry_link;reminder;discount_offer;escalate_to_human;no_action,escalate_to_human,False,0.0,,0
TXN000891,CUST01350,91,3373.25,0.0,510.52,0,103,943.31,checkout_abandoned,insufficient_funds,2026-06-14T01:18:30.778948,1,6,0,2026-06-03T11:02:02.070654,False,retry_link;reminder;discount_offer;escalate_to_human;no_action,no_action,True,943.31,6.45,2
TXN000892,CUST00943,711,35529.42,0.0,495.7,0,12,548.05,checkout_abandoned,bank_decline,2026-06-14T01:41:46.271607,1,6,1,2026-06-13T09:39:13.533906,False,retry_link;reminder;discount_offer;escalate_to_human;no_action,retry_link,False,0.0,,2
TXN000893,CUST00905,1064,17073.07,1.0,461.26,1,1,432.18,payment_failed,insufficient_funds,2026-06-14T02:00:33.555072,2,6,0,2026-06-12T02:21:36.334564,False,retry_link;reminder;discount_offer;escalate_to_human;no_action,retry_link,False,0.0,,0
TXN000894,CUST00010,790,8043.3,1.0,441.88,1,0,624.84,payment_failed,bank_decline,2026-06-14T02:00:35.919851,2,6,1,2026-06-13T04:43:19.490419,False,retry_link;reminder;discount_offer;escalate_to_human;no_action,reminder,True,624.84,9.28,0
TXN000895,CUST00586,1034,1642.44,0.5,930.46,0,27,415.84,payment_failed,price_hesitation,2026-06-14T02:09:39.267729,2,6,0,,False,retry_link;reminder;discount_offer;escalate_to_human;no_action,discount_offer,True,415.84,1.46,0
TXN000896,CUST00541,84,5470.66,0.5,125.19,0,89,124.7,payment_failed,otp_timeout,2026-06-14T02:10:40.996544,2,6,0,,False,retry_link;reminder;discount_offer;escalate_to_human;no_action,no_action,False,0.0,,0
TXN000897,CUST00544,1246,4654.01,0.0,238.6,0,84,156.28,checkout_abandoned,insufficient_funds,2026-06-14T03:17:42.836439,3,6,0,2026-06-07T01:44:12.564650,False,retry_link;reminder;discount_offer;escalate_to_human;no_action,no_action,False,0.0,,2
TXN000898,CUST00043,532,9903.04,0.5,293.83,0,37,254.32,checkout_abandoned,otp_timeout,2026-06-14T03:25:18.703781,3,6,0,,False,retry_link;reminder;discount_offer;escalate_to_human;no_action,reminder,True,254.32,9.2,0
TXN000899,CUST00922,670,345.32,0.5,288.15,0,28,259.81,payment_failed,gateway_error,2026-06-14T03:48:05.195621,3,6,0,,False,retry_link;reminder;discount_offer;escalate_to_human;no_action,retry_link,True,259.81,9.31,0
TXN000900,CUST00294,817,1556.9,0.0,355.76,0,68,508.84,checkout_abandoned,otp_timeout,2026-06-14T04:37:51.589084,4,6,0,2026-06-04T06:21:53.428831,False,retry_link;reminder;discount_offer;escalate_to_human;no_action,retry_link,False,0.0,,1
TXN000901,CUST00643,721,12685.31,0.5,2070.86,0,84,1843.44,payment_failed,insufficient_funds,2026-06-14T04:43:16.721056,4,6,0,,False,retry_link;reminder;discount_offer;escalate_to_human;no_action,discount_offer,False,0.0,,0
TXN000902,CUST00082,241,7180.08,0.0,100.0,0,34,113.56,payment_failed,otp_timeout,2026-06-14T05:12:19.219840,5,6,0,2026-06-07T22:43:56.828606,False,retry_link;reminder;discount_offer;escalate_to_human;no_action,reminder,False,0.0,,2
TXN000903,CUST00242,142,1631.77,0.5,301.04,0,26,411.11,payment_failed,otp_timeout,2026-06-14T05:44:52.263224,5,6,0,,False,retry_link;reminder;discount_offer;escalate_to_human;no_action,reminder,True,411.11,0.38,0
TXN000904,CUST00433,197,2650.14,0.0,201.12,0,125,258.43,checkout_abandoned,insufficient_funds,2026-06-14T05:47:11.541444,5,6,0,,True,no_action,no_action,False,0.0,,1
TXN000905,CUST00692,1397,875.92,0.5,330.08,0,35,301.27,payment_failed,gateway_error,2026-06-14T06:27:15.385238,6,6,0,,False,retry_link;reminder;discount_offer;escalate_to_human;no_action,escalate_to_human,True,301.27,15.43,0
TXN000906,CUST00937,223,709.25,0.5,282.0,0,29,232.83,payment_failed,gateway_error,2026-06-14T06:58:50.468658,6,6,0,,False,retry_link;reminder;discount_offer;escalate_to_human;no_action,retry_link,True,232.83,0.57,0
TXN000907,CUST00950,141,4454.85,1.0,625.48,1,3,792.99,payment_failed,bank_decline,2026-06-14T07:09:31.410521,7,6,0,2026-06-10T10:14:30.333941,False,retry_link;reminder;discount_offer;escalate_to_human;no_action,no_action,False,0.0,,0
TXN000908,CUST00644,1155,3236.81,0.0,172.15,0,107,135.68,payment_failed,bank_decline,2026-06-14T07:18:47.569845,7,6,0,2026-06-06T17:17:20.931748,True,no_action,no_action,False,0.0,,1
TXN000909,CUST00571,624,3032.19,0.5,309.48,0,58,436.02,payment_failed,insufficient_funds,2026-06-14T07:27:26.370857,7,6,0,,False,retry_link;reminder;discount_offer;escalate_to_human;no_action,no_action,False,0.0,,0
TXN000910,CUST00255,217,1562.83,0.5,337.61,0,5,213.01,payment_failed,bank_decline,2026-06-14T08:09:13.160602,8,6,0,,False,retry_link;reminder;discount_offer;escalate_to_human;no_action,discount_offer,True,213.01,2.27,0
TXN000911,CUST00908,557,7424.71,1.0,213.64,1,8,217.82,payment_failed,gateway_error,2026-06-14T08:23:48.363820,8,6,0,2026-06-05T10:46:26.383696,False,retry_link;reminder;discount_offer;escalate_to_human;no_action,escalate_to_human,False,0.0,,0
TXN000912,CUST00202,743,5603.51,0.5,837.09,0,28,866.0,payment_failed,insufficient_funds,2026-06-14T08:33:12.222890,8,6,0,,False,retry_link;reminder;discount_offer;escalate_to_human;no_action,escalate_to_human,False,0.0,,0
TXN000913,CUST01044,1064,1545.22,0.5,246.1,0,97,287.62,payment_failed,gateway_error,2026-06-14T08:45:26.398887,8,6,0,,False,retry_link;reminder;discount_offer;escalate_to_human;no_action,reminder,True,287.62,1.14,0
TXN000914,CUST00692,1397,875.92,1.0,330.08,1,0,216.95,checkout_abandoned,price_hesitation,2026-06-14T08:53:36.974846,8,6,1,2026-06-14T06:27:15.385238,False,retry_link;reminder;discount_offer;escalate_to_human;no_action,reminder,True,216.95,3.1,0
TXN000915,CUST01438,479,10355.09,1.0,191.68,1,1,128.07,checkout_abandoned,insufficient_funds,2026-06-14T08:59:32.303696,8,6,0,2026-06-12T21:50:16.807212,False,retry_link;reminder;discount_offer;escalate_to_human;no_action,discount_offer,False,0.0,,0
TXN000916,CUST01101,704,11454.75,0.5,273.72,1,10,143.81,checkout_abandoned,price_hesitation,2026-06-14T09:04:01.925977,9,6,0,2026-06-09T23:07:17.518973,False,retry_link;reminder;discount_offer;escalate_to_human;no_action,reminder,False,0.0,,1
TXN000917,CUST00294,817,1556.9,0.0,355.76,0,69,594.48,payment_failed,bank_decline,2026-06-14T09:08:27.372907,9,6,1,2026-06-14T04:37:51.589084,False,retry_link;reminder;discount_offer;escalate_to_human;no_action,escalate_to_human,False,0.0,,2
TXN000918,CUST00381,1405,9657.68,0.0,770.31,0,115,641.63,payment_failed,gateway_error,2026-06-14T09:16:54.283405,9,6,1,2026-06-13T17:31:15.279137,False,retry_link;reminder;discount_offer;escalate_to_human;no_action,discount_offer,False,0.0,,1
TXN000919,CUST00043,532,9903.04,1.0,293.83,1,0,154.78,payment_failed,otp_timeout,2026-06-14T09:28:17.645011,9,6,1,2026-06-14T03:25:18.703781,False,retry_link;reminder;discount_offer;escalate_to_human;no_action,retry_link,True,154.78,23.56,0
TXN000920,CUST00826,1021,693.11,0.0,441.94,0,120,612.38,payment_failed,bank_decline,2026-06-14T09:47:56.779734,9,6,0,2026-06-11T23:09:53.306465,False,retry_link;reminder;discount_offer;escalate_to_human;no_action,escalate_to_human,False,0.0,,3
TXN000921,CUST01203,1142,17015.67,0.0,183.63,0,29,214.12,payment_failed,price_hesitation,2026-06-14T10:06:47.864123,10,6,1,2026-06-13T22:24:39.029306,False,retry_link;reminder;discount_offer;escalate_to_human;no_action,escalate_to_human,False,0.0,,2
TXN000922,CUST01299,45,8302.1,0.5,489.85,0,98,462.72,payment_failed,price_hesitation,2026-06-14T10:07:38.590730,10,6,0,,False,retry_link;reminder;discount_offer;escalate_to_human;no_action,escalate_to_human,True,462.72,5.51,0
TXN000923,CUST01298,796,9321.1,0.667,332.8,2,1,487.53,payment_failed,insufficient_funds,2026-06-14T10:30:18.238332,10,6,0,2026-06-13T08:20:43.050673,False,retry_link;reminder;discount_offer;escalate_to_human;no_action,no_action,False,0.0,,1
TXN000924,CUST00769,565,5982.63,0.5,757.66,0,97,764.91,checkout_abandoned,insufficient_funds,2026-06-14T11:03:16.178582,11,6,0,,False,retry_link;reminder;discount_offer;escalate_to_human;no_action,escalate_to_human,True,764.91,7.22,0
TXN000925,CUST00447,1433,35664.68,0.5,280.67,1,3,286.06,payment_failed,otp_timeout,2026-06-14T11:14:18.109734,11,6,0,2026-06-11T05:47:54.300237,False,retry_link;reminder;discount_offer;escalate_to_human;no_action,escalate_to_human,False,0.0,,1
TXN000926,CUST00552,1242,3253.74,0.5,285.26,0,91,412.33,payment_failed,otp_timeout,2026-06-14T11:15:37.902095,11,6,0,,False,retry_link;reminder;discount_offer;escalate_to_human;no_action,discount_offer,True,412.33,0.96,0
TXN000927,CUST01230,1232,5229.4,0.5,127.9,0,26,81.48,checkout_abandoned,gateway_error,2026-06-14T11:16:06.791720,11,6,0,,False,retry_link;reminder;discount_offer;escalate_to_human;no_action,reminder,True,81.48,1.33,0
TXN000928,CUST00486,502,2244.93,0.5,419.97,0,32,274.88,payment_failed,bank_decline,2026-06-14T11:19:27.760157,11,6,0,,False,retry_link;reminder;discount_offer;escalate_to_human;no_action,escalate_to_human,False,0.0,,0
TXN000929,CUST01107,1360,27301.53,0.0,343.26,0,11,247.35,payment_failed,gateway_error,2026-06-14T11:37:18.891317,11,6,0,2026-06-09T18:40:41.808132,False,retry_link;reminder;discount_offer;escalate_to_human;no_action,no_action,False,0.0,,1
TXN000930,CUST00742,952,1921.51,0.5,396.49,0,60,423.11,checkout_abandoned,otp_timeout,2026-06-14T12:33:10.888121,12,6,0,,False,retry_link;reminder;discount_offer;escalate_to_human;no_action,discount_offer,True,423.11,2.65,0
TXN000931,CUST01065,582,18660.65,0.5,605.14,0,21,759.45,payment_failed,bank_decline,2026-06-14T12:40:07.947422,12,6,0,,False,retry_link;reminder;discount_offer;escalate_to_human;no_action,discount_offer,False,0.0,,0
TXN000932,CUST00051,292,21919.74,0.0,171.7,0,76,246.92,checkout_abandoned,insufficient_funds,2026-06-14T12:40:24.233540,12,6,0,,True,no_action,no_action,False,0.0,,1
TXN000933,CUST01252,111,5514.63,1.0,637.35,1,12,971.66,checkout_abandoned,otp_timeout,2026-06-14T12:41:50.021984,12,6,0,2026-06-02T11:30:58.511012,False,retry_link;reminder;discount_offer;escalate_to_human;no_action,reminder,True,971.66,2.2,0
TXN000934,CUST00145,1280,12260.46,0.0,802.76,0,90,622.76,payment_failed,price_hesitation,2026-06-14T13:13:34.091922,13,6,0,,False,retry_link;reminder;discount_offer;escalate_to_human;no_action,no_action,False,0.0,,1
TXN000935,CUST00625,349,62369.33,1.0,176.42,1,3,151.29,checkout_abandoned,insufficient_funds,2026-06-14T13:27:00.599565,13,6,0,2026-06-11T13:21:52.809862,False,retry_link;reminder;discount_offer;escalate_to_human;no_action,no_action,True,151.29,5.39,0
TXN000936,CUST01031,260,2487.81,0.0,321.55,0,15,156.93,payment_failed,insufficient_funds,2026-06-14T14:00:44.729428,14,6,0,2026-06-03T19:38:24.750706,False,retry_link;reminder;discount_offer;escalate_to_human;no_action,no_action,False,0.0,,1
TXN000937,CUST00222,1056,8432.46,0.5,184.39,0,6,264.35,payment_failed,price_hesitation,2026-06-14T14:08:11.275265,14,6,0,,False,retry_link;reminder;discount_offer;escalate_to_human;no_action,discount_offer,True,264.35,4.44,0
TXN000938,CUST00386,102,1106.11,0.5,182.05,0,113,173.64,checkout_abandoned,price_hesitation,2026-06-14T15:17:18.397579,15,6,0,,False,retry_link;reminder;discount_offer;escalate_to_human;no_action,retry_link,False,0.0,,0
TXN000939,CUST00598,942,959.53,0.0,518.91,0,84,468.08,checkout_abandoned,insufficient_funds,2026-06-14T15:30:48.787860,15,6,0,2026-06-06T03:00:12.155224,False,retry_link;reminder;discount_offer;escalate_to_human;no_action,escalate_to_human,False,0.0,,1
TXN000940,CUST01428,401,3291.78,0.5,750.28,0,104,966.31,payment_failed,price_hesitation,2026-06-14T16:00:29.702732,16,6,0,,False,retry_link;reminder;discount_offer;escalate_to_human;no_action,retry_link,True,966.31,3.05,0
TXN000941,CUST00365,778,3136.41,0.0,599.81,0,44,253.09,checkout_abandoned,otp_timeout,2026-06-14T16:00:43.118105,16,6,0,2026-06-08T03:30:01.066414,False,retry_link;reminder;discount_offer;escalate_to_human;no_action,discount_offer,True,253.09,2.77,1
TXN000942,CUST00172,1157,3136.22,0.0,122.01,0,18,221.13,checkout_abandoned,bank_decline,2026-06-14T16:07:35.163143,16,6,0,2026-06-10T12:11:04.481963,False,retry_link;reminder;discount_offer;escalate_to_human;no_action,no_action,False,0.0,,1
TXN000943,CUST01402,450,2018.2,0.5,194.41,0,39,113.17,payment_failed,otp_timeout,2026-06-14T16:23:44.610291,16,6,0,,False,retry_link;reminder;discount_offer;escalate_to_human;no_action,escalate_to_human,True,113.17,2.2,0
TXN000944,CUST00454,895,4476.8,0.0,286.07,0,72,173.17,payment_failed,price_hesitation,2026-06-14T16:28:38.527053,16,6,0,2026-06-03T10:40:57.557469,False,retry_link;reminder;discount_offer;escalate_to_human;no_action,escalate_to_human,False,0.0,,2
TXN000945,CUST01327,128,8499.1,1.0,619.78,1,8,679.15,checkout_abandoned,insufficient_funds,2026-06-14T16:57:51.557392,16,6,0,2026-06-05T23:16:41.569927,False,retry_link;reminder;discount_offer;escalate_to_human;no_action,reminder,False,0.0,,0
TXN000946,CUST00277,1174,5615.56,0.0,100.0,0,27,127.7,payment_failed,gateway_error,2026-06-14T17:08:11.019232,17,6,0,2026-06-12T23:58:57.593544,False,retry_link;reminder;discount_offer;escalate_to_human;no_action,discount_offer,False,0.0,,1
TXN000947,CUST00552,1242,3253.74,1.0,285.26,1,0,312.06,payment_failed,insufficient_funds,2026-06-14T17:32:03.984209,17,6,1,2026-06-14T11:15:37.902095,False,retry_link;reminder;discount_offer;escalate_to_human;no_action,no_action,False,0.0,,0
TXN000948,CUST00642,1281,730.31,0.5,206.43,0,40,451.19,payment_failed,insufficient_funds,2026-06-14T17:52:26.929304,17,6,0,,False,retry_link;reminder;discount_offer;escalate_to_human;no_action,retry_link,False,0.0,,0
TXN000949,CUST00900,7,9275.6,0.0,403.48,0,30,468.87,payment_failed,insufficient_funds,2026-06-14T18:14:54.514325,18,6,0,2026-06-01T01:29:41.806780,False,retry_link;reminder;discount_offer;escalate_to_human;no_action,escalate_to_human,False,0.0,,1
TXN000950,CUST00676,871,9536.84,0.5,594.25,0,113,510.91,payment_failed,gateway_error,2026-06-14T18:15:01.817810,18,6,0,,False,retry_link;reminder;discount_offer;escalate_to_human;no_action,no_action,False,0.0,,0
TXN000951,CUST01436,641,7085.36,0.5,287.23,1,9,232.14,payment_failed,insufficient_funds,2026-06-14T18:52:48.234137,18,6,0,2026-06-05T15:22:31.307694,False,retry_link;reminder;discount_offer;escalate_to_human;no_action,escalate_to_human,False,0.0,,1
TXN000952,CUST00550,1204,26653.14,0.5,590.3,0,51,759.34,checkout_abandoned,bank_decline,2026-06-14T19:23:34.595310,19,6,0,,False,retry_link;reminder;discount_offer;escalate_to_human;no_action,retry_link,False,0.0,,0
TXN000953,CUST00409,21,489.22,0.5,322.0,0,91,299.87,payment_failed,bank_decline,2026-06-14T19:34:31.549746,19,6,0,,False,retry_link;reminder;discount_offer;escalate_to_human;no_action,retry_link,False,0.0,,0
TXN000954,CUST01498,701,2406.22,0.5,434.06,0,14,472.33,checkout_abandoned,gateway_error,2026-06-14T19:37:56.219999,19,6,0,,False,retry_link;reminder;discount_offer;escalate_to_human;no_action,retry_link,True,472.33,2.16,0
TXN000955,CUST00766,919,12911.38,1.0,374.77,1,8,330.6,checkout_abandoned,gateway_error,2026-06-14T20:24:46.559465,20,6,0,,False,retry_link;reminder;discount_offer;escalate_to_human;no_action,escalate_to_human,True,330.6,0.89,0
TXN000956,CUST01007,755,2745.73,0.5,318.1,0,52,272.3,payment_failed,insufficient_funds,2026-06-14T20:29:09.027559,20,6,0,,False,retry_link;reminder;discount_offer;escalate_to_human;no_action,discount_offer,True,272.3,0.32,0
TXN000957,CUST00194,1439,14561.64,0.0,642.9,0,48,1139.23,payment_failed,price_hesitation,2026-06-14T20:39:56.540361,20,6,0,2026-06-04T16:10:35.406539,False,retry_link;reminder;discount_offer;escalate_to_human;no_action,retry_link,True,1139.23,2.18,1
TXN000958,CUST00467,894,7345.92,0.0,286.04,0,29,229.1,payment_failed,insufficient_funds,2026-06-14T21:13:40.393630,21,6,0,2026-06-07T06:54:33.867833,False,retry_link;reminder;discount_offer;escalate_to_human;no_action,escalate_to_human,False,0.0,,2
TXN000959,CUST00841,984,5732.56,0.5,372.24,0,80,303.99,payment_failed,price_hesitation,2026-06-14T21:14:32.034832,21,6,0,,False,retry_link;reminder;discount_offer;escalate_to_human;no_action,escalate_to_human,True,303.99,8.66,0
TXN000960,CUST00635,1028,8207.43,0.0,849.99,0,37,1034.97,payment_failed,price_hesitation,2026-06-14T21:16:08.995938,21,6,0,2026-06-07T18:48:19.601877,True,no_action,no_action,False,0.0,,3
TXN000961,CUST01461,469,6360.58,0.5,462.63,0,26,785.75,payment_failed,insufficient_funds,2026-06-14T22:00:43.314741,22,6,0,,False,retry_link;reminder;discount_offer;escalate_to_human;no_action,discount_offer,False,0.0,,0
TXN000962,CUST00206,1146,4077.78,0.5,1169.27,0,50,1083.04,checkout_abandoned,price_hesitation,2026-06-14T22:53:22.618736,22,6,0,,False,retry_link;reminder;discount_offer;escalate_to_human;no_action,retry_link,False,0.0,,0
TXN000963,CUST00040,248,19431.13,0.5,100.0,0,100,105.66,checkout_abandoned,bank_decline,2026-06-14T22:59:27.131736,22,6,0,,False,retry_link;reminder;discount_offer;escalate_to_human;no_action,retry_link,False,0.0,,0
TXN000964,CUST00061,1117,4502.09,0.5,332.96,0,57,493.66,checkout_abandoned,insufficient_funds,2026-06-14T23:16:44.417051,23,6,0,,False,retry_link;reminder;discount_offer;escalate_to_human;no_action,discount_offer,False,0.0,,0
TXN000965,CUST01164,775,539.86,0.5,316.05,0,69,291.75,checkout_abandoned,otp_timeout,2026-06-14T23:45:42.566016,23,6,0,,False,retry_link;reminder;discount_offer;escalate_to_human;no_action,retry_link,True,291.75,2.46,0
TXN000966,CUST00238,463,4904.4,1.0,109.35,1,7,141.08,payment_failed,insufficient_funds,2026-06-14T23:47:55.141821,23,6,0,2026-06-07T07:36:38.177842,False,retry_link;reminder;discount_offer;escalate_to_human;no_action,retry_link,False,0.0,,0
TXN000967,CUST01342,179,6635.23,0.0,155.46,0,24,150.15,checkout_abandoned,insufficient_funds,2026-06-15T00:03:02.038213,0,0,0,2026-06-01T05:23:20.748561,False,retry_link;reminder;discount_offer;escalate_to_human;no_action,discount_offer,False,0.0,,1
TXN000968,CUST00077,341,15758.67,0.5,210.61,0,22,296.58,checkout_abandoned,insufficient_funds,2026-06-15T00:32:04.979619,0,0,0,,False,retry_link;reminder;discount_offer;escalate_to_human;no_action,reminder,False,0.0,,0
TXN000969,CUST00404,749,4013.45,0.5,237.17,0,93,254.73,payment_failed,otp_timeout,2026-06-15T00:41:59.117769,0,0,0,,False,retry_link;reminder;discount_offer;escalate_to_human;no_action,discount_offer,True,254.73,7.64,0
TXN000970,CUST00983,972,380.73,0.5,640.79,0,106,531.33,payment_failed,otp_timeout,2026-06-15T01:33:44.477270,1,0,0,,False,retry_link;reminder;discount_offer;escalate_to_human;no_action,retry_link,True,531.33,14.67,0
TXN000971,CUST01160,874,10908.96,0.0,378.24,0,20,488.55,checkout_abandoned,insufficient_funds,2026-06-15T01:49:38.318602,1,0,0,2026-06-01T12:12:44.801684,False,retry_link;reminder;discount_offer;escalate_to_human;no_action,no_action,False,0.0,,1
TXN000972,CUST00174,1045,3487.98,0.5,193.93,0,22,109.27,payment_failed,otp_timeout,2026-06-15T02:09:23.988991,2,0,0,,False,retry_link;reminder;discount_offer;escalate_to_human;no_action,retry_link,True,109.27,0.02,0
TXN000973,CUST01320,172,13560.33,0.5,367.32,0,80,480.28,checkout_abandoned,otp_timeout,2026-06-15T02:38:54.166641,2,0,0,,False,retry_link;reminder;discount_offer;escalate_to_human;no_action,reminder,False,0.0,,0
TXN000974,CUST00058,1115,5252.32,0.0,237.95,0,26,69.16,checkout_abandoned,gateway_error,2026-06-15T03:07:59.992545,3,0,0,2026-06-04T05:12:43.564238,False,retry_link;reminder;discount_offer;escalate_to_human;no_action,discount_offer,False,0.0,,1
TXN000975,CUST01217,1098,1369.05,0.5,350.76,0,8,197.17,checkout_abandoned,bank_decline,2026-06-15T03:16:43.456155,3,0,0,,False,retry_link;reminder;discount_offer;escalate_to_human;no_action,reminder,False,0.0,,0
TXN000976,CUST00520,537,20023.84,0.0,197.99,0,43,233.27,checkout_abandoned,otp_timeout,2026-06-15T03:32:48.579200,3,0,0,,False,retry_link;reminder;discount_offer;escalate_to_human;no_action,no_action,False,0.0,,1
TXN000977,CUST00609,1286,11117.01,1.0,1474.92,3,4,2308.62,checkout_abandoned,insufficient_funds,2026-06-15T03:34:58.596373,3,0,0,2026-06-10T18:02:35.772026,False,retry_link;reminder;discount_offer;escalate_to_human;no_action,discount_offer,True,2308.62,14.79,0
TXN000978,CUST00916,814,705.04,0.0,705.89,0,112,535.61,payment_failed,bank_decline,2026-06-15T03:35:23.160516,3,0,0,2026-06-08T02:21:59.964037,False,retry_link;reminder;discount_offer;escalate_to_human;no_action,no_action,False,0.0,,1
TXN000979,CUST01271,164,8954.0,0.0,186.2,0,81,185.3,payment_failed,price_hesitation,2026-06-15T03:41:24.944214,3,0,0,2026-06-09T05:32:12.491179,False,retry_link;reminder;discount_offer;escalate_to_human;no_action,escalate_to_human,False,0.0,,1
TXN000980,CUST00823,975,4378.87,0.0,245.83,0,91,188.78,checkout_abandoned,insufficient_funds,2026-06-15T03:43:07.312772,3,0,0,2026-06-02T09:31:20.832004,False,retry_link;reminder;discount_offer;escalate_to_human;no_action,reminder,False,0.0,,1
TXN000981,CUST01181,1391,15969.49,0.5,541.84,0,78,306.53,payment_failed,insufficient_funds,2026-06-15T03:49:05.963515,3,0,0,,False,retry_link;reminder;discount_offer;escalate_to_human;no_action,no_action,False,0.0,,0
TXN000982,CUST00189,452,1504.37,1.0,239.5,1,4,254.34,checkout_abandoned,insufficient_funds,2026-06-15T04:07:55.778499,4,0,0,,False,retry_link;reminder;discount_offer;escalate_to_human;no_action,retry_link,False,0.0,,0
TXN000983,CUST00907,260,28268.33,0.5,423.15,0,87,452.85,payment_failed,gateway_error,2026-06-15T04:40:44.324680,4,0,0,,False,retry_link;reminder;discount_offer;escalate_to_human;no_action,no_action,False,0.0,,0
TXN000984,CUST01357,202,5214.13,0.5,369.31,0,106,417.54,payment_failed,price_hesitation,2026-06-15T04:50:37.391844,4,0,0,,False,retry_link;reminder;discount_offer;escalate_to_human;no_action,retry_link,True,417.54,0.72,0
TXN000985,CUST01233,1125,2393.81,0.0,509.15,0,106,386.95,payment_failed,gateway_error,2026-06-15T04:59:25.403925,4,0,0,2026-06-08T20:24:59.140503,False,retry_link;reminder;discount_offer;escalate_to_human;no_action,escalate_to_human,False,0.0,,2
TXN000986,CUST01318,674,1647.37,1.0,554.38,1,1,943.38,payment_failed,insufficient_funds,2026-06-15T05:04:32.274098,5,0,0,2026-06-13T20:48:26.267500,False,retry_link;reminder;discount_offer;escalate_to_human;no_action,retry_link,True,943.38,1.48,0
TXN000987,CUST00967,476,6455.85,0.0,214.02,0,45,137.1,checkout_abandoned,price_hesitation,2026-06-15T05:30:05.387999,5,0,0,,False,retry_link;reminder;discount_offer;escalate_to_human;no_action,escalate_to_human,False,0.0,,1
TXN000988,CUST00995,939,5649.13,0.667,436.94,2,8,378.42,payment_failed,price_hesitation,2026-06-15T05:39:40.806148,5,0,0,2026-06-06T18:59:14.320627,False,retry_link;reminder;discount_offer;escalate_to_human;no_action,retry_link,True,378.42,10.86,1
TXN000989,CUST00867,1257,13863.88,0.5,191.86,0,93,186.65,payment_failed,otp_timeout,2026-06-15T05:44:04.084943,5,0,0,,False,retry_link;reminder;discount_offer;escalate_to_human;no_action,no_action,False,0.0,,0
TXN000990,CUST00467,894,7345.92,0.0,286.04,0,29,143.02,payment_failed,otp_timeout,2026-06-15T05:59:15.334149,5,0,1,2026-06-14T21:13:40.393630,False,retry_link;reminder;discount_offer;escalate_to_human;no_action,discount_offer,True,143.02,4.27,3
TXN000991,CUST00099,210,1403.36,0.0,280.83,0,119,257.53,checkout_abandoned,gateway_error,2026-06-15T06:46:22.044048,6,0,0,2026-06-03T04:08:05.752956,False,retry_link;reminder;discount_offer;escalate_to_human;no_action,no_action,True,257.53,4.54,1
TXN000992,CUST00172,1157,3136.22,0.0,122.01,0,18,159.73,checkout_abandoned,bank_decline,2026-06-15T07:05:23.919826,7,0,0,2026-06-10T12:11:04.481963,False,retry_link;reminder;discount_offer;escalate_to_human;no_action,reminder,False,0.0,,2
TXN000993,CUST00542,293,11794.11,0.0,239.82,0,29,370.0,payment_failed,otp_timeout,2026-06-15T07:23:13.222923,7,0,0,2026-06-12T03:11:30.317235,False,retry_link;reminder;discount_offer;escalate_to_human;no_action,retry_link,False,0.0,,2
TXN000994,CUST00391,269,3645.17,0.5,541.44,0,5,594.62,payment_failed,price_hesitation,2026-06-15T08:17:08.211723,8,0,0,,False,retry_link;reminder;discount_offer;escalate_to_human;no_action,no_action,True,594.62,5.6,0
TXN000995,CUST01268,1429,2024.52,0.0,348.52,0,43,287.93,payment_failed,price_hesitation,2026-06-15T08:27:15.706803,8,0,0,2026-06-11T14:43:03.589603,False,retry_link;reminder;discount_offer;escalate_to_human;no_action,retry_link,True,287.93,0.59,2
TXN000996,CUST00628,758,13460.62,0.5,529.39,0,36,758.05,checkout_abandoned,insufficient_funds,2026-06-15T09:11:49.397913,9,0,0,,False,retry_link;reminder;discount_offer;escalate_to_human;no_action,escalate_to_human,True,758.05,12.3,0
TXN000997,CUST00687,890,10066.04,0.5,334.29,0,33,251.13,payment_failed,price_hesitation,2026-06-15T09:11:59.009873,9,0,0,,False,retry_link;reminder;discount_offer;escalate_to_human;no_action,escalate_to_human,True,251.13,11.07,0
TXN000998,CUST01037,23,59540.3,1.0,885.88,1,11,871.1,payment_failed,gateway_error,2026-06-15T09:24:30.935942,9,0,0,2026-06-04T03:19:09.253735,False,retry_link;reminder;discount_offer;escalate_to_human;no_action,discount_offer,True,871.1,4.6,0
TXN000999,CUST00496,179,670.7,0.5,353.88,0,86,477.24,checkout_abandoned,bank_decline,2026-06-15T09:33:11.664770,9,0,0,,False,retry_link;reminder;discount_offer;escalate_to_human;no_action,escalate_to_human,False,0.0,,0
TXN001000,CUST00263,1387,11038.47,0.0,323.28,0,35,331.2,checkout_abandoned,price_hesitation,2026-06-15T09:41:11.392705,9,0,0,2026-06-01T04:50:02.241590,False,retry_link;reminder;discount_offer;escalate_to_human;no_action,reminder,False,0.0,,1
TXN001001,CUST01281,1109,2362.64,0.5,730.17,0,85,434.64,checkout_abandoned,otp_timeout,2026-06-15T09:43:47.148086,9,0,0,,False,retry_link;reminder;discount_offer;escalate_to_human;no_action,no_action,False,0.0,,0
TXN001002,CUST00982,821,5741.99,0.5,274.86,0,112,245.6,payment_failed,price_hesitation,2026-06-15T09:57:46.335731,9,0,0,,False,retry_link;reminder;discount_offer;escalate_to_human;no_action,discount_offer,True,245.6,2.55,0
TXN001003,CUST01346,1283,14200.12,0.5,507.96,0,35,337.26,checkout_abandoned,insufficient_funds,2026-06-15T10:02:22.326913,10,0,0,,False,retry_link;reminder;discount_offer;escalate_to_human;no_action,retry_link,True,337.26,12.01,0
TXN001004,CUST00679,1403,1042.31,0.5,536.53,0,5,270.84,payment_failed,insufficient_funds,2026-06-15T10:18:20.583565,10,0,0,,False,retry_link;reminder;discount_offer;escalate_to_human;no_action,reminder,False,0.0,,0
TXN001005,CUST01007,755,2745.73,1.0,318.1,1,0,355.01,payment_failed,price_hesitation,2026-06-15T11:08:33.989925,11,0,1,2026-06-14T20:29:09.027559,False,retry_link;reminder;discount_offer;escalate_to_human;no_action,reminder,True,355.01,0.86,0
TXN001006,CUST01281,1109,2362.64,0.0,730.17,0,85,751.38,checkout_abandoned,otp_timeout,2026-06-15T11:10:51.614020,11,0,0,,False,retry_link;reminder;discount_offer;escalate_to_human;no_action,escalate_to_human,True,751.38,1.85,1
TXN001007,CUST01441,769,1740.02,0.0,420.51,0,80,554.6,payment_failed,bank_decline,2026-06-15T12:15:19.818062,12,0,0,2026-06-09T21:34:36.788397,True,no_action,no_action,False,0.0,,3
TXN001008,CUST00482,376,7802.89,0.5,545.24,0,114,1101.33,payment_failed,price_hesitation,2026-06-15T12:21:54.894685,12,0,0,,False,retry_link;reminder;discount_offer;escalate_to_human;no_action,reminder,True,1101.33,2.34,0
TXN001009,CUST00279,125,12162.69,0.5,691.68,0,60,442.07,payment_failed,insufficient_funds,2026-06-15T12:56:15.054910,12,0,0,,False,retry_link;reminder;discount_offer;escalate_to_human;no_action,escalate_to_human,False,0.0,,0
TXN001010,CUST00152,1376,10902.1,1.0,308.32,1,14,249.57,checkout_abandoned,price_hesitation,2026-06-15T13:11:32.855034,13,0,0,2026-06-01T11:26:51.163417,False,retry_link;reminder;discount_offer;escalate_to_human;no_action,retry_link,True,249.57,3.18,0
TXN001011,CUST00240,211,29101.99,0.5,155.14,0,51,154.88,payment_failed,insufficient_funds,2026-06-15T13:30:27.223774,13,0,0,,False,retry_link;reminder;discount_offer;escalate_to_human;no_action,no_action,False,0.0,,0
TXN001012,CUST00939,763,5661.72,0.5,217.25,0,77,602.88,checkout_abandoned,gateway_error,2026-06-15T14:04:26.570820,14,0,0,,False,retry_link;reminder;discount_offer;escalate_to_human;no_action,reminder,False,0.0,,0
TXN001013,CUST00386,102,1106.11,0.0,182.05,0,113,362.63,checkout_abandoned,otp_timeout,2026-06-15T14:07:15.558838,14,0,1,2026-06-14T15:17:18.397579,False,retry_link;reminder;discount_offer;escalate_to_human;no_action,retry_link,True,362.63,10.83,1
TXN001014,CUST01021,109,24962.58,0.0,198.02,0,49,184.69,payment_failed,price_hesitation,2026-06-15T14:12:22.997445,14,0,0,2026-06-10T19:21:44.153793,False,retry_link;reminder;discount_offer;escalate_to_human;no_action,retry_link,False,0.0,,1
TXN001015,CUST01063,1058,1666.1,1.0,722.49,2,4,1851.72,payment_failed,insufficient_funds,2026-06-15T14:24:28.743753,14,0,0,2026-06-10T22:25:25.258087,False,retry_link;reminder;discount_offer;escalate_to_human;no_action,no_action,True,1851.72,8.71,0
TXN001016,CUST01392,1476,13391.32,0.0,233.3,0,84,253.13,payment_failed,otp_timeout,2026-06-15T14:33:37.410027,14,0,0,2026-06-11T11:47:56.286474,False,retry_link;reminder;discount_offer;escalate_to_human;no_action,retry_link,True,253.13,3.68,1
TXN001017,CUST00572,424,3184.24,0.5,206.13,0,100,237.93,payment_failed,bank_decline,2026-06-15T14:56:37.964877,14,0,0,,False,retry_link;reminder;discount_offer;escalate_to_human;no_action,retry_link,True,237.93,1.67,0
TXN001018,CUST01089,213,14140.63,1.0,253.07,1,8,594.04,checkout_abandoned,bank_decline,2026-06-15T15:41:49.307725,15,0,0,2026-06-07T11:28:47.971295,False,retry_link;reminder;discount_offer;escalate_to_human;no_action,retry_link,True,594.04,5.82,0
TXN001019,CUST01062,216,336.97,0.5,236.44,0,59,284.18,checkout_abandoned,price_hesitation,2026-06-15T16:04:57.640482,16,0,0,,False,retry_link;reminder;discount_offer;escalate_to_human;no_action,escalate_to_human,False,0.0,,0
TXN001020,CUST00968,1380,4206.83,1.0,266.56,1,3,192.35,payment_failed,otp_timeout,2026-06-15T16:05:10.385209,16,0,0,,False,retry_link;reminder;discount_offer;escalate_to_human;no_action,reminder,True,192.35,1.75,0
TXN001021,CUST00036,1287,1784.81,0.5,403.11,0,78,491.04,checkout_abandoned,insufficient_funds,2026-06-15T16:11:33.126745,16,0,0,,False,retry_link;reminder;discount_offer;escalate_to_human;no_action,discount_offer,False,0.0,,0
TXN001022,CUST00081,656,1492.09,0.5,193.64,0,103,134.94,payment_failed,insufficient_funds,2026-06-15T16:20:59.586601,16,0,0,,False,retry_link;reminder;discount_offer;escalate_to_human;no_action,no_action,False,0.0,,0
TXN001023,CUST00305,211,3291.56,0.5,497.42,0,113,625.52,payment_failed,otp_timeout,2026-06-15T16:47:52.739080,16,0,0,,False,retry_link;reminder;discount_offer;escalate_to_human;no_action,reminder,False,0.0,,0
TXN001024,CUST00720,209,2365.89,0.5,885.01,0,84,974.99,checkout_abandoned,insufficient_funds,2026-06-15T17:16:37.699133,17,0,0,,False,retry_link;reminder;discount_offer;escalate_to_human;no_action,escalate_to_human,True,974.99,9.13,0
TXN001025,CUST01000,1212,15553.59,0.0,777.58,0,60,610.81,payment_failed,gateway_error,2026-06-15T17:53:52.625424,17,0,0,2026-06-13T05:53:56.762067,True,no_action,no_action,False,0.0,,2
TXN001026,CUST00776,636,7009.89,0.5,159.81,0,118,197.43,checkout_abandoned,price_hesitation,2026-06-15T18:07:01.265643,18,0,0,,False,retry_link;reminder;discount_offer;escalate_to_human;no_action,escalate_to_human,False,0.0,,0
TXN001027,CUST01071,314,4872.22,0.0,390.1,0,90,491.07,payment_failed,insufficient_funds,2026-06-15T18:08:41.236577,18,0,0,2026-06-12T22:52:59.367727,False,retry_link;reminder;discount_offer;escalate_to_human;no_action,escalate_to_human,False,0.0,,1
TXN001028,CUST00784,717,3893.61,0.0,281.68,0,122,263.09,checkout_abandoned,price_hesitation,2026-06-15T18:12:35.976306,18,0,0,2026-06-12T14:19:14.001502,False,retry_link;reminder;discount_offer;escalate_to_human;no_action,reminder,False,0.0,,3
TXN001029,CUST00905,1064,17073.07,0.5,461.26,1,3,554.09,payment_failed,insufficient_funds,2026-06-15T18:35:24.845790,18,0,0,2026-06-14T02:00:33.555072,False,retry_link;reminder;discount_offer;escalate_to_human;no_action,escalate_to_human,False,0.0,,1
TXN001030,CUST01207,1081,1605.28,0.5,452.62,0,39,859.86,payment_failed,price_hesitation,2026-06-15T19:04:33.457565,19,0,0,,False,retry_link;reminder;discount_offer;escalate_to_human;no_action,no_action,False,0.0,,0
TXN001031,CUST00499,639,21108.93,0.5,172.15,0,67,210.68,checkout_abandoned,gateway_error,2026-06-15T19:16:48.839357,19,0,0,,False,retry_link;reminder;discount_offer;escalate_to_human;no_action,retry_link,False,0.0,,0
TXN001032,CUST00788,817,44234.73,0.5,280.83,0,22,174.45,checkout_abandoned,price_hesitation,2026-06-15T20:01:03.264580,20,0,0,,False,retry_link;reminder;discount_offer;escalate_to_human;no_action,retry_link,True,174.45,13.25,0
TXN001033,CUST01167,598,6121.72,0.5,244.6,0,22,227.49,checkout_abandoned,gateway_error,2026-06-15T20:09:45.711623,20,0,0,,False,retry_link;reminder;discount_offer;escalate_to_human;no_action,discount_offer,True,227.49,1.59,0
TXN001034,CUST00811,1318,6907.28,0.5,465.5,0,86,331.64,checkout_abandoned,price_hesitation,2026-06-15T20:14:34.316279,20,0,0,,False,retry_link;reminder;discount_offer;escalate_to_human;no_action,reminder,False,0.0,,0
TXN001035,CUST00491,1301,2869.85,0.0,504.68,0,23,531.37,checkout_abandoned,price_hesitation,2026-06-15T20:43:39.026863,20,0,0,2026-06-04T03:13:14.008214,False,retry_link;reminder;discount_offer;escalate_to_human;no_action,escalate_to_human,True,531.37,0.58,1
TXN001036,CUST00158,758,4386.28,1.0,338.86,3,2,331.09,payment_failed,otp_timeout,2026-06-15T21:31:44.985286,21,0,0,2026-06-13T03:46:32.959499,False,retry_link;reminder;discount_offer;escalate_to_human;no_action,retry_link,True,331.09,12.57,0
TXN001037,CUST00169,35,754.16,0.5,321.5,0,86,497.35,checkout_abandoned,bank_decline,2026-06-15T21:34:30.650191,21,0,0,,False,retry_link;reminder;discount_offer;escalate_to_human;no_action,retry_link,False,0.0,,0
TXN001038,CUST01354,330,5229.89,0.5,229.29,0,77,359.04,checkout_abandoned,gateway_error,2026-06-15T22:35:33.484826,22,0,0,,False,retry_link;reminder;discount_offer;escalate_to_human;no_action,escalate_to_human,True,359.04,14.21,0
TXN001039,CUST01250,363,3791.75,0.5,130.69,0,80,120.9,payment_failed,price_hesitation,2026-06-15T22:44:16.889540,22,0,0,,False,retry_link;reminder;discount_offer;escalate_to_human;no_action,no_action,False,0.0,,0
TXN001040,CUST00115,853,1837.61,0.0,347.51,0,39,295.74,payment_failed,insufficient_funds,2026-06-15T23:02:42.237938,23,0,0,,False,retry_link;reminder;discount_offer;escalate_to_human;no_action,no_action,False,0.0,,1
TXN001041,CUST00606,485,6783.36,1.0,997.54,1,3,532.41,checkout_abandoned,otp_timeout,2026-06-15T23:06:18.013985,23,0,0,,False,retry_link;reminder;discount_offer;escalate_to_human;no_action,reminder,True,532.41,13.16,0
TXN001042,CUST01001,1105,1056.32,0.5,347.66,0,15,570.68,checkout_abandoned,insufficient_funds,2026-06-15T23:20:35.088028,23,0,0,,False,retry_link;reminder;discount_offer;escalate_to_human;no_action,no_action,False,0.0,,0
TXN001043,CUST00230,695,738.18,1.0,239.59,1,4,350.68,payment_failed,insufficient_funds,2026-06-15T23:37:09.966704,23,0,0,2026-06-11T15:40:01.327011,False,retry_link;reminder;discount_offer;escalate_to_human;no_action,discount_offer,False,0.0,,0
TXN001044,CUST00092,1262,6491.01,0.0,750.9,0,56,570.99,checkout_abandoned,bank_decline,2026-06-15T23:42:54.082804,23,0,0,2026-06-05T07:31:09.119832,False,retry_link;reminder;discount_offer;escalate_to_human;no_action,no_action,False,0.0,,1
TXN001045,CUST00861,1391,4153.35,0.5,169.82,0,60,236.79,payment_failed,price_hesitation,2026-06-16T00:00:46.055637,0,1,0,,False,retry_link;reminder;discount_offer;escalate_to_human;no_action,retry_link,True,236.79,18.38,0
TXN001046,CUST00544,1246,4654.01,0.0,238.6,0,86,146.5,checkout_abandoned,bank_decline,2026-06-16T00:07:01.756281,0,1,0,2026-06-07T01:44:12.564650,False,retry_link;reminder;discount_offer;escalate_to_human;no_action,no_action,False,0.0,,3
TXN001047,CUST01180,912,2670.36,0.5,419.64,0,63,401.49,payment_failed,insufficient_funds,2026-06-16T00:17:58.844506,0,1,0,,False,retry_link;reminder;discount_offer;escalate_to_human;no_action,no_action,False,0.0,,0
TXN001048,CUST01352,744,558.07,1.0,410.74,1,4,967.0,checkout_abandoned,price_hesitation,2026-06-16T00:21:42.328230,0,1,0,2026-06-11T14:04:20.638202,False,retry_link;reminder;discount_offer;escalate_to_human;no_action,discount_offer,True,967.0,8.11,0
TXN001049,CUST00706,12,12171.71,0.0,534.02,0,89,518.06,checkout_abandoned,otp_timeout,2026-06-16T00:24:45.698802,0,1,0,2026-06-01T07:34:28.479103,False,retry_link;reminder;discount_offer;escalate_to_human;no_action,escalate_to_human,False,0.0,,1
TXN001050,CUST00868,670,1663.21,0.5,362.29,0,13,188.27,payment_failed,gateway_error,2026-06-16T00:51:42.812778,0,1,0,,False,retry_link;reminder;discount_offer;escalate_to_human;no_action,no_action,False,0.0,,0
TXN001051,CUST00483,1195,4391.23,1.0,672.96,1,7,784.18,payment_failed,bank_decline,2026-06-16T01:00:36.208732,1,1,0,2026-06-09T00:14:15.804735,False,retry_link;reminder;discount_offer;escalate_to_human;no_action,no_action,True,784.18,4.45,0
TXN001052,CUST00839,1366,4186.45,0.5,273.29,0,22,289.63,payment_failed,insufficient_funds,2026-06-16T01:14:43.161858,1,1,0,,False,retry_link;reminder;discount_offer;escalate_to_human;no_action,discount_offer,False,0.0,,0
TXN001053,CUST01261,1387,2653.16,1.0,563.18,1,8,528.27,checkout_abandoned,price_hesitation,2026-06-16T02:04:30.708213,2,1,0,2026-06-07T04:49:47.375133,True,no_action,no_action,False,0.0,,0
TXN001054,CUST01185,461,1370.59,0.5,156.24,0,81,129.99,payment_failed,price_hesitation,2026-06-16T02:26:55.968818,2,1,0,,False,retry_link;reminder;discount_offer;escalate_to_human;no_action,no_action,True,129.99,2.14,0
TXN001055,CUST01367,680,2937.24,0.5,373.13,0,117,373.57,payment_failed,insufficient_funds,2026-06-16T03:07:14.966189,3,1,0,,False,retry_link;reminder;discount_offer;escalate_to_human;no_action,reminder,False,0.0,,0
TXN001056,CUST00408,1401,3758.27,0.5,202.33,0,44,144.21,payment_failed,price_hesitation,2026-06-16T03:52:46.359042,3,1,0,,False,retry_link;reminder;discount_offer;escalate_to_human;no_action,retry_link,True,144.21,5.87,0
TXN001057,CUST00238,463,4904.4,0.5,109.35,1,8,56.08,payment_failed,otp_timeout,2026-06-16T04:37:12.441461,4,1,0,2026-06-14T23:47:55.141821,False,retry_link;reminder;discount_offer;escalate_to_human;no_action,discount_offer,True,56.08,0.98,1
TXN001058,CUST00390,1120,25238.81,0.5,121.41,0,109,196.27,checkout_abandoned,insufficient_funds,2026-06-16T04:38:26.085580,4,1,0,,False,retry_link;reminder;discount_offer;escalate_to_human;no_action,retry_link,True,196.27,1.18,0
TXN001059,CUST00438,122,331.64,0.5,296.5,0,87,200.63,payment_failed,otp_timeout,2026-06-16T04:58:13.156664,4,1,0,,False,retry_link;reminder;discount_offer;escalate_to_human;no_action,reminder,True,200.63,3.0,0
TXN001060,CUST00531,249,26068.21,0.5,260.82,0,26,199.62,checkout_abandoned,otp_timeout,2026-06-16T05:31:01.150259,5,1,0,,False,retry_link;reminder;discount_offer;escalate_to_human;no_action,retry_link,True,199.62,0.75,0
TXN001061,CUST01491,734,14436.92,0.5,493.2,0,91,490.01,checkout_abandoned,insufficient_funds,2026-06-16T05:52:54.454553,5,1,0,,False,retry_link;reminder;discount_offer;escalate_to_human;no_action,discount_offer,True,490.01,1.97,0
TXN001062,CUST00639,1423,3716.88,0.5,193.66,0,69,124.9,checkout_abandoned,price_hesitation,2026-06-16T06:27:12.082248,6,1,0,,False,retry_link;reminder;discount_offer;escalate_to_human;no_action,no_action,False,0.0,,0
TXN001063,CUST00090,653,3935.17,0.5,542.31,0,68,606.31,payment_failed,bank_decline,2026-06-16T07:08:01.465308,7,1,0,,False,retry_link;reminder;discount_offer;escalate_to_human;no_action,no_action,False,0.0,,0
TXN001064,CUST01313,1280,3176.05,0.5,407.96,0,75,213.15,payment_failed,bank_decline,2026-06-16T07:16:00.530851,7,1,0,,False,retry_link;reminder;discount_offer;escalate_to_human;no_action,reminder,False,0.0,,0
TXN001065,CUST01299,45,8302.1,1.0,489.85,1,1,370.16,checkout_abandoned,otp_timeout,2026-06-16T07:29:06.298849,7,1,0,2026-06-14T10:07:38.590730,False,retry_link;reminder;discount_offer;escalate_to_human;no_action,retry_link,True,370.16,15.53,0
TXN001066,CUST01059,467,24553.04,0.5,259.87,0,53,161.22,payment_failed,gateway_error,2026-06-16T07:38:39.134276,7,1,0,,False,retry_link;reminder;discount_offer;escalate_to_human;no_action,retry_link,True,161.22,5.68,0
TXN001067,CUST00113,688,3236.39,0.5,323.71,0,119,212.8,checkout_abandoned,insufficient_funds,2026-06-16T08:21:01.838996,8,1,0,,False,retry_link;reminder;discount_offer;escalate_to_human;no_action,escalate_to_human,False,0.0,,0
TXN001068,CUST00560,805,18269.36,0.5,814.61,0,46,486.69,checkout_abandoned,bank_decline,2026-06-16T08:32:04.681696,8,1,0,,False,retry_link;reminder;discount_offer;escalate_to_human;no_action,discount_offer,True,486.69,7.45,0
TXN001069,CUST01310,786,20724.49,1.0,842.79,1,8,1026.38,payment_failed,otp_timeout,2026-06-16T08:40:34.111179,8,1,0,2026-06-08T01:52:10.533595,False,retry_link;reminder;discount_offer;escalate_to_human;no_action,escalate_to_human,True,1026.38,3.52,0
TXN001070,CUST00318,1408,11923.26,0.0,477.55,0,47,503.6,payment_failed,insufficient_funds,2026-06-16T08:56:10.383962,8,1,0,2026-06-09T19:18:42.153351,False,retry_link;reminder;discount_offer;escalate_to_human;no_action,no_action,False,0.0,,2
TXN001071,CUST00207,1453,7747.86,0.5,233.67,1,6,322.4,payment_failed,bank_decline,2026-06-16T09:03:10.784096,9,1,0,2026-06-10T08:26:53.417471,False,retry_link;reminder;discount_offer;escalate_to_human;no_action,escalate_to_human,True,322.4,6.18,1
TXN001072,CUST00595,1203,37043.51,1.0,239.57,1,7,150.93,checkout_abandoned,insufficient_funds,2026-06-16T09:46:35.977995,9,1,0,,False,retry_link;reminder;discount_offer;escalate_to_human;no_action,escalate_to_human,True,150.93,12.18,0
TXN001073,CUST01417,658,12468.17,1.0,736.44,1,14,844.41,payment_failed,gateway_error,2026-06-16T09:51:34.544569,9,1,0,2026-06-01T10:06:02.846608,False,retry_link;reminder;discount_offer;escalate_to_human;no_action,retry_link,True,844.41,4.94,0
TXN001074,CUST01398,38,6226.74,0.0,407.04,0,51,216.72,checkout_abandoned,insufficient_funds,2026-06-16T10:48:45.163617,10,1,0,2026-06-08T06:35:58.737476,False,retry_link;reminder;discount_offer;escalate_to_human;no_action,discount_offer,False,0.0,,1
TXN001075,CUST00360,1268,6426.13,0.5,182.24,0,74,141.57,payment_failed,gateway_error,2026-06-16T11:18:41.045440,11,1,0,,False,retry_link;reminder;discount_offer;escalate_to_human;no_action,retry_link,True,141.57,1.35,0
TXN001076,CUST00756,1106,49296.02,0.5,206.32,0,100,239.48,payment_failed,bank_decline,2026-06-16T11:28:03.823729,11,1,0,,False,retry_link;reminder;discount_offer;escalate_to_human;no_action,reminder,True,239.48,0.41,0
TXN001077,CUST00149,88,4669.25,0.5,530.25,0,44,559.92,checkout_abandoned,price_hesitation,2026-06-16T11:35:46.523759,11,1,0,,False,retry_link;reminder;discount_offer;escalate_to_human;no_action,discount_offer,True,559.92,10.39,0
TXN001078,CUST00049,1167,31256.99,1.0,251.32,1,4,325.91,checkout_abandoned,gateway_error,2026-06-16T11:40:33.224020,11,1,0,2026-06-12T07:06:56.290000,False,retry_link;reminder;discount_offer;escalate_to_human;no_action,retry_link,False,0.0,,0
TXN001079,CUST00041,1137,9886.33,1.0,206.26,1,7,229.45,payment_failed,price_hesitation,2026-06-16T12:05:26.233203,12,1,0,2026-06-09T04:20:08.348755,False,retry_link;reminder;discount_offer;escalate_to_human;no_action,reminder,True,229.45,9.74,0
TXN001080,CUST00930,806,2815.05,0.5,388.5,1,6,440.59,payment_failed,bank_decline,2026-06-16T13:29:05.631191,13,1,0,2026-06-09T23:56:16.825318,False,retry_link;reminder;discount_offer;escalate_to_human;no_action,retry_link,False,0.0,,1
TXN001081,CUST00534,866,2212.92,0.5,631.06,0,42,1029.14,checkout_abandoned,price_hesitation,2026-06-16T13:38:41.620991,13,1,0,,False,retry_link;reminder;discount_offer;escalate_to_human;no_action,discount_offer,False,0.0,,0
TXN001082,CUST00110,416,7597.14,0.5,192.24,0,42,154.22,payment_failed,bank_decline,2026-06-16T14:02:41.420968,14,1,0,,False,retry_link;reminder;discount_offer;escalate_to_human;no_action,reminder,False,0.0,,0
TXN001083,CUST00009,142,1434.41,0.5,390.09,0,87,265.19,checkout_abandoned,otp_timeout,2026-06-16T14:16:47.145793,14,1,0,,False,retry_link;reminder;discount_offer;escalate_to_human;no_action,reminder,False,0.0,,0
TXN001084,CUST00014,1076,6673.89,0.5,189.79,0,88,160.77,payment_failed,gateway_error,2026-06-16T14:36:11.515765,14,1,0,,False,retry_link;reminder;discount_offer;escalate_to_human;no_action,discount_offer,True,160.77,8.96,0
TXN001085,CUST00940,1036,67890.2,0.0,320.24,0,48,689.52,checkout_abandoned,otp_timeout,2026-06-16T14:54:07.677253,14,1,0,2026-06-09T20:18:40.430196,False,retry_link;reminder;discount_offer;escalate_to_human;no_action,discount_offer,False,0.0,,2
TXN001086,CUST00448,782,3124.64,1.0,326.38,1,3,348.83,checkout_abandoned,bank_decline,2026-06-16T15:23:16.799497,15,1,0,2026-06-13T05:52:38.057243,False,retry_link;reminder;discount_offer;escalate_to_human;no_action,retry_link,False,0.0,,0
TXN001087,CUST00531,249,26068.21,1.0,260.82,1,0,171.61,checkout_abandoned,price_hesitation,2026-06-16T16:28:03.689912,16,1,1,2026-06-16T05:31:01.150259,False,retry_link;reminder;discount_offer;escalate_to_human;no_action,retry_link,True,171.61,4.86,0
TXN001088,CUST01461,469,6360.58,0.0,462.63,0,27,339.47,payment_failed,bank_decline,2026-06-16T16:28:05.562332,16,1,0,2026-06-14T22:00:43.314741,False,retry_link;reminder;discount_offer;escalate_to_human;no_action,discount_offer,False,0.0,,1
TXN001089,CUST01453,369,1289.15,0.5,103.59,0,25,109.73,checkout_abandoned,bank_decline,2026-06-16T16:28:10.572859,16,1,0,,False,retry_link;reminder;discount_offer;escalate_to_human;no_action,discount_offer,False,0.0,,0
TXN001090,CUST01217,1098,1369.05,0.0,350.76,0,9,409.38,payment_failed,insufficient_funds,2026-06-16T17:44:12.246430,17,1,0,2026-06-15T03:16:43.456155,False,retry_link;reminder;discount_offer;escalate_to_human;no_action,no_action,False,0.0,,1
TXN001091,CUST00676,871,9536.84,0.0,594.25,0,114,441.41,payment_failed,otp_timeout,2026-06-16T17:52:25.222763,17,1,0,,False,retry_link;reminder;discount_offer;escalate_to_human;no_action,no_action,False,0.0,,1
TXN001092,CUST00775,1426,1459.15,0.0,208.54,0,115,240.48,payment_failed,gateway_error,2026-06-16T17:55:41.224945,17,1,0,2026-06-07T13:37:05.749182,False,retry_link;reminder;discount_offer;escalate_to_human;no_action,reminder,False,0.0,,2
TXN001093,CUST01428,401,3291.78,1.0,750.28,1,2,881.7,checkout_abandoned,insufficient_funds,2026-06-16T18:05:51.021434,18,1,0,2026-06-14T16:00:29.702732,False,retry_link;reminder;discount_offer;escalate_to_human;no_action,escalate_to_human,False,0.0,,0
TXN001094,CUST00336,1444,5795.44,0.5,100.0,0,30,94.42,payment_failed,price_hesitation,2026-06-16T18:44:07.191920,18,1,0,,False,retry_link;reminder;discount_offer;escalate_to_human;no_action,discount_offer,True,94.42,7.89,0
TXN001095,CUST00343,773,17076.49,0.5,906.35,0,76,932.42,checkout_abandoned,bank_decline,2026-06-16T18:58:11.965644,18,1,0,,False,retry_link;reminder;discount_offer;escalate_to_human;no_action,no_action,False,0.0,,0
TXN001096,CUST00798,473,3474.86,0.5,414.55,1,2,421.83,checkout_abandoned,otp_timeout,2026-06-16T20:07:11.965111,20,1,0,2026-06-13T08:15:51.427915,False,retry_link;reminder;discount_offer;escalate_to_human;no_action,escalate_to_human,True,421.83,9.38,1
TXN001097,CUST01159,511,821.64,0.0,279.54,0,116,362.18,checkout_abandoned,bank_decline,2026-06-16T20:10:46.351223,20,1,0,2026-06-11T23:50:23.503251,False,retry_link;reminder;discount_offer;escalate_to_human;no_action,retry_link,False,0.0,,1
TXN001098,CUST01174,13,3666.33,1.0,468.84,1,4,1020.81,payment_failed,bank_decline,2026-06-16T20:14:50.094172,20,1,0,,False,retry_link;reminder;discount_offer;escalate_to_human;no_action,no_action,False,0.0,,0
TXN001099,CUST01015,1256,13441.29,1.0,458.28,1,12,487.75,payment_failed,gateway_error,2026-06-16T20:42:58.082051,20,1,0,2026-06-04T11:33:34.839950,False,retry_link;reminder;discount_offer;escalate_to_human;no_action,retry_link,True,487.75,0.41,0
TXN001100,CUST01242,1444,3648.3,1.0,150.05,2,4,187.04,payment_failed,otp_timeout,2026-06-16T21:02:52.330395,21,1,0,2026-06-12T19:43:15.450718,False,retry_link;reminder;discount_offer;escalate_to_human;no_action,reminder,True,187.04,11.61,0
TXN001101,CUST00183,1044,28200.75,0.5,217.34,0,119,164.04,payment_failed,otp_timeout,2026-06-16T21:36:06.926553,21,1,0,,False,retry_link;reminder;discount_offer;escalate_to_human;no_action,discount_offer,False,0.0,,0
TXN001102,CUST00406,651,34491.75,0.0,743.85,0,98,819.1,payment_failed,otp_timeout,2026-06-16T21:53:29.259005,21,1,0,2026-06-08T00:53:48.842737,False,retry_link;reminder;discount_offer;escalate_to_human;no_action,discount_offer,False,0.0,,1
TXN001103,CUST00137,47,7843.67,0.0,401.17,0,60,348.45,checkout_abandoned,insufficient_funds,2026-06-16T21:57:39.341957,21,1,0,2026-06-03T23:14:12.034627,False,retry_link;reminder;discount_offer;escalate_to_human;no_action,no_action,False,0.0,,1
TXN001104,CUST01373,631,12096.12,0.5,432.2,0,12,700.18,payment_failed,insufficient_funds,2026-06-16T22:05:35.972125,22,1,0,,False,retry_link;reminder;discount_offer;escalate_to_human;no_action,escalate_to_human,False,0.0,,0
TXN001105,CUST00246,1136,3709.25,0.0,253.58,0,45,379.17,payment_failed,bank_decline,2026-06-16T22:05:35.985386,22,1,0,2026-06-13T03:29:03.254251,False,retry_link;reminder;discount_offer;escalate_to_human;no_action,no_action,False,0.0,,1
TXN001106,CUST01117,880,3697.54,0.25,442.66,1,15,512.13,checkout_abandoned,insufficient_funds,2026-06-16T22:13:56.101166,22,1,0,2026-06-12T06:08:27.057257,False,retry_link;reminder;discount_offer;escalate_to_human;no_action,reminder,True,512.13,0.93,3
TXN001107,CUST01079,1254,3019.02,0.0,361.74,0,117,718.11,payment_failed,bank_decline,2026-06-16T22:21:21.443928,22,1,0,2026-06-04T07:53:32.882521,False,retry_link;reminder;discount_offer;escalate_to_human;no_action,escalate_to_human,False,0.0,,1
TXN001108,CUST01444,210,9561.43,1.0,298.48,1,12,417.87,payment_failed,otp_timeout,2026-06-16T22:24:49.355779,22,1,0,2026-06-04T15:12:44.362908,False,retry_link;reminder;discount_offer;escalate_to_human;no_action,reminder,True,417.87,6.09,0
TXN001109,CUST00913,1470,4823.52,0.5,227.2,0,23,226.61,payment_failed,insufficient_funds,2026-06-17T00:23:34.433140,0,2,0,,False,retry_link;reminder;discount_offer;escalate_to_human;no_action,no_action,False,0.0,,0
TXN001110,CUST00081,656,1492.09,0.0,193.64,0,104,173.11,payment_failed,insufficient_funds,2026-06-17T00:26:36.241410,0,2,0,,False,retry_link;reminder;discount_offer;escalate_to_human;no_action,retry_link,False,0.0,,1
TXN001111,CUST00316,1095,14541.33,0.5,196.53,0,35,153.08,payment_failed,price_hesitation,2026-06-17T00:27:42.982184,0,2,0,,False,retry_link;reminder;discount_offer;escalate_to_human;no_action,discount_offer,True,153.08,2.21,0
TXN001112,CUST00536,684,11521.2,0.5,484.57,0,36,299.8,checkout_abandoned,insufficient_funds,2026-06-17T01:21:34.686121,1,2,0,,False,retry_link;reminder;discount_offer;escalate_to_human;no_action,escalate_to_human,False,0.0,,0
TXN001113,CUST00521,220,1633.66,1.0,487.14,1,8,801.59,payment_failed,bank_decline,2026-06-17T01:30:10.324121,1,2,0,,False,retry_link;reminder;discount_offer;escalate_to_human;no_action,reminder,False,0.0,,0
TXN001114,CUST01075,246,3434.86,0.5,479.25,0,89,700.39,checkout_abandoned,insufficient_funds,2026-06-17T01:37:12.274122,1,2,0,,False,retry_link;reminder;discount_offer;escalate_to_human;no_action,reminder,False,0.0,,0
TXN001115,CUST00571,624,3032.19,0.0,309.48,0,60,293.7,checkout_abandoned,otp_timeout,2026-06-17T02:03:49.915763,2,2,0,,False,retry_link;reminder;discount_offer;escalate_to_human;no_action,discount_offer,False,0.0,,1
TXN001116,CUST00563,273,11794.9,0.5,626.15,0,34,483.27,checkout_abandoned,price_hesitation,2026-06-17T02:06:11.862620,2,2,0,,False,retry_link;reminder;discount_offer;escalate_to_human;no_action,no_action,False,0.0,,0
TXN001117,CUST01015,1256,13441.29,1.0,458.28,2,0,477.18,checkout_abandoned,insufficient_funds,2026-06-17T02:53:47.124016,2,2,1,2026-06-16T20:42:58.082051,False,retry_link;reminder;discount_offer;escalate_to_human;no_action,retry_link,True,477.18,8.43,0
TXN001118,CUST01309,1279,2904.77,0.0,308.8,0,47,216.16,checkout_abandoned,bank_decline,2026-06-17T03:19:26.516786,3,2,0,,False,retry_link;reminder;discount_offer;escalate_to_human;no_action,discount_offer,False,0.0,,1
TXN001119,CUST00285,1406,7145.45,0.5,573.44,0,91,595.47,payment_failed,gateway_error,2026-06-17T03:20:10.799533,3,2,0,,False,retry_link;reminder;discount_offer;escalate_to_human;no_action,retry_link,True,595.47,4.25,0
TXN001120,CUST00457,951,5787.7,0.5,448.18,0,61,872.67,payment_failed,price_hesitation,2026-06-17T03:20:36.134160,3,2,0,,False,retry_link;reminder;discount_offer;escalate_to_human;no_action,discount_offer,False,0.0,,0
TXN001121,CUST00077,341,15758.67,0.0,210.61,0,24,211.48,checkout_abandoned,bank_decline,2026-06-17T03:59:19.910992,3,2,0,2026-06-15T00:32:04.979619,False,retry_link;reminder;discount_offer;escalate_to_human;no_action,no_action,False,0.0,,1
TXN001122,CUST01231,1100,6437.58,0.0,503.97,0,116,843.82,payment_failed,insufficient_funds,2026-06-17T04:01:19.548217,4,2,0,2026-06-05T04:37:39.804290,False,retry_link;reminder;discount_offer;escalate_to_human;no_action,retry_link,False,0.0,,1
TXN001123,CUST01452,77,3534.69,0.5,464.19,0,15,403.46,payment_failed,insufficient_funds,2026-06-17T04:14:16.398688,4,2,0,,False,retry_link;reminder;discount_offer;escalate_to_human;no_action,no_action,False,0.0,,0
TXN001124,CUST01479,625,2008.76,0.5,158.21,1,7,333.62,payment_failed,bank_decline,2026-06-17T04:37:15.331326,4,2,0,2026-06-09T11:05:50.554836,False,retry_link;reminder;discount_offer;escalate_to_human;no_action,escalate_to_human,True,333.62,0.25,1
TXN001125,CUST00356,228,20971.39,0.0,202.45,0,51,240.23,checkout_abandoned,insufficient_funds,2026-06-17T05:05:17.176662,5,2,0,,False,retry_link;reminder;discount_offer;escalate_to_human;no_action,retry_link,False,0.0,,1
TXN001126,CUST00591,1354,11908.73,0.5,265.43,0,14,182.42,checkout_abandoned,gateway_error,2026-06-17T06:24:25.862348,6,2,0,,False,retry_link;reminder;discount_offer;escalate_to_human;no_action,no_action,False,0.0,,0
TXN001127,CUST00912,565,5770.6,0.0,340.73,0,128,334.23,payment_failed,bank_decline,2026-06-17T06:40:03.120934,6,2,0,2026-06-06T07:12:38.810308,False,retry_link;reminder;discount_offer;escalate_to_human;no_action,no_action,False,0.0,,2
TXN001128,CUST01447,1439,749.83,0.5,170.66,0,115,101.17,checkout_abandoned,insufficient_funds,2026-06-17T07:51:01.270511,7,2,0,,False,retry_link;reminder;discount_offer;escalate_to_human;no_action,retry_link,True,101.17,5.06,0
TXN001129,CUST00597,1169,7432.73,0.0,527.38,0,98,269.29,payment_failed,otp_timeout,2026-06-17T08:47:38.248011,8,2,0,2026-06-11T09:45:38.969739,True,no_action,no_action,False,0.0,,1
TXN001130,CUST00509,355,9161.88,0.5,154.68,0,71,161.71,payment_failed,gateway_error,2026-06-17T09:02:25.910318,9,2,0,,False,retry_link;reminder;discount_offer;escalate_to_human;no_action,discount_offer,True,161.71,12.6,0
TXN001131,CUST01357,202,5214.13,1.0,369.31,1,2,353.0,payment_failed,price_hesitation,2026-06-17T10:08:34.933520,10,2,0,2026-06-15T04:50:37.391844,False,retry_link;reminder;discount_offer;escalate_to_human;no_action,retry_link,False,0.0,,0
TXN001132,CUST00159,1176,4765.79,0.5,313.56,0,112,312.73,payment_failed,bank_decline,2026-06-17T10:09:58.821213,10,2,0,,False,retry_link;reminder;discount_offer;escalate_to_human;no_action,retry_link,True,312.73,1.39,0
TXN001133,CUST01329,513,1429.02,0.5,464.55,0,57,659.3,payment_failed,price_hesitation,2026-06-17T10:17:20.023154,10,2,0,,False,retry_link;reminder;discount_offer;escalate_to_human;no_action,no_action,False,0.0,,0
TXN001134,CUST01231,1100,6437.58,0.0,503.97,0,117,958.4,payment_failed,insufficient_funds,2026-06-17T10:17:58.654395,10,2,1,2026-06-17T04:01:19.548217,False,retry_link;reminder;discount_offer;escalate_to_human;no_action,discount_offer,False,0.0,,2
TXN001135,CUST00102,1207,1368.83,0.5,654.68,0,78,906.78,checkout_abandoned,price_hesitation,2026-06-17T10:32:53.950363,10,2,0,,False,retry_link;reminder;discount_offer;escalate_to_human;no_action,discount_offer,True,906.78,3.54,0
TXN001136,CUST01141,508,1490.59,0.5,100.0,0,74,109.24,payment_failed,price_hesitation,2026-06-17T11:47:44.318436,11,2,0,,False,retry_link;reminder;discount_offer;escalate_to_human;no_action,escalate_to_human,True,109.24,14.77,0
TXN001137,CUST00435,186,5550.67,0.0,232.4,0,64,213.28,payment_failed,insufficient_funds,2026-06-17T12:03:14.709431,12,2,0,2026-06-05T17:07:19.474703,False,retry_link;reminder;discount_offer;escalate_to_human;no_action,reminder,False,0.0,,2
TXN001138,CUST00338,304,5598.1,0.5,781.33,0,62,444.68,payment_failed,gateway_error,2026-06-17T12:10:06.925269,12,2,0,,False,retry_link;reminder;discount_offer;escalate_to_human;no_action,no_action,False,0.0,,0
TXN001139,CUST00264,1484,7419.19,1.0,311.01,1,4,262.77,checkout_abandoned,otp_timeout,2026-06-17T12:45:42.522217,12,2,0,2026-06-13T06:34:54.782030,False,retry_link;reminder;discount_offer;escalate_to_human;no_action,escalate_to_human,True,262.77,0.31,0
TXN001140,CUST01438,479,10355.09,0.5,191.68,1,4,220.36,payment_failed,insufficient_funds,2026-06-17T13:07:29.981288,13,2,0,2026-06-14T08:59:32.303696,False,retry_link;reminder;discount_offer;escalate_to_human;no_action,discount_offer,False,0.0,,1
TXN001141,CUST00762,1423,5574.97,0.5,293.72,0,94,268.28,payment_failed,insufficient_funds,2026-06-17T13:38:29.078592,13,2,0,,False,retry_link;reminder;discount_offer;escalate_to_human;no_action,escalate_to_human,True,268.28,2.01,0
TXN001142,CUST00169,35,754.16,0.0,321.5,0,87,139.77,checkout_abandoned,insufficient_funds,2026-06-17T14:01:22.634005,14,2,0,2026-06-15T21:34:30.650191,False,retry_link;reminder;discount_offer;escalate_to_human;no_action,discount_offer,True,139.77,4.59,1
TXN001143,CUST00303,1344,9679.33,0.0,112.14,0,122,92.55,payment_failed,bank_decline,2026-06-17T14:11:00.186971,14,2,0,,False,retry_link;reminder;discount_offer;escalate_to_human;no_action,no_action,False,0.0,,1
TXN001144,CUST00291,401,24017.43,1.0,919.71,1,13,1393.31,checkout_abandoned,gateway_error,2026-06-17T14:33:35.727424,14,2,0,2026-06-04T13:35:47.189506,False,retry_link;reminder;discount_offer;escalate_to_human;no_action,no_action,False,0.0,,0
TXN001145,CUST00606,485,6783.36,1.0,997.54,2,1,1187.13,payment_failed,price_hesitation,2026-06-17T15:30:17.816062,15,2,0,2026-06-15T23:06:18.013985,False,retry_link;reminder;discount_offer;escalate_to_human;no_action,no_action,False,0.0,,0
TXN001146,CUST01129,974,10173.24,0.0,190.52,0,110,174.26,checkout_abandoned,price_hesitation,2026-06-17T15:52:07.618835,15,2,0,,False,retry_link;reminder;discount_offer;escalate_to_human;no_action,escalate_to_human,True,174.26,3.26,1
TXN001147,CUST01462,72,633.5,0.5,358.55,0,38,486.76,payment_failed,insufficient_funds,2026-06-17T16:51:05.979520,16,2,0,,False,retry_link;reminder;discount_offer;escalate_to_human;no_action,discount_offer,False,0.0,,0
TXN001148,CUST01432,257,1936.39,0.5,551.11,0,98,613.31,payment_failed,insufficient_funds,2026-06-17T17:02:57.995052,17,2,0,,False,retry_link;reminder;discount_offer;escalate_to_human;no_action,no_action,False,0.0,,0
TXN001149,CUST00938,693,11237.1,0.5,137.8,0,71,186.36,checkout_abandoned,otp_timeout,2026-06-17T17:10:15.814476,17,2,0,,False,retry_link;reminder;discount_offer;escalate_to_human;no_action,reminder,False,0.0,,0
TXN001150,CUST01414,877,2041.24,0.0,298.01,0,102,299.9,payment_failed,bank_decline,2026-06-17T17:15:13.995215,17,2,0,2026-06-11T19:31:39.026274,False,retry_link;reminder;discount_offer;escalate_to_human;no_action,no_action,False,0.0,,1
TXN001151,CUST00928,628,4037.9,0.5,959.14,0,31,647.19,checkout_abandoned,bank_decline,2026-06-17T17:35:15.083589,17,2,0,,False,retry_link;reminder;discount_offer;escalate_to_human;no_action,no_action,False,0.0,,0
TXN001152,CUST00041,1137,9886.33,1.0,206.26,2,1,256.52,payment_failed,price_hesitation,2026-06-17T18:03:06.344148,18,2,0,2026-06-16T12:05:26.233203,False,retry_link;reminder;discount_offer;escalate_to_human;no_action,escalate_to_human,True,256.52,1.45,0
TXN001153,CUST00972,716,1074.76,0.0,347.84,0,75,267.33,checkout_abandoned,bank_decline,2026-06-17T18:13:08.557307,18,2,0,2026-06-10T03:51:39.040794,False,retry_link;reminder;discount_offer;escalate_to_human;no_action,no_action,False,0.0,,1
TXN001154,CUST00574,11,6525.05,1.0,639.2,1,5,453.06,payment_failed,price_hesitation,2026-06-17T18:18:43.233439,18,2,0,2026-06-12T13:09:21.210296,False,retry_link;reminder;discount_offer;escalate_to_human;no_action,discount_offer,True,453.06,0.2,0
TXN001155,CUST01247,697,4458.31,0.5,105.89,0,66,85.63,checkout_abandoned,insufficient_funds,2026-06-17T18:22:08.028327,18,2,0,,False,retry_link;reminder;discount_offer;escalate_to_human;no_action,retry_link,False,0.0,,0
TXN001156,CUST01138,1115,7575.8,0.0,179.15,0,58,175.65,checkout_abandoned,insufficient_funds,2026-06-17T18:53:34.831735,18,2,0,2026-06-02T19:31:24.902782,False,retry_link;reminder;discount_offer;escalate_to_human;no_action,no_action,False,0.0,,2
TXN001157,CUST00441,452,3295.83,1.0,217.01,1,16,145.02,payment_failed,bank_decline,2026-06-17T19:14:16.913953,19,2,0,2026-06-01T14:20:13.619198,False,retry_link;reminder;discount_offer;escalate_to_human;no_action,escalate_to_human,False,0.0,,0
TXN001158,CUST01000,1212,15553.59,0.0,777.58,0,63,645.22,payment_failed,gateway_error,2026-06-17T19:41:33.196682,19,2,0,2026-06-13T05:53:56.762067,True,no_action,no_action,False,0.0,,3
TXN001159,CUST00093,581,2823.26,0.5,341.57,0,76,460.82,payment_failed,gateway_error,2026-06-17T20:39:28.718273,20,2,0,,False,retry_link;reminder;discount_offer;escalate_to_human;no_action,no_action,False,0.0,,0
TXN001160,CUST00756,1106,49296.02,1.0,206.32,1,1,232.96,payment_failed,price_hesitation,2026-06-17T20:42:29.796183,20,2,0,2026-06-16T11:28:03.823729,False,retry_link;reminder;discount_offer;escalate_to_human;no_action,no_action,False,0.0,,0
TXN001161,CUST00074,1030,688.57,0.5,664.45,0,17,938.79,payment_failed,otp_timeout,2026-06-17T20:44:52.928773,20,2,0,,False,retry_link;reminder;discount_offer;escalate_to_human;no_action,no_action,False,0.0,,0
TXN001162,CUST01255,128,11462.57,1.0,476.49,1,13,476.37,payment_failed,price_hesitation,2026-06-17T21:21:32.143388,21,2,0,2026-06-04T16:54:38.547694,False,retry_link;reminder;discount_offer;escalate_to_human;no_action,retry_link,True,476.37,20.95,0
TXN001163,CUST00479,164,1534.39,1.0,196.92,2,4,254.25,payment_failed,otp_timeout,2026-06-17T21:22:22.187777,21,2,0,2026-06-13T02:04:50.791106,False,retry_link;reminder;discount_offer;escalate_to_human;no_action,no_action,False,0.0,,0
TXN001164,CUST00623,625,2753.46,0.0,512.39,0,78,372.36,checkout_abandoned,insufficient_funds,2026-06-17T21:41:59.008459,21,2,0,2026-06-01T05:40:37.051849,False,retry_link;reminder;discount_offer;escalate_to_human;no_action,no_action,False,0.0,,1
TXN001165,CUST00175,693,15588.26,0.5,164.7,0,34,192.02,payment_failed,insufficient_funds,2026-06-17T21:43:40.859593,21,2,0,,False,retry_link;reminder;discount_offer;escalate_to_human;no_action,reminder,False,0.0,,0
TXN001166,CUST00868,670,1663.21,0.0,362.29,0,14,238.4,checkout_abandoned,insufficient_funds,2026-06-17T22:13:20.728992,22,2,0,,False,retry_link;reminder;discount_offer;escalate_to_human;no_action,discount_offer,False,0.0,,1
TXN001167,CUST00701,924,3903.58,0.5,377.88,0,80,376.17,payment_failed,insufficient_funds,2026-06-17T22:18:53.750781,22,2,0,,False,retry_link;reminder;discount_offer;escalate_to_human;no_action,no_action,True,376.17,0.58,0
TXN001168,CUST00405,751,3651.27,0.0,300.94,0,103,382.13,payment_failed,bank_decline,2026-06-17T22:57:11.116235,22,2,0,2026-06-12T01:48:07.063155,False,retry_link;reminder;discount_offer;escalate_to_human;no_action,discount_offer,True,382.13,3.08,1
TXN001169,CUST01004,193,16985.07,1.0,384.93,1,9,253.37,payment_failed,bank_decline,2026-06-17T23:04:13.220030,23,2,0,2026-06-08T13:14:34.592254,False,retry_link;reminder;discount_offer;escalate_to_human;no_action,discount_offer,True,253.37,6.42,0
TXN001170,CUST00164,627,1476.37,0.5,497.91,0,9,374.4,payment_failed,insufficient_funds,2026-06-17T23:18:13.658848,23,2,0,,False,retry_link;reminder;discount_offer;escalate_to_human;no_action,escalate_to_human,True,374.4,10.87,0
TXN001171,CUST01301,602,2061.14,0.5,338.39,0,107,241.61,payment_failed,otp_timeout,2026-06-18T00:21:57.970355,0,3,0,,False,retry_link;reminder;discount_offer;escalate_to_human;no_action,no_action,False,0.0,,0
TXN001172,CUST01449,155,2495.41,1.0,358.57,1,16,467.94,payment_failed,otp_timeout,2026-06-18T01:45:22.746106,1,3,0,,False,retry_link;reminder;discount_offer;escalate_to_human;no_action,retry_link,True,467.94,7.49,0
TXN001173,CUST00357,1337,108026.51,0.0,185.26,0,120,247.5,checkout_abandoned,insufficient_funds,2026-06-18T01:45:41.598190,1,3,0,2026-06-13T05:25:46.779734,False,retry_link;reminder;discount_offer;escalate_to_human;no_action,discount_offer,False,0.0,,2
TXN001174,CUST01368,1444,2459.52,0.0,204.43,0,120,190.91,payment_failed,insufficient_funds,2026-06-18T01:59:12.493773,1,3,0,2026-06-04T08:43:02.073060,False,retry_link;reminder;discount_offer;escalate_to_human;no_action,retry_link,True,190.91,1.58,2
TXN001175,CUST01338,1163,2532.62,0.5,468.12,0,61,512.0,checkout_abandoned,gateway_error,2026-06-18T02:02:25.424738,2,3,0,,False,retry_link;reminder;discount_offer;escalate_to_human;no_action,escalate_to_human,True,512.0,0.7,0
TXN001176,CUST00740,1225,14175.3,0.5,154.25,0,36,185.19,checkout_abandoned,insufficient_funds,2026-06-18T02:48:07.813172,2,3,0,,False,retry_link;reminder;discount_offer;escalate_to_human;no_action,escalate_to_human,True,185.19,0.77,0
TXN001177,CUST00348,271,24092.08,0.5,111.52,0,31,177.64,checkout_abandoned,price_hesitation,2026-06-18T02:56:21.290271,2,3,0,,False,retry_link;reminder;discount_offer;escalate_to_human;no_action,reminder,True,177.64,9.57,0
TXN001178,CUST00308,474,4889.79,0.5,632.33,0,39,1016.4,payment_failed,bank_decline,2026-06-18T03:28:00.765348,3,3,0,,False,retry_link;reminder;discount_offer;escalate_to_human;no_action,no_action,False,0.0,,0
TXN001179,CUST00756,1106,49296.02,0.5,206.32,1,1,234.56,payment_failed,insufficient_funds,2026-06-18T03:30:28.447702,3,3,0,2026-06-16T11:28:03.823729,False,retry_link;reminder;discount_offer;escalate_to_human;no_action,retry_link,False,0.0,,1
TXN001180,CUST01095,120,2956.2,0.0,554.4,0,103,606.33,checkout_abandoned,insufficient_funds,2026-06-18T04:50:14.975369,4,3,0,2026-06-09T01:27:30.671789,False,retry_link;reminder;discount_offer;escalate_to_human;no_action,reminder,False,0.0,,1
TXN001181,CUST01359,548,1796.08,0.5,148.04,0,31,125.73,checkout_abandoned,bank_decline,2026-06-18T04:54:40.505941,4,3,0,,False,retry_link;reminder;discount_offer;escalate_to_human;no_action,reminder,False,0.0,,0
TXN001182,CUST00035,96,17148.29,1.0,162.48,1,7,243.34,payment_failed,bank_decline,2026-06-18T05:02:56.080682,5,3,0,2026-06-10T18:42:42.341227,False,retry_link;reminder;discount_offer;escalate_to_human;no_action,escalate_to_human,True,243.34,11.82,0
TXN001183,CUST00531,249,26068.21,1.0,260.82,2,1,382.74,payment_failed,bank_decline,2026-06-18T05:57:53.141855,5,3,0,2026-06-16T16:28:03.689912,False,retry_link;reminder;discount_offer;escalate_to_human;no_action,retry_link,False,0.0,,0
TXN001184,CUST00590,1201,1342.11,0.5,225.74,0,49,185.81,checkout_abandoned,insufficient_funds,2026-06-18T06:46:46.334499,6,3,0,,False,retry_link;reminder;discount_offer;escalate_to_human;no_action,escalate_to_human,True,185.81,4.68,0
TXN001185,CUST01101,704,11454.75,0.333,273.72,1,14,585.16,checkout_abandoned,gateway_error,2026-06-18T07:10:46.671044,7,3,0,2026-06-14T09:04:01.925977,False,retry_link;reminder;discount_offer;escalate_to_human;no_action,escalate_to_human,False,0.0,,2
TXN001186,CUST01082,1437,3516.18,1.0,580.36,2,15,632.16,payment_failed,price_hesitation,2026-06-18T07:27:47.481606,7,3,0,2026-06-01T12:52:15.756916,False,retry_link;reminder;discount_offer;escalate_to_human;no_action,escalate_to_human,True,632.16,14.96,0
TXN001187,CUST00896,764,121257.19,0.0,221.4,0,85,166.17,payment_failed,price_hesitation,2026-06-18T07:34:08.526344,7,3,0,2026-06-12T16:21:38.832804,False,retry_link;reminder;discount_offer;escalate_to_human;no_action,discount_offer,False,0.0,,2
TXN001188,CUST00817,160,768.1,0.5,311.83,0,92,456.92,payment_failed,bank_decline,2026-06-18T08:10:18.918835,8,3,0,,False,retry_link;reminder;discount_offer;escalate_to_human;no_action,reminder,True,456.92,0.12,0
TXN001189,CUST01358,155,458.7,0.5,461.53,0,88,388.5,checkout_abandoned,gateway_error,2026-06-18T09:13:53.355143,9,3,0,,False,retry_link;reminder;discount_offer;escalate_to_human;no_action,retry_link,True,388.5,3.8,0
TXN001190,CUST00936,237,7535.06,0.0,1640.99,0,50,2735.68,payment_failed,price_hesitation,2026-06-18T09:20:32.162116,9,3,0,2026-06-11T18:42:02.327809,False,retry_link;reminder;discount_offer;escalate_to_human;no_action,retry_link,True,2735.68,0.27,1
TXN001191,CUST00885,1102,21893.24,0.0,339.27,0,125,238.05,payment_failed,insufficient_funds,2026-06-18T09:27:51.185589,9,3,0,2026-06-10T14:12:30.764905,False,retry_link;reminder;discount_offer;escalate_to_human;no_action,reminder,False,0.0,,1
TXN001192,CUST00406,651,34491.75,0.0,743.85,0,100,798.3,payment_failed,gateway_error,2026-06-18T09:32:35.362174,9,3,0,2026-06-16T21:53:29.259005,False,retry_link;reminder;discount_offer;escalate_to_human;no_action,no_action,False,0.0,,2
TXN001193,CUST01365,27,11553.92,0.5,1118.12,1,8,730.51,payment_failed,gateway_error,2026-06-18T10:15:17.258864,10,3,0,2026-06-10T04:53:57.716919,False,retry_link;reminder;discount_offer;escalate_to_human;no_action,no_action,False,0.0,,1
TXN001194,CUST00168,502,313.6,1.0,647.98,1,8,959.86,payment_failed,otp_timeout,2026-06-18T10:32:41.222825,10,3,0,2026-06-09T12:21:32.144890,False,retry_link;reminder;discount_offer;escalate_to_human;no_action,escalate_to_human,True,959.86,6.69,0
TXN001195,CUST00794,647,772.35,0.5,597.26,0,32,616.02,payment_failed,price_hesitation,2026-06-18T10:59:33.868017,10,3,0,,False,retry_link;reminder;discount_offer;escalate_to_human;no_action,escalate_to_human,True,616.02,0.63,0
TXN001196,CUST00055,66,6143.05,0.0,100.0,0,86,84.51,checkout_abandoned,insufficient_funds,2026-06-18T11:32:22.614339,11,3,0,,False,retry_link;reminder;discount_offer;escalate_to_human;no_action,discount_offer,False,0.0,,1
TXN001197,CUST00833,215,3287.83,1.0,315.62,1,5,226.1,checkout_abandoned,gateway_error,2026-06-18T11:35:13.185429,11,3,0,2026-06-13T08:59:22.530057,False,retry_link;reminder;discount_offer;escalate_to_human;no_action,reminder,True,226.1,5.0,0
TXN001198,CUST01203,1142,17015.67,0.0,183.63,0,33,271.87,checkout_abandoned,insufficient_funds,2026-06-18T11:43:13.067098,11,3,0,2026-06-14T10:06:47.864123,False,retry_link;reminder;discount_offer;escalate_to_human;no_action,retry_link,False,0.0,,3
TXN001199,CUST00939,763,5661.72,0.0,217.25,0,79,280.87,payment_failed,insufficient_funds,2026-06-18T11:57:12.504296,11,3,0,2026-06-15T14:04:26.570820,False,retry_link;reminder;discount_offer;escalate_to_human;no_action,retry_link,False,0.0,,1
TXN001200,CUST00163,610,1354.02,0.0,242.21,0,79,198.72,checkout_abandoned,bank_decline,2026-06-18T12:06:09.583669,12,3,0,2026-06-11T05:09:17.774186,False,retry_link;reminder;discount_offer;escalate_to_human;no_action,retry_link,True,198.72,35.03,1
TXN001201,CUST01398,38,6226.74,0.0,407.04,0,53,275.3,payment_failed,price_hesitation,2026-06-18T12:23:55.145220,12,3,0,2026-06-16T10:48:45.163617,False,retry_link;reminder;discount_offer;escalate_to_human;no_action,discount_offer,True,275.3,4.15,2
TXN001202,CUST00335,1212,24815.31,0.5,262.95,0,113,328.77,payment_failed,otp_timeout,2026-06-18T12:39:43.211919,12,3,0,,False,retry_link;reminder;discount_offer;escalate_to_human;no_action,escalate_to_human,False,0.0,,0
TXN001203,CUST01074,700,640.74,0.5,232.81,0,19,135.37,payment_failed,gateway_error,2026-06-18T13:07:48.664033,13,3,0,,False,retry_link;reminder;discount_offer;escalate_to_human;no_action,discount_offer,True,135.37,0.66,0
TXN001204,CUST00396,68,17103.67,1.0,328.8,1,7,175.21,checkout_abandoned,gateway_error,2026-06-18T13:35:18.617068,13,3,0,2026-06-10T19:02:00.332408,False,retry_link;reminder;discount_offer;escalate_to_human;no_action,reminder,True,175.21,7.2,0
TXN001205,CUST00771,1479,4793.64,0.5,876.94,0,10,1376.81,payment_failed,bank_decline,2026-06-18T13:40:41.782814,13,3,0,,False,retry_link;reminder;discount_offer;escalate_to_human;no_action,retry_link,False,0.0,,0
TXN001206,CUST01319,596,6795.75,0.0,202.65,0,126,201.65,checkout_abandoned,otp_timeout,2026-06-18T13:51:06.318898,13,3,0,2026-06-02T02:10:26.888748,False,retry_link;reminder;discount_offer;escalate_to_human;no_action,reminder,False,0.0,,1
TXN001207,CUST01425,1222,2290.01,1.0,136.13,1,9,158.19,payment_failed,insufficient_funds,2026-06-18T14:05:49.528969,14,3,0,2026-06-09T01:58:44.368577,False,retry_link;reminder;discount_offer;escalate_to_human;no_action,discount_offer,True,158.19,4.9,0
TXN001208,CUST00041,1137,9886.33,1.0,206.26,3,0,155.84,payment_failed,gateway_error,2026-06-18T14:24:38.850255,14,3,1,2026-06-17T18:03:06.344148,False,retry_link;reminder;discount_offer;escalate_to_human;no_action,reminder,True,155.84,4.05,0
TXN001209,CUST01163,797,5494.99,0.0,221.11,0,117,219.86,payment_failed,otp_timeout,2026-06-18T14:31:53.081653,14,3,0,,False,retry_link;reminder;discount_offer;escalate_to_human;no_action,retry_link,False,0.0,,1
TXN001210,CUST00969,55,12840.54,1.0,145.88,1,10,212.36,checkout_abandoned,gateway_error,2026-06-18T15:31:46.127156,15,3,0,2026-06-08T14:09:06.808873,False,retry_link;reminder;discount_offer;escalate_to_human;no_action,discount_offer,True,212.36,0.22,0
TXN001211,CUST01211,1173,3152.81,0.5,766.69,0,46,1129.11,checkout_abandoned,price_hesitation,2026-06-18T16:44:16.106483,16,3,0,,False,retry_link;reminder;discount_offer;escalate_to_human;no_action,no_action,False,0.0,,0
TXN001212,CUST01204,976,4625.72,0.5,1787.67,0,109,2302.08,checkout_abandoned,gateway_error,2026-06-18T16:54:45.435942,16,3,0,,False,retry_link;reminder;discount_offer;escalate_to_human;no_action,no_action,False,0.0,,0
TXN001213,CUST00420,1391,32554.62,0.5,470.21,0,66,343.65,payment_failed,gateway_error,2026-06-18T17:04:38.720713,17,3,0,,False,retry_link;reminder;discount_offer;escalate_to_human;no_action,no_action,False,0.0,,0
TXN001214,CUST00849,909,857.65,0.5,198.9,0,16,151.23,checkout_abandoned,gateway_error,2026-06-18T17:21:58.783717,17,3,0,,False,retry_link;reminder;discount_offer;escalate_to_human;no_action,no_action,False,0.0,,0
TXN001215,CUST00504,411,1824.41,0.0,232.47,0,118,226.57,checkout_abandoned,insufficient_funds,2026-06-18T17:43:40.676450,17,3,0,2026-06-07T08:00:49.887516,False,retry_link;reminder;discount_offer;escalate_to_human;no_action,escalate_to_human,False,0.0,,1
TXN001216,CUST01260,399,5929.46,0.5,244.85,0,54,372.88,checkout_abandoned,gateway_error,2026-06-18T17:53:29.504786,17,3,0,,False,retry_link;reminder;discount_offer;escalate_to_human;no_action,discount_offer,False,0.0,,0
TXN001217,CUST01273,1013,14209.81,0.0,381.79,0,121,248.43,payment_failed,price_hesitation,2026-06-18T18:00:58.565968,18,3,0,2026-06-01T05:14:50.476284,False,retry_link;reminder;discount_offer;escalate_to_human;no_action,escalate_to_human,True,248.43,6.33,1
TXN001218,CUST00397,295,3303.05,0.5,577.22,0,11,445.74,payment_failed,price_hesitation,2026-06-18T18:52:12.648846,18,3,0,,False,retry_link;reminder;discount_offer;escalate_to_human;no_action,reminder,True,445.74,4.92,0
TXN001219,CUST00383,362,8704.77,1.0,373.46,1,10,143.89,payment_failed,gateway_error,2026-06-18T18:52:47.695893,18,3,0,2026-06-08T16:35:40.587529,False,retry_link;reminder;discount_offer;escalate_to_human;no_action,escalate_to_human,True,143.89,12.09,0
TXN001220,CUST01413,1188,7019.86,0.0,306.02,0,89,276.42,payment_failed,insufficient_funds,2026-06-18T18:56:17.470244,18,3,0,2026-06-13T11:09:30.513836,False,retry_link;reminder;discount_offer;escalate_to_human;no_action,no_action,False,0.0,,1
TXN001221,CUST01265,56,3572.91,0.0,631.96,0,92,543.43,checkout_abandoned,bank_decline,2026-06-18T20:24:01.035429,20,3,0,2026-06-03T08:26:31.499894,False,retry_link;reminder;discount_offer;escalate_to_human;no_action,reminder,False,0.0,,1
TXN001222,CUST00580,140,5212.58,1.0,282.66,1,7,156.66,payment_failed,gateway_error,2026-06-18T20:40:47.719190,20,3,0,2026-06-10T22:47:39.966516,False,retry_link;reminder;discount_offer;escalate_to_human;no_action,discount_offer,True,156.66,12.26,0
TXN001223,CUST00908,557,7424.71,0.5,213.64,1,13,185.55,checkout_abandoned,otp_timeout,2026-06-18T20:43:03.610210,20,3,0,2026-06-14T08:23:48.363820,False,retry_link;reminder;discount_offer;escalate_to_human;no_action,escalate_to_human,False,0.0,,1
TXN001224,CUST00246,1136,3709.25,0.0,253.58,0,47,358.3,payment_failed,bank_decline,2026-06-18T20:48:02.541769,20,3,0,2026-06-13T03:29:03.254251,False,retry_link;reminder;discount_offer;escalate_to_human;no_action,retry_link,True,358.3,9.04,2
TXN001225,CUST00091,1207,2602.73,0.0,390.55,0,95,391.2,payment_failed,bank_decline,2026-06-18T21:11:20.450980,21,3,0,2026-06-02T15:48:42.178055,False,retry_link;reminder;discount_offer;escalate_to_human;no_action,retry_link,True,391.2,1.25,1
TXN001226,CUST00413,198,22468.7,0.5,331.36,0,26,311.66,checkout_abandoned,gateway_error,2026-06-18T21:45:12.834333,21,3,0,,False,retry_link;reminder;discount_offer;escalate_to_human;no_action,no_action,False,0.0,,0
TXN001227,CUST00475,1177,42469.14,0.5,585.58,0,102,1122.61,checkout_abandoned,bank_decline,2026-06-18T21:48:32.418547,21,3,0,,False,retry_link;reminder;discount_offer;escalate_to_human;no_action,reminder,False,0.0,,0
TXN001228,CUST00567,374,4790.75,1.0,319.3,1,17,278.28,payment_failed,insufficient_funds,2026-06-18T21:53:33.538955,21,3,0,2026-06-01T17:58:35.757779,False,retry_link;reminder;discount_offer;escalate_to_human;no_action,escalate_to_human,True,278.28,11.97,0
TXN001229,CUST01111,350,5235.15,0.5,323.5,0,75,335.01,payment_failed,otp_timeout,2026-06-18T22:16:36.625798,22,3,0,,False,retry_link;reminder;discount_offer;escalate_to_human;no_action,no_action,False,0.0,,0
TXN001230,CUST01389,1363,6201.37,0.5,322.68,0,67,801.85,payment_failed,bank_decline,2026-06-18T22:49:49.826765,22,3,0,,False,retry_link;reminder;discount_offer;escalate_to_human;no_action,escalate_to_human,False,0.0,,0
TXN001231,CUST00966,902,2718.55,0.0,183.34,0,124,158.45,checkout_abandoned,bank_decline,2026-06-18T23:17:42.158843,23,3,0,2026-06-09T06:23:19.154373,False,retry_link;reminder;discount_offer;escalate_to_human;no_action,reminder,False,0.0,,2
TXN001232,CUST00634,275,40305.79,0.5,201.72,0,87,243.21,checkout_abandoned,insufficient_funds,2026-06-18T23:35:09.607587,23,3,0,,False,retry_link;reminder;discount_offer;escalate_to_human;no_action,discount_offer,False,0.0,,0
TXN001233,CUST00527,216,672.86,0.5,249.16,0,12,258.33,payment_failed,gateway_error,2026-06-18T23:39:51.722278,23,3,0,,False,retry_link;reminder;discount_offer;escalate_to_human;no_action,discount_offer,True,258.33,4.36,0
TXN001234,CUST00131,830,2867.73,0.5,479.6,0,10,228.75,payment_failed,insufficient_funds,2026-06-19T00:00:50.824148,0,4,0,,False,retry_link;reminder;discount_offer;escalate_to_human;no_action,no_action,False,0.0,,0
TXN001235,CUST00564,1333,5252.79,0.5,416.07,0,80,635.37,payment_failed,gateway_error,2026-06-19T00:48:30.808612,0,4,0,,False,retry_link;reminder;discount_offer;escalate_to_human;no_action,retry_link,True,635.37,7.44,0
TXN001236,CUST00302,15,7714.15,0.0,290.53,0,130,203.35,checkout_abandoned,insufficient_funds,2026-06-19T00:56:43.141172,0,4,0,2026-06-12T14:17:36.216977,False,retry_link;reminder;discount_offer;escalate_to_human;no_action,discount_offer,True,203.35,0.2,2
TXN001237,CUST01436,641,7085.36,0.333,287.23,1,13,373.2,payment_failed,insufficient_funds,2026-06-19T01:05:50.975946,1,4,0,2026-06-14T18:52:48.234137,False,retry_link;reminder;discount_offer;escalate_to_human;no_action,reminder,True,373.2,2.9,2
TXN001238,CUST00683,1438,2861.72,1.0,239.31,1,17,168.19,payment_failed,otp_timeout,2026-06-19T01:14:06.564943,1,4,0,2026-06-01T21:30:33.118879,False,retry_link;reminder;discount_offer;escalate_to_human;no_action,escalate_to_human,True,168.19,5.33,0
TXN001239,CUST00097,1024,6428.62,0.0,421.15,0,19,183.13,checkout_abandoned,insufficient_funds,2026-06-19T01:27:50.639974,1,4,0,2026-06-07T21:39:53.706880,False,retry_link;reminder;discount_offer;escalate_to_human;no_action,reminder,False,0.0,,1
TXN001240,CUST00765,1170,2017.4,0.5,252.59,0,63,272.77,checkout_abandoned,gateway_error,2026-06-19T01:41:58.202674,1,4,0,,False,retry_link;reminder;discount_offer;escalate_to_human;no_action,escalate_to_human,True,272.77,3.5,0
TXN001241,CUST00084,945,20253.12,0.5,412.24,0,38,741.43,checkout_abandoned,gateway_error,2026-06-19T01:44:27.924232,1,4,0,,False,retry_link;reminder;discount_offer;escalate_to_human;no_action,retry_link,True,741.43,2.88,0
TXN001242,CUST00886,80,8594.58,0.5,520.62,0,74,613.87,checkout_abandoned,otp_timeout,2026-06-19T01:51:29.488585,1,4,0,,False,retry_link;reminder;discount_offer;escalate_to_human;no_action,reminder,True,613.87,2.09,0
TXN001243,CUST00987,475,6540.63,1.0,400.32,1,16,449.43,payment_failed,otp_timeout,2026-06-19T01:56:47.994880,1,4,0,2026-06-02T12:56:14.353567,False,retry_link;reminder;discount_offer;escalate_to_human;no_action,no_action,True,449.43,8.9,0
TXN001244,CUST00512,1261,1336.03,0.5,931.18,0,27,1415.5,payment_failed,price_hesitation,2026-06-19T02:16:02.592930,2,4,0,,False,retry_link;reminder;discount_offer;escalate_to_human;no_action,retry_link,False,0.0,,0
TXN001245,CUST01108,1411,1874.84,0.5,220.45,0,80,242.81,payment_failed,price_hesitation,2026-06-19T02:28:03.779728,2,4,0,,False,retry_link;reminder;discount_offer;escalate_to_human;no_action,discount_offer,True,242.81,0.49,0
TXN001246,CUST01110,948,11181.31,0.0,334.08,0,132,321.23,checkout_abandoned,bank_decline,2026-06-19T02:47:11.149597,2,4,0,,False,retry_link;reminder;discount_offer;escalate_to_human;no_action,escalate_to_human,True,321.23,11.81,1
TXN001247,CUST00624,906,1578.71,0.0,221.68,0,136,181.52,payment_failed,insufficient_funds,2026-06-19T02:53:45.065271,2,4,0,,False,retry_link;reminder;discount_offer;escalate_to_human;no_action,no_action,False,0.0,,1
TXN001248,CUST00477,27,1773.68,0.5,360.46,0,74,197.43,checkout_abandoned,price_hesitation,2026-06-19T02:55:20.575925,2,4,0,,False,retry_link;reminder;discount_offer;escalate_to_human;no_action,retry_link,True,197.43,1.65,0
TXN001249,CUST00883,233,1028.71,0.0,621.16,0,93,402.8,payment_failed,otp_timeout,2026-06-19T03:17:36.925001,3,4,0,2026-06-04T19:46:44.767588,False,retry_link;reminder;discount_offer;escalate_to_human;no_action,escalate_to_human,True,402.8,10.47,1
TXN001250,CUST00184,743,2478.9,0.5,196.46,0,94,135.05,payment_failed,insufficient_funds,2026-06-19T04:29:15.113007,4,4,0,,False,retry_link;reminder;discount_offer;escalate_to_human;no_action,reminder,False,0.0,,0
TXN001251,CUST00092,1262,6491.01,0.0,750.9,0,59,549.59,payment_failed,price_hesitation,2026-06-19T05:28:16.721048,5,4,0,2026-06-05T07:31:09.119832,False,retry_link;reminder;discount_offer;escalate_to_human;no_action,retry_link,True,549.59,12.97,2
TXN001252,CUST00746,798,1193.88,0.5,769.66,0,78,1138.19,payment_failed,insufficient_funds,2026-06-19T05:45:52.150873,5,4,0,,False,retry_link;reminder;discount_offer;escalate_to_human;no_action,no_action,False,0.0,,0
TXN001253,CUST00380,8,17036.43,1.0,238.35,2,10,352.9,payment_failed,gateway_error,2026-06-19T05:55:51.905222,5,4,0,2026-06-05T03:45:31.934327,False,retry_link;reminder;discount_offer;escalate_to_human;no_action,escalate_to_human,True,352.9,10.58,0
TXN001254,CUST01286,1361,4431.02,0.0,296.27,0,134,287.46,payment_failed,insufficient_funds,2026-06-19T06:29:30.542483,6,4,0,2026-06-13T22:26:29.900909,True,no_action,no_action,False,0.0,,3
TXN001255,CUST00290,1211,1263.58,1.0,230.24,1,5,255.62,checkout_abandoned,insufficient_funds,2026-06-19T06:55:57.905445,6,4,0,2026-06-13T14:17:33.843804,False,retry_link;reminder;discount_offer;escalate_to_human;no_action,retry_link,True,255.62,1.8,0
TXN001256,CUST00910,1155,1284.52,0.5,493.27,1,13,352.96,checkout_abandoned,bank_decline,2026-06-19T07:05:16.687769,7,4,0,2026-06-13T20:47:49.929220,False,retry_link;reminder;discount_offer;escalate_to_human;no_action,no_action,False,0.0,,1
TXN001257,CUST00214,1105,6909.01,0.5,285.55,0,96,145.95,checkout_abandoned,otp_timeout,2026-06-19T07:25:12.793571,7,4,0,,False,retry_link;reminder;discount_offer;escalate_to_human;no_action,discount_offer,True,145.95,13.59,0
TXN001258,CUST01085,1258,594.07,0.0,450.15,0,21,615.46,payment_failed,insufficient_funds,2026-06-19T07:30:42.119326,7,4,0,,False,retry_link;reminder;discount_offer;escalate_to_human;no_action,no_action,False,0.0,,1
TXN001259,CUST00900,7,9275.6,0.0,403.48,0,35,345.42,payment_failed,bank_decline,2026-06-19T07:50:10.179706,7,4,0,2026-06-14T18:14:54.514325,False,retry_link;reminder;discount_offer;escalate_to_human;no_action,reminder,False,0.0,,2
TXN001260,CUST00884,1220,3485.65,0.0,316.58,0,128,498.78,payment_failed,gateway_error,2026-06-19T08:30:05.760126,8,4,0,,False,retry_link;reminder;discount_offer;escalate_to_human;no_action,discount_offer,True,498.78,5.85,1
TXN001261,CUST01237,186,1309.02,1.0,187.56,1,8,226.17,payment_failed,bank_decline,2026-06-19T08:49:03.159545,8,4,0,2026-06-10T20:23:44.484008,False,retry_link;reminder;discount_offer;escalate_to_human;no_action,discount_offer,False,0.0,,0
TXN001262,CUST01113,438,7754.88,0.5,260.22,1,8,205.62,payment_failed,insufficient_funds,2026-06-19T09:12:11.665872,9,4,0,2026-06-12T18:59:08.370546,False,retry_link;reminder;discount_offer;escalate_to_human;no_action,retry_link,False,0.0,,1
TXN001263,CUST00281,730,2203.46,0.5,383.5,0,101,374.11,payment_failed,otp_timeout,2026-06-19T09:15:25.887306,9,4,0,,False,retry_link;reminder;discount_offer;escalate_to_human;no_action,no_action,True,374.11,5.64,0
TXN001264,CUST01379,811,26845.2,0.0,763.3,0,88,1027.46,payment_failed,insufficient_funds,2026-06-19T09:26:16.389488,9,4,0,2026-06-09T16:57:46.208378,False,retry_link;reminder;discount_offer;escalate_to_human;no_action,no_action,False,0.0,,1
TXN001265,CUST01408,3,7820.61,1.0,689.64,1,15,530.22,payment_failed,insufficient_funds,2026-06-19T09:38:22.722070,9,4,0,2026-06-03T20:12:34.480989,False,retry_link;reminder;discount_offer;escalate_to_human;no_action,retry_link,False,0.0,,0
TXN001266,CUST00368,34,10082.63,0.0,397.68,0,97,746.77,payment_failed,bank_decline,2026-06-19T09:47:08.068897,9,4,0,2026-06-13T14:53:41.198672,False,retry_link;reminder;discount_offer;escalate_to_human;no_action,discount_offer,True,746.77,2.33,2
TXN001267,CUST00809,1495,9691.55,1.0,389.08,1,10,722.8,payment_failed,otp_timeout,2026-06-19T10:07:00.395936,10,4,0,2026-06-08T17:31:32.192425,False,retry_link;reminder;discount_offer;escalate_to_human;no_action,retry_link,True,722.8,4.48,0
TXN001268,CUST00605,804,14245.74,0.5,308.04,0,25,392.73,payment_failed,price_hesitation,2026-06-19T11:02:33.871811,11,4,0,,False,retry_link;reminder;discount_offer;escalate_to_human;no_action,escalate_to_human,False,0.0,,0
TXN001269,CUST00188,358,5307.69,0.0,100.0,0,121,93.21,checkout_abandoned,gateway_error,2026-06-19T11:14:37.604457,11,4,0,2026-06-07T04:22:01.529608,True,no_action,no_action,False,0.0,,2
TXN001270,CUST01315,449,11053.7,0.5,148.2,0,44,179.97,checkout_abandoned,price_hesitation,2026-06-19T11:50:31.897026,11,4,0,,False,retry_link;reminder;discount_offer;escalate_to_human;no_action,reminder,True,179.97,4.65,0
TXN001271,CUST00058,1115,5252.32,0.0,237.95,0,31,380.03,payment_failed,price_hesitation,2026-06-19T12:29:55.096439,12,4,0,2026-06-15T03:07:59.992545,False,retry_link;reminder;discount_offer;escalate_to_human;no_action,escalate_to_human,True,380.03,1.55,2
TXN001272,CUST01112,289,1437.9,0.5,106.55,0,10,148.27,checkout_abandoned,otp_timeout,2026-06-19T12:47:59.967172,12,4,0,,False,retry_link;reminder;discount_offer;escalate_to_human;no_action,reminder,True,148.27,2.2,0
TXN001273,CUST00879,945,1518.76,0.5,470.97,0,88,629.87,payment_failed,price_hesitation,2026-06-19T13:27:36.604063,13,4,0,,False,retry_link;reminder;discount_offer;escalate_to_human;no_action,discount_offer,True,629.87,0.69,0
TXN001274,CUST00585,1387,320.93,0.5,352.56,0,26,307.93,checkout_abandoned,otp_timeout,2026-06-19T13:31:12.142881,13,4,0,,False,retry_link;reminder;discount_offer;escalate_to_human;no_action,reminder,False,0.0,,0
TXN001275,CUST00815,1255,1710.65,0.5,442.35,0,49,381.36,payment_failed,gateway_error,2026-06-19T13:50:33.116566,13,4,0,,False,retry_link;reminder;discount_offer;escalate_to_human;no_action,retry_link,False,0.0,,0
TXN001276,CUST00806,817,18368.12,0.5,513.6,0,78,528.76,checkout_abandoned,gateway_error,2026-06-19T13:55:41.076876,13,4,0,,False,retry_link;reminder;discount_offer;escalate_to_human;no_action,no_action,False,0.0,,0
TXN001277,CUST00432,1239,6633.65,0.5,714.77,0,107,994.84,checkout_abandoned,gateway_error,2026-06-19T14:23:58.702287,14,4,0,,False,retry_link;reminder;discount_offer;escalate_to_human;no_action,escalate_to_human,True,994.84,3.36,0
TXN001278,CUST00471,1206,14887.27,0.5,177.82,0,60,165.54,payment_failed,gateway_error,2026-06-19T14:27:58.693054,14,4,0,,False,retry_link;reminder;discount_offer;escalate_to_human;no_action,discount_offer,True,165.54,4.11,0
TXN001279,CUST00224,1082,6756.74,0.5,540.02,0,114,775.41,payment_failed,otp_timeout,2026-06-19T14:34:22.185253,14,4,0,,False,retry_link;reminder;discount_offer;escalate_to_human;no_action,retry_link,True,775.41,0.36,0
TXN001280,CUST01392,1476,13391.32,0.5,233.3,1,4,283.28,payment_failed,bank_decline,2026-06-19T15:14:49.425113,15,4,0,2026-06-15T14:33:37.410027,False,retry_link;reminder;discount_offer;escalate_to_human;no_action,escalate_to_human,True,283.28,4.48,1
TXN001281,CUST00776,636,7009.89,0.0,159.81,0,121,165.56,payment_failed,insufficient_funds,2026-06-19T15:41:14.116118,15,4,0,2026-06-15T18:07:01.265643,False,retry_link;reminder;discount_offer;escalate_to_human;no_action,escalate_to_human,False,0.0,,1
TXN001282,CUST01424,384,2227.36,0.5,280.23,0,45,362.08,payment_failed,bank_decline,2026-06-19T15:53:29.334226,15,4,0,,False,retry_link;reminder;discount_offer;escalate_to_human;no_action,retry_link,False,0.0,,0
TXN001283,CUST00021,556,18151.3,0.5,203.65,0,85,245.76,checkout_abandoned,insufficient_funds,2026-06-19T16:14:31.469973,16,4,0,,False,retry_link;reminder;discount_offer;escalate_to_human;no_action,discount_offer,False,0.0,,0
TXN001284,CUST00954,1178,3827.01,0.5,526.41,0,113,1086.22,checkout_abandoned,gateway_error,2026-06-19T16:19:00.043866,16,4,0,,False,retry_link;reminder;discount_offer;escalate_to_human;no_action,no_action,False,0.0,,0
TXN001285,CUST00195,132,17557.89,0.0,745.5,0,85,495.12,payment_failed,insufficient_funds,2026-06-19T17:01:25.408104,17,4,0,2026-06-05T15:01:24.683844,False,retry_link;reminder;discount_offer;escalate_to_human;no_action,reminder,False,0.0,,2
TXN001286,CUST01140,1321,10108.98,0.5,319.4,0,11,419.73,payment_failed,gateway_error,2026-06-19T17:20:32.852656,17,4,0,,False,retry_link;reminder;discount_offer;escalate_to_human;no_action,discount_offer,False,0.0,,0
TXN001287,CUST00000,134,4421.36,0.5,349.19,0,73,231.2,payment_failed,price_hesitation,2026-06-19T17:48:45.067563,17,4,0,,False,retry_link;reminder;discount_offer;escalate_to_human;no_action,retry_link,True,231.2,17.46,0
TXN001288,CUST00994,794,1613.32,0.5,608.01,1,11,763.65,checkout_abandoned,bank_decline,2026-06-19T17:51:48.409097,17,4,0,2026-06-08T12:43:31.175773,False,retry_link;reminder;discount_offer;escalate_to_human;no_action,no_action,False,0.0,,1
TXN001289,CUST00796,1452,2238.67,0.5,226.2,0,16,227.67,checkout_abandoned,gateway_error,2026-06-19T17:52:56.658347,17,4,0,,False,retry_link;reminder;discount_offer;escalate_to_human;no_action,reminder,False,0.0,,0
TXN001290,CUST00744,1193,14580.04,0.5,335.96,0,104,468.88,payment_failed,price_hesitation,2026-06-19T18:25:55.842295,18,4,0,,False,retry_link;reminder;discount_offer;escalate_to_human;no_action,reminder,True,468.88,4.99,0
TXN001291,CUST00385,185,10623.2,0.5,192.77,0,113,188.73,payment_failed,gateway_error,2026-06-19T18:33:48.689224,18,4,0,,False,retry_link;reminder;discount_offer;escalate_to_human;no_action,retry_link,True,188.73,0.76,0
TXN001292,CUST00026,604,35502.34,0.0,127.83,0,68,78.28,checkout_abandoned,price_hesitation,2026-06-19T18:34:27.549489,18,4,0,2026-06-02T11:03:27.262021,False,retry_link;reminder;discount_offer;escalate_to_human;no_action,reminder,False,0.0,,1
TXN001293,CUST00668,1378,7115.57,0.0,260.26,0,25,356.19,payment_failed,insufficient_funds,2026-06-19T18:47:50.013723,18,4,0,2026-06-13T08:51:40.194521,False,retry_link;reminder;discount_offer;escalate_to_human;no_action,retry_link,False,0.0,,2
TXN001294,CUST00739,1347,7281.2,0.5,1064.83,0,26,719.7,checkout_abandoned,price_hesitation,2026-06-19T19:28:50.856694,19,4,0,,False,retry_link;reminder;discount_offer;escalate_to_human;no_action,discount_offer,False,0.0,,0
TXN001295,CUST00247,624,2172.4,0.0,730.33,0,34,495.88,payment_failed,bank_decline,2026-06-19T19:37:11.453226,19,4,0,,False,retry_link;reminder;discount_offer;escalate_to_human;no_action,escalate_to_human,False,0.0,,1
TXN001296,CUST00389,230,12385.01,1.0,148.63,1,18,224.65,checkout_abandoned,otp_timeout,2026-06-19T19:52:22.100010,19,4,0,2026-06-01T13:42:47.396309,False,retry_link;reminder;discount_offer;escalate_to_human;no_action,discount_offer,False,0.0,,0
TXN001297,CUST00811,1318,6907.28,0.0,465.5,0,89,343.91,checkout_abandoned,otp_timeout,2026-06-19T20:01:43.297334,20,4,0,2026-06-15T20:14:34.316279,False,retry_link;reminder;discount_offer;escalate_to_human;no_action,retry_link,True,343.91,1.62,1
TXN001298,CUST00090,653,3935.17,0.0,542.31,0,71,589.37,payment_failed,insufficient_funds,2026-06-19T20:42:49.985343,20,4,0,,False,retry_link;reminder;discount_offer;escalate_to_human;no_action,escalate_to_human,True,589.37,1.11,1
TXN001299,CUST01496,827,4976.12,0.5,524.0,0,95,470.55,checkout_abandoned,bank_decline,2026-06-19T21:54:01.850803,21,4,0,,False,retry_link;reminder;discount_offer;escalate_to_human;no_action,no_action,False,0.0,,0
TXN001300,CUST00696,1083,57079.54,1.0,850.27,1,15,768.63,payment_failed,otp_timeout,2026-06-19T21:55:38.044527,21,4,0,2026-06-04T11:15:18.683472,False,retry_link;reminder;discount_offer;escalate_to_human;no_action,escalate_to_human,True,768.63,4.21,0
TXN001301,CUST00541,84,5470.66,0.0,125.19,0,94,371.92,payment_failed,insufficient_funds,2026-06-19T22:46:13.410650,22,4,0,,False,retry_link;reminder;discount_offer;escalate_to_human;no_action,reminder,True,371.92,14.18,1
TXN001302,CUST00917,1176,14345.63,1.0,626.04,2,13,498.79,payment_failed,insufficient_funds,2026-06-19T22:59:06.076329,22,4,0,2026-06-06T16:20:49.037983,False,retry_link;reminder;discount_offer;escalate_to_human;no_action,no_action,False,0.0,,0
TXN001303,CUST00185,669,47397.65,0.5,122.92,0,52,218.32,payment_failed,gateway_error,2026-06-20T00:54:07.771565,0,5,0,,False,retry_link;reminder;discount_offer;escalate_to_human;no_action,reminder,True,218.32,1.42,0
TXN001304,CUST00968,1380,4206.83,1.0,266.56,2,4,527.53,payment_failed,bank_decline,2026-06-20T01:17:59.395862,1,5,0,2026-06-15T16:05:10.385209,False,retry_link;reminder;discount_offer;escalate_to_human;no_action,no_action,False,0.0,,0
TXN001305,CUST00007,1046,11430.6,0.0,467.58,0,86,433.75,checkout_abandoned,gateway_error,2026-06-20T01:45:03.483432,1,5,0,2026-06-05T02:20:22.885458,False,retry_link;reminder;discount_offer;escalate_to_human;no_action,reminder,True,433.75,1.57,3
TXN001306,CUST00642,1281,730.31,0.0,206.43,0,45,136.28,payment_failed,insufficient_funds,2026-06-20T01:47:21.078994,1,5,0,2026-06-14T17:52:26.929304,False,retry_link;reminder;discount_offer;escalate_to_human;no_action,discount_offer,False,0.0,,1
TXN001307,CUST00001,1161,16997.49,1.0,208.3,1,13,232.49,payment_failed,gateway_error,2026-06-20T02:28:18.600222,2,5,0,2026-06-06T07:36:04.575626,False,retry_link;reminder;discount_offer;escalate_to_human;no_action,discount_offer,True,232.49,2.03,0
TXN001308,CUST00958,1457,2211.41,0.5,481.19,0,67,406.82,payment_failed,price_hesitation,2026-06-20T02:52:34.873512,2,5,0,,False,retry_link;reminder;discount_offer;escalate_to_human;no_action,no_action,True,406.82,0.69,0
TXN001309,CUST00925,1419,5212.44,0.0,412.98,0,51,378.97,checkout_abandoned,insufficient_funds,2026-06-20T03:07:04.175969,3,5,0,2026-06-02T10:56:40.067978,False,retry_link;reminder;discount_offer;escalate_to_human;no_action,discount_offer,False,0.0,,1
TXN001310,CUST00439,596,1033.34,0.5,432.63,0,37,488.33,payment_failed,insufficient_funds,2026-06-20T03:10:08.373171,3,5,0,,False,retry_link;reminder;discount_offer;escalate_to_human;no_action,reminder,True,488.33,0.81,0
TXN001311,CUST01286,1361,4431.02,0.0,296.27,0,134,173.94,checkout_abandoned,insufficient_funds,2026-06-20T03:10:42.522705,3,5,0,2026-06-13T22:26:29.900909,True,no_action,no_action,False,0.0,,4
TXN001312,CUST01291,1287,34714.1,0.0,143.12,0,57,114.42,checkout_abandoned,gateway_error,2026-06-20T03:28:37.307187,3,5,0,,False,retry_link;reminder;discount_offer;escalate_to_human;no_action,retry_link,True,114.42,0.42,1
TXN001313,CUST01189,11,7934.73,0.5,322.4,0,42,242.98,checkout_abandoned,insufficient_funds,2026-06-20T04:13:18.924685,4,5,0,,False,retry_link;reminder;discount_offer;escalate_to_human;no_action,retry_link,False,0.0,,0
TXN001314,CUST01044,1064,1545.22,1.0,246.1,1,5,149.84,payment_failed,gateway_error,2026-06-20T04:18:54.626573,4,5,0,2026-06-14T08:45:26.398887,False,retry_link;reminder;discount_offer;escalate_to_human;no_action,reminder,False,0.0,,0
TXN001315,CUST01376,1443,12809.02,0.5,255.56,0,73,385.1,checkout_abandoned,price_hesitation,2026-06-20T04:28:23.796437,4,5,0,,False,retry_link;reminder;discount_offer;escalate_to_human;no_action,escalate_to_human,True,385.1,0.75,0
TXN001316,CUST00075,714,4294.31,0.0,576.31,0,123,604.4,payment_failed,price_hesitation,2026-06-20T05:00:44.871453,5,5,0,2026-06-04T00:43:34.629149,False,retry_link;reminder;discount_offer;escalate_to_human;no_action,discount_offer,True,604.4,1.29,1
TXN001317,CUST01140,1321,10108.98,0.0,319.4,0,11,262.02,payment_failed,price_hesitation,2026-06-20T06:08:06.498569,6,5,1,2026-06-19T17:20:32.852656,False,retry_link;reminder;discount_offer;escalate_to_human;no_action,retry_link,False,0.0,,1
TXN001318,CUST00151,422,1621.84,0.5,286.27,0,84,324.0,checkout_abandoned,bank_decline,2026-06-20T06:33:52.637201,6,5,0,,False,retry_link;reminder;discount_offer;escalate_to_human;no_action,no_action,False,0.0,,0
TXN001319,CUST01318,674,1647.37,1.0,554.38,2,5,468.4,payment_failed,otp_timeout,2026-06-20T06:35:32.826328,6,5,0,2026-06-15T05:04:32.274098,False,retry_link;reminder;discount_offer;escalate_to_human;no_action,escalate_to_human,False,0.0,,0
TXN001320,CUST00022,274,1599.29,0.5,143.14,0,106,174.62,payment_failed,bank_decline,2026-06-20T06:43:46.429828,6,5,0,,False,retry_link;reminder;discount_offer;escalate_to_human;no_action,retry_link,False,0.0,,0
TXN001321,CUST00866,1229,372.87,0.5,164.51,0,60,291.88,payment_failed,bank_decline,2026-06-20T06:57:13.979568,6,5,0,,False,retry_link;reminder;discount_offer;escalate_to_human;no_action,no_action,False,0.0,,0
TXN001322,CUST00145,1280,12260.46,0.0,802.76,0,95,1302.29,payment_failed,insufficient_funds,2026-06-20T07:02:33.362322,7,5,0,,False,retry_link;reminder;discount_offer;escalate_to_human;no_action,reminder,False,0.0,,2
TXN001323,CUST00109,1058,259.79,0.5,601.73,0,7,850.8,checkout_abandoned,otp_timeout,2026-06-20T07:13:43.683421,7,5,0,,False,retry_link;reminder;discount_offer;escalate_to_human;no_action,reminder,True,850.8,4.66,0
TXN001324,CUST01327,128,8499.1,0.5,619.78,1,14,715.54,payment_failed,price_hesitation,2026-06-20T07:48:17.586525,7,5,0,2026-06-14T16:57:51.557392,False,retry_link;reminder;discount_offer;escalate_to_human;no_action,discount_offer,False,0.0,,1
TXN001325,CUST00074,1030,688.57,0.0,664.45,0,19,628.36,payment_failed,bank_decline,2026-06-20T08:11:11.458705,8,5,0,,False,retry_link;reminder;discount_offer;escalate_to_human;no_action,discount_offer,False,0.0,,1
TXN001326,CUST01271,164,8954.0,0.0,186.2,0,87,228.52,payment_failed,price_hesitation,2026-06-20T08:14:19.079403,8,5,0,2026-06-15T03:41:24.944214,False,retry_link;reminder;discount_offer;escalate_to_human;no_action,reminder,False,0.0,,2
TXN001327,CUST00116,56,3432.73,1.0,1737.95,1,7,1843.93,payment_failed,insufficient_funds,2026-06-20T08:26:11.233744,8,5,0,2026-06-12T22:56:48.505682,False,retry_link;reminder;discount_offer;escalate_to_human;no_action,discount_offer,True,1843.93,4.5,0
TXN001328,CUST00270,442,12805.26,0.5,538.72,0,106,351.75,checkout_abandoned,gateway_error,2026-06-20T08:47:55.693153,8,5,0,,False,retry_link;reminder;discount_offer;escalate_to_human;no_action,escalate_to_human,True,351.75,3.63,0
TXN001329,CUST01421,1492,3410.5,0.0,896.83,0,60,579.77,checkout_abandoned,insufficient_funds,2026-06-20T08:48:12.466040,8,5,0,2026-06-12T07:39:08.831346,False,retry_link;reminder;discount_offer;escalate_to_human;no_action,no_action,False,0.0,,4
TXN001330,CUST00469,1399,4208.72,0.5,105.02,0,102,139.05,checkout_abandoned,insufficient_funds,2026-06-20T09:07:51.667114,9,5,0,,False,retry_link;reminder;discount_offer;escalate_to_human;no_action,reminder,False,0.0,,0
TXN001331,CUST00028,818,3265.32,0.5,319.63,0,41,256.21,payment_failed,insufficient_funds,2026-06-20T09:11:28.827507,9,5,0,,False,retry_link;reminder;discount_offer;escalate_to_human;no_action,escalate_to_human,False,0.0,,0
TXN001332,CUST00325,346,1910.03,0.5,246.59,0,52,261.05,payment_failed,gateway_error,2026-06-20T09:45:11.235361,9,5,0,,False,retry_link;reminder;discount_offer;escalate_to_human;no_action,escalate_to_human,True,261.05,9.54,0
TXN001333,CUST00118,368,37090.84,0.5,619.99,0,38,452.68,checkout_abandoned,insufficient_funds,2026-06-20T09:58:18.739677,9,5,0,,False,retry_link;reminder;discount_offer;escalate_to_human;no_action,discount_offer,False,0.0,,0
TXN001334,CUST00086,146,4249.47,0.5,1054.93,0,42,1314.79,checkout_abandoned,insufficient_funds,2026-06-20T10:14:21.376991,10,5,0,,False,retry_link;reminder;discount_offer;escalate_to_human;no_action,escalate_to_human,False,0.0,,0
TXN001335,CUST00930,806,2815.05,0.333,388.5,1,10,329.43,payment_failed,price_hesitation,2026-06-20T11:32:25.434124,11,5,0,2026-06-16T13:29:05.631191,False,retry_link;reminder;discount_offer;escalate_to_human;no_action,reminder,False,0.0,,2
TXN001336,CUST00369,1158,3625.07,0.5,480.35,0,30,315.64,checkout_abandoned,insufficient_funds,2026-06-20T11:39:39.669223,11,5,0,,False,retry_link;reminder;discount_offer;escalate_to_human;no_action,retry_link,True,315.64,0.74,0
TXN001337,CUST00874,1046,7448.5,1.0,988.04,1,10,2296.61,checkout_abandoned,gateway_error,2026-06-20T12:11:38.091383,12,5,0,2026-06-10T04:37:37.164608,False,retry_link;reminder;discount_offer;escalate_to_human;no_action,retry_link,True,2296.61,3.93,0
TXN001338,CUST01410,91,5474.2,0.5,510.87,0,108,627.26,payment_failed,insufficient_funds,2026-06-20T12:16:31.768810,12,5,0,,False,retry_link;reminder;discount_offer;escalate_to_human;no_action,escalate_to_human,False,0.0,,0
TXN001339,CUST00418,445,4457.41,0.0,492.05,0,103,661.71,checkout_abandoned,otp_timeout,2026-06-20T12:23:39.384443,12,5,0,2026-06-03T19:05:10.165410,False,retry_link;reminder;discount_offer;escalate_to_human;no_action,retry_link,True,661.71,0.88,1
TXN001340,CUST01478,346,3879.01,0.0,174.65,0,82,156.15,checkout_abandoned,insufficient_funds,2026-06-20T13:22:39.428058,13,5,0,2026-06-08T15:41:11.201379,False,retry_link;reminder;discount_offer;escalate_to_human;no_action,reminder,False,0.0,,1
TXN001341,CUST00858,1004,430.26,0.5,155.2,0,91,137.26,payment_failed,bank_decline,2026-06-20T13:35:01.827628,13,5,0,,False,retry_link;reminder;discount_offer;escalate_to_human;no_action,no_action,False,0.0,,0
TXN001342,CUST00391,269,3645.17,1.0,541.44,1,5,410.54,payment_failed,price_hesitation,2026-06-20T13:37:38.659368,13,5,0,,False,retry_link;reminder;discount_offer;escalate_to_human;no_action,no_action,False,0.0,,0
TXN001343,CUST01316,1064,2954.81,0.0,579.7,0,24,495.84,checkout_abandoned,gateway_error,2026-06-20T13:44:38.551155,13,5,0,,False,retry_link;reminder;discount_offer;escalate_to_human;no_action,no_action,True,495.84,7.63,1
TXN001344,CUST00395,1311,5360.9,1.0,219.78,1,17,286.49,payment_failed,price_hesitation,2026-06-20T14:38:30.954806,14,5,0,2026-06-03T03:03:14.222402,False,retry_link;reminder;discount_offer;escalate_to_human;no_action,retry_link,True,286.49,23.22,0
TXN001345,CUST00638,1189,3129.49,0.5,269.41,0,51,171.21,checkout_abandoned,gateway_error,2026-06-20T14:42:27.653310,14,5,0,,False,retry_link;reminder;discount_offer;escalate_to_human;no_action,discount_offer,True,171.21,8.6,0
TXN001346,CUST01470,1346,10923.9,0.0,508.27,0,44,409.84,payment_failed,gateway_error,2026-06-20T14:42:33.393770,14,5,0,2026-06-07T04:59:34.963158,False,retry_link;reminder;discount_offer;escalate_to_human;no_action,escalate_to_human,True,409.84,0.32,2
TXN001347,CUST00799,664,585.24,0.0,100.0,0,24,99.13,checkout_abandoned,insufficient_funds,2026-06-20T15:06:42.975102,15,5,0,2026-06-07T22:39:18.893838,False,retry_link;reminder;discount_offer;escalate_to_human;no_action,retry_link,False,0.0,,1
TXN001348,CUST00506,796,10955.38,0.5,191.93,0,9,131.35,checkout_abandoned,price_hesitation,2026-06-20T15:25:59.697366,15,5,0,,False,retry_link;reminder;discount_offer;escalate_to_human;no_action,discount_offer,True,131.35,0.06,0
TXN001349,CUST00242,142,1631.77,1.0,301.04,1,6,299.52,payment_failed,otp_timeout,2026-06-20T15:26:01.821851,15,5,0,2026-06-14T05:44:52.263224,False,retry_link;reminder;discount_offer;escalate_to_human;no_action,no_action,True,299.52,5.14,0
TXN001350,CUST01201,716,15208.3,0.5,308.22,0,21,408.0,payment_failed,otp_timeout,2026-06-20T15:28:47.444768,15,5,0,,False,retry_link;reminder;discount_offer;escalate_to_human;no_action,discount_offer,True,408.0,10.92,0
TXN001351,CUST00295,781,1598.55,1.0,232.31,1,13,182.22,payment_failed,insufficient_funds,2026-06-20T16:47:01.814973,16,5,0,2026-06-07T08:02:53.069558,False,retry_link;reminder;discount_offer;escalate_to_human;no_action,retry_link,True,182.22,2.82,0
TXN001352,CUST00549,1021,9441.88,0.5,524.23,0,81,619.51,payment_failed,price_hesitation,2026-06-20T18:10:08.245129,18,5,0,,False,retry_link;reminder;discount_offer;escalate_to_human;no_action,escalate_to_human,True,619.51,0.01,0
TXN001353,CUST00607,771,855.95,0.5,1048.06,0,53,1092.97,payment_failed,otp_timeout,2026-06-20T18:41:20.239226,18,5,0,,False,retry_link;reminder;discount_offer;escalate_to_human;no_action,reminder,True,1092.97,4.4,0
TXN001354,CUST00676,871,9536.84,0.0,594.25,0,119,718.88,checkout_abandoned,gateway_error,2026-06-20T19:55:52.307027,19,5,0,,False,retry_link;reminder;discount_offer;escalate_to_human;no_action,retry_link,False,0.0,,2
TXN001355,CUST00962,1260,2720.06,0.0,215.46,0,37,410.77,payment_failed,gateway_error,2026-06-20T21:39:53.864727,21,5,0,2026-06-03T15:19:40.644909,False,retry_link;reminder;discount_offer;escalate_to_human;no_action,no_action,False,0.0,,1
TXN001356,CUST00798,473,3474.86,0.667,414.55,2,4,477.05,checkout_abandoned,insufficient_funds,2026-06-20T22:16:50.986826,22,5,0,2026-06-16T20:07:11.965111,False,retry_link;reminder;discount_offer;escalate_to_human;no_action,reminder,True,477.05,3.12,1
TXN001357,CUST00066,1358,5159.7,0.0,501.95,0,50,262.53,checkout_abandoned,price_hesitation,2026-06-20T22:25:50.601391,22,5,0,2026-06-07T08:18:19.931814,False,retry_link;reminder;discount_offer;escalate_to_human;no_action,reminder,False,0.0,,2
TXN001358,CUST00509,355,9161.88,1.0,154.68,1,3,183.82,checkout_abandoned,price_hesitation,2026-06-20T22:43:20.058291,22,5,0,2026-06-17T09:02:25.910318,False,retry_link;reminder;discount_offer;escalate_to_human;no_action,retry_link,False,0.0,,0
TXN001359,CUST00815,1255,1710.65,0.0,442.35,0,50,794.64,payment_failed,otp_timeout,2026-06-20T22:47:54.075903,22,5,0,2026-06-19T13:50:33.116566,False,retry_link;reminder;discount_offer;escalate_to_human;no_action,escalate_to_human,True,794.64,0.52,1
TXN001360,CUST01338,1163,2532.62,1.0,468.12,1,2,542.11,payment_failed,price_hesitation,2026-06-20T22:55:24.830414,22,5,0,2026-06-18T02:02:25.424738,False,retry_link;reminder;discount_offer;escalate_to_human;no_action,no_action,False,0.0,,0
TXN001361,CUST00238,463,4904.4,0.667,109.35,2,4,125.2,payment_failed,insufficient_funds,2026-06-20T23:57:52.279089,23,5,0,2026-06-16T04:37:12.441461,False,retry_link;reminder;discount_offer;escalate_to_human;no_action,no_action,False,0.0,,1
TXN001362,CUST00176,1075,2336.43,0.5,253.37,0,100,377.5,payment_failed,insufficient_funds,2026-06-21T00:26:44.743248,0,6,0,,False,retry_link;reminder;discount_offer;escalate_to_human;no_action,reminder,False,0.0,,0
TXN001363,CUST01351,589,1045.65,0.0,528.99,0,17,397.81,checkout_abandoned,insufficient_funds,2026-06-21T01:11:19.897547,1,6,0,2026-06-08T17:56:17.155669,False,retry_link;reminder;discount_offer;escalate_to_human;no_action,reminder,True,397.81,5.13,1
TXN001364,CUST01190,623,2082.91,1.0,100.0,1,16,172.52,payment_failed,price_hesitation,2026-06-21T01:51:28.788766,1,6,0,2026-06-04T06:00:27.873511,False,retry_link;reminder;discount_offer;escalate_to_human;no_action,retry_link,False,0.0,,0
TXN001365,CUST01231,1100,6437.58,0.0,503.97,0,120,552.33,payment_failed,insufficient_funds,2026-06-21T01:58:45.332613,1,6,0,2026-06-17T10:17:58.654395,False,retry_link;reminder;discount_offer;escalate_to_human;no_action,discount_offer,False,0.0,,3
TXN001366,CUST00769,565,5982.63,1.0,757.66,1,6,759.77,payment_failed,otp_timeout,2026-06-21T02:03:54.313780,2,6,0,2026-06-14T11:03:16.178582,False,retry_link;reminder;discount_offer;escalate_to_human;no_action,discount_offer,True,759.77,0.66,0
TXN001367,CUST00727,132,26058.1,0.5,425.59,0,116,403.0,checkout_abandoned,price_hesitation,2026-06-21T02:12:11.831721,2,6,0,,False,retry_link;reminder;discount_offer;escalate_to_human;no_action,discount_offer,True,403.0,3.11,0
TXN001368,CUST00058,1115,5252.32,0.333,237.95,1,1,215.22,payment_failed,bank_decline,2026-06-21T02:15:30.363987,2,6,0,2026-06-19T12:29:55.096439,False,retry_link;reminder;discount_offer;escalate_to_human;no_action,discount_offer,False,0.0,,2
TXN001369,CUST00583,78,11262.58,1.0,183.25,2,16,200.49,payment_failed,bank_decline,2026-06-21T02:48:27.178422,2,6,0,2026-06-04T19:29:09.548802,False,retry_link;reminder;discount_offer;escalate_to_human;no_action,no_action,False,0.0,,0
TXN001370,CUST01022,1302,8580.45,0.5,385.96,1,15,408.23,payment_failed,gateway_error,2026-06-21T02:56:56.513165,2,6,0,2026-06-10T21:25:22.892751,False,retry_link;reminder;discount_offer;escalate_to_human;no_action,no_action,True,408.23,1.44,1
TXN001371,CUST00462,1123,2038.09,0.5,600.27,0,108,477.95,payment_failed,price_hesitation,2026-06-21T03:10:24.725946,3,6,0,,False,retry_link;reminder;discount_offer;escalate_to_human;no_action,discount_offer,False,0.0,,0
TXN001372,CUST00323,1374,5497.88,0.5,529.79,0,59,244.76,payment_failed,insufficient_funds,2026-06-21T03:12:11.103191,3,6,0,,False,retry_link;reminder;discount_offer;escalate_to_human;no_action,escalate_to_human,False,0.0,,0
TXN001373,CUST00786,49,484.0,0.5,101.07,0,74,75.51,payment_failed,insufficient_funds,2026-06-21T03:24:10.464967,3,6,0,,False,retry_link;reminder;discount_offer;escalate_to_human;no_action,retry_link,True,75.51,2.52,0
TXN001374,CUST00346,1487,1511.47,0.5,372.71,0,104,466.11,checkout_abandoned,insufficient_funds,2026-06-21T03:41:30.730884,3,6,0,,False,retry_link;reminder;discount_offer;escalate_to_human;no_action,retry_link,True,466.11,9.9,0
TXN001375,CUST00682,1439,3926.58,0.5,609.56,0,83,782.02,checkout_abandoned,insufficient_funds,2026-06-21T04:12:38.299332,4,6,0,,False,retry_link;reminder;discount_offer;escalate_to_human;no_action,reminder,False,0.0,,0
TXN001376,CUST01492,44,20350.39,0.0,302.4,0,116,216.76,payment_failed,price_hesitation,2026-06-21T04:50:56.157881,4,6,0,,False,retry_link;reminder;discount_offer;escalate_to_human;no_action,discount_offer,False,0.0,,1
TXN001377,CUST00136,904,7117.0,0.5,361.42,0,79,199.89,payment_failed,otp_timeout,2026-06-21T05:04:44.897979,5,6,0,,False,retry_link;reminder;discount_offer;escalate_to_human;no_action,retry_link,False,0.0,,0
TXN001378,CUST00390,1120,25238.81,1.0,121.41,1,5,83.53,payment_failed,otp_timeout,2026-06-21T05:08:55.035772,5,6,0,2026-06-16T04:38:26.085580,False,retry_link;reminder;discount_offer;escalate_to_human;no_action,no_action,False,0.0,,0
TXN001379,CUST00441,452,3295.83,0.5,217.01,1,19,362.32,checkout_abandoned,bank_decline,2026-06-21T05:18:31.009887,5,6,0,2026-06-17T19:14:16.913953,False,retry_link;reminder;discount_offer;escalate_to_human;no_action,no_action,False,0.0,,1
TXN001380,CUST01188,850,2931.24,0.5,444.1,0,39,228.23,checkout_abandoned,insufficient_funds,2026-06-21T06:13:16.049228,6,6,0,,False,retry_link;reminder;discount_offer;escalate_to_human;no_action,reminder,False,0.0,,0
TXN001381,CUST01453,369,1289.15,0.0,103.59,0,29,83.57,payment_failed,bank_decline,2026-06-21T06:29:05.640102,6,6,0,2026-06-16T16:28:10.572859,False,retry_link;reminder;discount_offer;escalate_to_human;no_action,discount_offer,False,0.0,,1
TXN001382,CUST00002,982,399.89,0.5,347.79,0,32,302.67,payment_failed,bank_decline,2026-06-21T07:54:35.630034,7,6,0,,False,retry_link;reminder;discount_offer;escalate_to_human;no_action,no_action,False,0.0,,0
TXN001383,CUST01276,985,6865.2,1.0,603.1,1,12,410.4,checkout_abandoned,insufficient_funds,2026-06-21T08:01:28.334798,8,6,0,2026-06-09T04:20:32.969106,False,retry_link;reminder;discount_offer;escalate_to_human;no_action,no_action,False,0.0,,0
TXN001384,CUST00477,27,1773.68,1.0,360.46,1,2,265.93,payment_failed,price_hesitation,2026-06-21T08:03:16.763670,8,6,0,2026-06-19T02:55:20.575925,False,retry_link;reminder;discount_offer;escalate_to_human;no_action,reminder,True,265.93,6.42,0
TXN001385,CUST00373,561,5993.32,0.5,506.64,0,32,305.34,payment_failed,otp_timeout,2026-06-21T08:28:20.530209,8,6,0,,False,retry_link;reminder;discount_offer;escalate_to_human;no_action,no_action,False,0.0,,0
TXN001386,CUST01425,1222,2290.01,1.0,136.13,2,2,162.92,payment_failed,otp_timeout,2026-06-21T08:53:00.285570,8,6,0,2026-06-18T14:05:49.528969,False,retry_link;reminder;discount_offer;escalate_to_human;no_action,retry_link,True,162.92,13.56,0
TXN001387,CUST00364,174,5549.35,1.0,435.34,1,11,369.93,payment_failed,otp_timeout,2026-06-21T08:59:03.757172,8,6,0,2026-06-09T23:31:18.658371,False,retry_link;reminder;discount_offer;escalate_to_human;no_action,discount_offer,True,369.93,1.78,0
TXN001388,CUST00823,975,4378.87,0.0,245.83,0,97,216.07,payment_failed,insufficient_funds,2026-06-21T09:23:59.920044,9,6,0,2026-06-15T03:43:07.312772,False,retry_link;reminder;discount_offer;escalate_to_human;no_action,no_action,False,0.0,,2
TXN001389,CUST00146,53,1122.83,1.0,646.54,1,13,856.84,payment_failed,price_hesitation,2026-06-21T09:46:59.539513,9,6,0,2026-06-07T22:00:40.422350,False,retry_link;reminder;discount_offer;escalate_to_human;no_action,escalate_to_human,True,856.84,2.02,0
TXN001390,CUST00425,300,10499.84,0.5,300.71,0,111,189.15,payment_failed,gateway_error,2026-06-21T09:48:10.268233,9,6,0,,False,retry_link;reminder;discount_offer;escalate_to_human;no_action,no_action,False,0.0,,0
TXN001391,CUST01313,1280,3176.05,0.0,407.96,0,80,430.06,payment_failed,insufficient_funds,2026-06-21T10:07:35.700607,10,6,0,2026-06-16T07:16:00.530851,False,retry_link;reminder;discount_offer;escalate_to_human;no_action,no_action,True,430.06,1.91,1
TXN001392,CUST00530,898,14243.12,1.0,417.76,1,11,385.81,checkout_abandoned,insufficient_funds,2026-06-21T10:38:49.354991,10,6,0,2026-06-09T14:16:16.296974,False,retry_link;reminder;discount_offer;escalate_to_human;no_action,retry_link,True,385.81,2.07,0
TXN001393,CUST00677,127,4020.86,0.5,346.25,1,11,257.27,checkout_abandoned,insufficient_funds,2026-06-21T11:14:12.208042,11,6,0,2026-06-10T10:10:57.942200,False,retry_link;reminder;discount_offer;escalate_to_human;no_action,no_action,False,0.0,,1
TXN001394,CUST01223,981,446.57,1.0,264.0,1,13,228.67,checkout_abandoned,price_hesitation,2026-06-21T11:34:31.735771,11,6,0,2026-06-07T13:16:48.658980,False,retry_link;reminder;discount_offer;escalate_to_human;no_action,reminder,False,0.0,,0
TXN001395,CUST00135,456,4990.96,0.0,100.0,0,108,50.0,checkout_abandoned,price_hesitation,2026-06-21T11:53:50.008013,11,6,0,2026-06-09T23:21:38.405558,False,retry_link;reminder;discount_offer;escalate_to_human;no_action,reminder,False,0.0,,1
TXN001396,CUST00400,1497,8065.48,0.0,219.04,0,73,276.37,checkout_abandoned,price_hesitation,2026-06-21T12:50:15.840247,12,6,0,2026-06-07T20:48:02.815834,False,retry_link;reminder;discount_offer;escalate_to_human;no_action,discount_offer,False,0.0,,1
TXN001397,CUST00885,1102,21893.24,0.0,339.27,0,128,207.63,payment_failed,insufficient_funds,2026-06-21T13:21:32.215943,13,6,0,2026-06-18T09:27:51.185589,False,retry_link;reminder;discount_offer;escalate_to_human;no_action,retry_link,False,0.0,,2
TXN001398,CUST01093,589,4876.44,0.5,358.86,0,61,560.85,checkout_abandoned,price_hesitation,2026-06-21T13:36:26.496219,13,6,0,,False,retry_link;reminder;discount_offer;escalate_to_human;no_action,reminder,False,0.0,,0
TXN001399,CUST01286,1361,4431.02,0.0,296.27,0,136,499.16,checkout_abandoned,bank_decline,2026-06-21T14:05:36.825162,14,6,0,2026-06-13T22:26:29.900909,True,no_action,no_action,False,0.0,,5
TXN001400,CUST00867,1257,13863.88,0.0,191.86,0,99,201.14,payment_failed,otp_timeout,2026-06-21T14:14:46.709342,14,6,0,,False,retry_link;reminder;discount_offer;escalate_to_human;no_action,escalate_to_human,True,201.14,1.95,1
TXN001401,CUST01178,389,2996.0,0.0,108.32,0,63,114.79,checkout_abandoned,gateway_error,2026-06-21T14:54:42.901433,14,6,0,2026-06-03T04:02:31.506443,False,retry_link;reminder;discount_offer;escalate_to_human;no_action,retry_link,True,114.79,19.72,1
TXN001402,CUST00667,1291,1487.39,0.5,359.6,0,37,506.22,payment_failed,price_hesitation,2026-06-21T15:35:06.342615,15,6,0,,False,retry_link;reminder;discount_offer;escalate_to_human;no_action,no_action,False,0.0,,0
TXN001403,CUST01063,1058,1666.1,1.0,722.49,3,6,580.97,payment_failed,otp_timeout,2026-06-21T16:17:43.174255,16,6,0,2026-06-10T22:25:25.258087,False,retry_link;reminder;discount_offer;escalate_to_human;no_action,retry_link,True,580.97,0.73,0
TXN001404,CUST01443,650,9865.15,0.0,398.95,0,26,397.29,checkout_abandoned,insufficient_funds,2026-06-21T16:22:51.257963,16,6,0,2026-06-01T00:17:05.435774,False,retry_link;reminder;discount_offer;escalate_to_human;no_action,discount_offer,False,0.0,,1
TXN001405,CUST00085,1050,16481.23,0.0,245.69,0,52,232.15,payment_failed,price_hesitation,2026-06-21T16:49:09.613172,16,6,0,2026-06-09T15:38:26.782139,False,retry_link;reminder;discount_offer;escalate_to_human;no_action,discount_offer,False,0.0,,2
TXN001406,CUST00056,820,1476.13,1.0,153.42,1,14,107.87,payment_failed,otp_timeout,2026-06-21T17:02:00.943896,17,6,0,2026-06-06T19:48:35.285206,False,retry_link;reminder;discount_offer;escalate_to_human;no_action,discount_offer,True,107.87,12.8,0
TXN001407,CUST01217,1098,1369.05,0.0,350.76,0,14,353.33,checkout_abandoned,insufficient_funds,2026-06-21T17:04:02.005562,17,6,0,2026-06-15T03:16:43.456155,False,retry_link;reminder;discount_offer;escalate_to_human;no_action,no_action,False,0.0,,2
TXN001408,CUST00634,275,40305.79,0.0,201.72,0,89,119.75,checkout_abandoned,price_hesitation,2026-06-21T17:07:31.759495,17,6,0,2026-06-18T23:35:09.607587,False,retry_link;reminder;discount_offer;escalate_to_human;no_action,reminder,False,0.0,,1
TXN001409,CUST01115,735,5414.09,0.5,278.99,0,67,257.87,payment_failed,insufficient_funds,2026-06-21T17:29:26.650825,17,6,0,,False,retry_link;reminder;discount_offer;escalate_to_human;no_action,escalate_to_human,False,0.0,,0
TXN001410,CUST01309,1279,2904.77,0.0,308.8,0,52,190.55,payment_failed,price_hesitation,2026-06-21T17:32:14.269947,17,6,0,2026-06-17T03:19:26.516786,True,no_action,no_action,False,0.0,,2
TXN001411,CUST01439,1433,2168.42,0.0,331.15,0,108,539.49,payment_failed,price_hesitation,2026-06-21T18:03:15.384453,18,6,0,,False,retry_link;reminder;discount_offer;escalate_to_human;no_action,no_action,False,0.0,,1
TXN001412,CUST00627,551,2196.2,0.0,227.58,0,101,152.66,payment_failed,insufficient_funds,2026-06-21T18:07:15.658805,18,6,0,2026-06-08T20:20:37.789005,False,retry_link;reminder;discount_offer;escalate_to_human;no_action,reminder,False,0.0,,3
TXN001413,CUST00802,773,3798.88,0.5,420.38,0,72,261.95,payment_failed,price_hesitation,2026-06-21T18:47:55.594335,18,6,0,,False,retry_link;reminder;discount_offer;escalate_to_human;no_action,reminder,True,261.95,9.9,0
TXN001414,CUST00043,532,9903.04,1.0,293.83,2,7,580.46,payment_failed,otp_timeout,2026-06-21T19:00:07.416484,19,6,0,2026-06-14T09:28:17.645011,False,retry_link;reminder;discount_offer;escalate_to_human;no_action,reminder,False,0.0,,0
TXN001415,CUST01037,23,59540.3,1.0,885.88,2,6,830.09,checkout_abandoned,bank_decline,2026-06-21T19:14:30.829048,19,6,0,2026-06-15T09:24:30.935942,False,retry_link;reminder;discount_offer;escalate_to_human;no_action,no_action,True,830.09,17.64,0
TXN001416,CUST00993,647,4339.5,0.5,178.55,0,79,234.41,payment_failed,insufficient_funds,2026-06-21T19:42:27.994605,19,6,0,,False,retry_link;reminder;discount_offer;escalate_to_human;no_action,discount_offer,False,0.0,,0
TXN001417,CUST00083,1249,7459.23,1.0,254.47,2,9,282.4,payment_failed,bank_decline,2026-06-21T19:58:49.469010,19,6,0,2026-06-12T17:49:18.126741,False,retry_link;reminder;discount_offer;escalate_to_human;no_action,retry_link,False,0.0,,0
TXN001418,CUST01486,244,2975.68,0.5,296.74,0,101,605.14,payment_failed,otp_timeout,2026-06-21T20:37:22.212309,20,6,0,,False,retry_link;reminder;discount_offer;escalate_to_human;no_action,discount_offer,True,605.14,3.04,0
TXN001419,CUST00672,954,2705.89,0.0,312.18,0,32,247.01,checkout_abandoned,bank_decline,2026-06-21T20:56:56.140177,20,6,0,2026-06-03T18:39:54.117638,False,retry_link;reminder;discount_offer;escalate_to_human;no_action,no_action,False,0.0,,1
TXN001420,CUST01401,362,5159.73,0.5,226.66,0,58,135.1,checkout_abandoned,insufficient_funds,2026-06-21T21:08:32.357825,21,6,0,,False,retry_link;reminder;discount_offer;escalate_to_human;no_action,reminder,False,0.0,,0
TXN001421,CUST00393,899,3772.6,1.0,261.04,1,16,240.42,checkout_abandoned,price_hesitation,2026-06-21T21:26:01.355347,21,6,0,,False,retry_link;reminder;discount_offer;escalate_to_human;no_action,retry_link,True,240.42,5.75,0
TXN001422,CUST00254,991,1636.5,0.5,191.6,1,17,186.3,payment_failed,gateway_error,2026-06-21T21:36:34.032634,21,6,0,2026-06-11T12:01:41.342468,False,retry_link;reminder;discount_offer;escalate_to_human;no_action,no_action,False,0.0,,1
TXN001423,CUST01304,916,1133.63,0.5,190.13,0,103,185.95,checkout_abandoned,otp_timeout,2026-06-21T22:08:26.361639,22,6,0,,False,retry_link;reminder;discount_offer;escalate_to_human;no_action,retry_link,True,185.95,10.76,0
TXN001424,CUST00288,813,11292.26,0.0,568.59,0,67,543.0,payment_failed,otp_timeout,2026-06-21T22:38:02.818937,22,6,0,2026-06-05T12:59:16.304333,False,retry_link;reminder;discount_offer;escalate_to_human;no_action,reminder,False,0.0,,1
TXN001425,CUST00121,1002,5110.92,1.0,294.7,1,12,305.65,payment_failed,otp_timeout,2026-06-21T23:32:08.190468,23,6,0,2026-06-09T02:10:17.442528,False,retry_link;reminder;discount_offer;escalate_to_human;no_action,no_action,False,0.0,,0
TXN001426,CUST00583,78,11262.58,0.667,183.25,2,17,103.25,payment_failed,otp_timeout,2026-06-21T23:32:23.752857,23,6,0,2026-06-04T19:29:09.548802,False,retry_link;reminder;discount_offer;escalate_to_human;no_action,reminder,False,0.0,,1
TXN001427,CUST01107,1360,27301.53,0.0,343.26,0,19,572.29,checkout_abandoned,otp_timeout,2026-06-21T23:32:49.452376,23,6,0,2026-06-09T18:40:41.808132,False,retry_link;reminder;discount_offer;escalate_to_human;no_action,reminder,True,572.29,5.37,2
TXN001428,CUST00290,1211,1263.58,1.0,230.24,2,2,226.01,checkout_abandoned,price_hesitation,2026-06-22T00:00:30.866877,0,0,0,2026-06-19T06:55:57.905445,True,no_action,no_action,False,0.0,,0
TXN001429,CUST00260,1190,8182.12,0.5,982.32,0,77,1130.15,payment_failed,price_hesitation,2026-06-22T00:00:56.932472,0,0,0,,False,retry_link;reminder;discount_offer;escalate_to_human;no_action,reminder,False,0.0,,0
TXN001430,CUST00629,550,4358.75,0.5,593.23,0,43,650.17,payment_failed,bank_decline,2026-06-22T00:32:32.469867,0,0,0,,False,retry_link;reminder;discount_offer;escalate_to_human;no_action,no_action,False,0.0,,0
TXN001431,CUST01455,99,5202.36,1.0,1079.35,1,18,823.46,checkout_abandoned,price_hesitation,2026-06-22T01:17:21.173420,1,0,0,2026-06-03T21:56:04.530833,False,retry_link;reminder;discount_offer;escalate_to_human;no_action,reminder,False,0.0,,0
TXN001432,CUST01000,1212,15553.59,0.0,777.58,0,67,780.96,payment_failed,insufficient_funds,2026-06-22T01:26:24.970008,1,0,0,2026-06-13T05:53:56.762067,True,no_action,no_action,False,0.0,,4
TXN001433,CUST01375,1438,11651.12,0.5,1473.86,0,88,1166.86,checkout_abandoned,gateway_error,2026-06-22T01:34:02.603915,1,0,0,,False,retry_link;reminder;discount_offer;escalate_to_human;no_action,no_action,False,0.0,,0
TXN001434,CUST00577,786,2374.26,0.0,283.01,0,89,161.68,checkout_abandoned,price_hesitation,2026-06-22T01:36:46.447929,1,0,0,2026-06-05T05:23:06.020574,False,retry_link;reminder;discount_offer;escalate_to_human;no_action,escalate_to_human,False,0.0,,1
TXN001435,CUST00638,1189,3129.49,1.0,269.41,1,1,305.43,checkout_abandoned,bank_decline,2026-06-22T01:56:27.458591,1,0,0,2026-06-20T14:42:27.653310,False,retry_link;reminder;discount_offer;escalate_to_human;no_action,retry_link,True,305.43,17.04,0
TXN001436,CUST00353,653,852.29,0.5,368.61,0,69,258.3,payment_failed,otp_timeout,2026-06-22T01:57:10.779031,1,0,0,,False,retry_link;reminder;discount_offer;escalate_to_human;no_action,escalate_to_human,True,258.3,9.09,0
TXN001437,CUST00073,195,7558.22,0.5,255.71,0,71,216.31,checkout_abandoned,gateway_error,2026-06-22T02:01:20.599067,2,0,0,,False,retry_link;reminder;discount_offer;escalate_to_human;no_action,retry_link,True,216.31,3.68,0
TXN001438,CUST00027,1234,8672.63,0.5,211.29,0,68,201.59,payment_failed,gateway_error,2026-06-22T02:07:13.019831,2,0,0,,False,retry_link;reminder;discount_offer;escalate_to_human;no_action,retry_link,True,201.59,0.07,0
TXN001439,CUST00686,610,6512.62,0.0,655.6,0,84,579.32,payment_failed,price_hesitation,2026-06-22T02:38:56.968406,2,0,0,,False,retry_link;reminder;discount_offer;escalate_to_human;no_action,escalate_to_human,True,579.32,7.47,1
TXN001440,CUST00989,1181,4103.73,0.5,237.7,0,8,141.97,payment_failed,otp_timeout,2026-06-22T03:44:13.624269,3,0,0,,False,retry_link;reminder;discount_offer;escalate_to_human;no_action,no_action,False,0.0,,0
TXN001441,CUST01136,1087,4082.57,0.0,227.49,0,95,170.13,payment_failed,insufficient_funds,2026-06-22T04:20:28.875155,4,0,0,2026-06-13T19:13:25.432210,False,retry_link;reminder;discount_offer;escalate_to_human;no_action,no_action,False,0.0,,1
TXN001442,CUST00775,1426,1459.15,0.0,208.54,0,120,139.88,checkout_abandoned,insufficient_funds,2026-06-22T04:38:46.633573,4,0,0,2026-06-16T17:55:41.224945,False,retry_link;reminder;discount_offer;escalate_to_human;no_action,reminder,False,0.0,,3
TXN001443,CUST00422,1149,543.65,0.0,184.63,0,92,395.95,checkout_abandoned,gateway_error,2026-06-22T04:57:54.637724,4,0,0,2026-06-09T21:28:07.445327,False,retry_link;reminder;discount_offer;escalate_to_human;no_action,escalate_to_human,True,395.95,3.59,1
TXN001444,CUST00747,472,1100.72,0.5,219.43,0,22,398.57,payment_failed,price_hesitation,2026-06-22T05:04:08.568896,5,0,0,,False,retry_link;reminder;discount_offer;escalate_to_human;no_action,discount_offer,False,0.0,,0
TXN001445,CUST01344,280,3498.45,0.0,756.55,0,45,1134.47,payment_failed,bank_decline,2026-06-22T05:13:58.249075,5,0,0,2026-06-12T09:54:01.558885,False,retry_link;reminder;discount_offer;escalate_to_human;no_action,retry_link,False,0.0,,1
TXN001446,CUST00994,794,1613.32,0.333,608.01,1,13,504.73,checkout_abandoned,otp_timeout,2026-06-22T05:15:54.838610,5,0,0,2026-06-08T12:43:31.175773,False,retry_link;reminder;discount_offer;escalate_to_human;no_action,escalate_to_human,True,504.73,5.31,2
TXN001447,CUST01360,124,7692.42,1.0,486.39,1,12,480.88,payment_failed,price_hesitation,2026-06-22T05:20:06.275149,5,0,0,2026-06-09T09:36:19.123675,False,retry_link;reminder;discount_offer;escalate_to_human;no_action,discount_offer,False,0.0,,0
TXN001448,CUST00039,947,7996.83,0.0,459.69,0,109,484.0,payment_failed,price_hesitation,2026-06-22T05:59:19.871828,5,0,0,2026-06-07T23:30:44.073875,False,retry_link;reminder;discount_offer;escalate_to_human;no_action,reminder,True,484.0,6.83,2
TXN001449,CUST00477,27,1773.68,1.0,360.46,2,0,488.6,checkout_abandoned,insufficient_funds,2026-06-22T06:10:48.430382,6,0,1,2026-06-21T08:03:16.763670,True,no_action,no_action,False,0.0,,0
TXN001450,CUST00386,102,1106.11,0.5,182.05,1,6,206.34,checkout_abandoned,insufficient_funds,2026-06-22T06:24:11.433724,6,0,0,2026-06-15T14:07:15.558838,False,retry_link;reminder;discount_offer;escalate_to_human;no_action,no_action,False,0.0,,1
TXN001451,CUST01241,1166,2429.55,0.5,141.52,0,118,172.47,payment_failed,gateway_error,2026-06-22T06:39:43.468529,6,0,0,,False,retry_link;reminder;discount_offer;escalate_to_human;no_action,retry_link,True,172.47,3.42,0
TXN001452,CUST00701,924,3903.58,1.0,377.88,1,4,378.24,checkout_abandoned,gateway_error,2026-06-22T06:43:20.326955,6,0,0,,False,retry_link;reminder;discount_offer;escalate_to_human;no_action,escalate_to_human,True,378.24,18.44,0
TXN001453,CUST01129,974,10173.24,0.5,190.52,1,4,188.71,payment_failed,gateway_error,2026-06-22T06:59:40.457546,6,0,0,2026-06-17T15:52:07.618835,False,retry_link;reminder;discount_offer;escalate_to_human;no_action,retry_link,False,0.0,,1
TXN001454,CUST01453,369,1289.15,0.0,103.59,0,30,107.44,checkout_abandoned,insufficient_funds,2026-06-22T07:16:02.158765,7,0,0,2026-06-21T06:29:05.640102,False,retry_link;reminder;discount_offer;escalate_to_human;no_action,no_action,False,0.0,,2
TXN001455,CUST00864,1269,4310.02,0.5,249.01,0,99,289.49,payment_failed,gateway_error,2026-06-22T08:33:53.720248,8,0,0,,False,retry_link;reminder;discount_offer;escalate_to_human;no_action,discount_offer,False,0.0,,0
TXN001456,CUST01009,780,5121.87,0.0,138.15,0,101,152.08,checkout_abandoned,gateway_error,2026-06-22T09:03:24.344567,9,0,0,2026-06-11T15:04:20.321749,False,retry_link;reminder;discount_offer;escalate_to_human;no_action,no_action,True,152.08,5.76,2
TXN001457,CUST01162,1272,2973.54,0.5,1019.46,0,97,992.28,payment_failed,price_hesitation,2026-06-22T09:06:19.293659,9,0,0,,False,retry_link;reminder;discount_offer;escalate_to_human;no_action,no_action,False,0.0,,0
TXN001458,CUST00399,466,1656.58,0.5,892.86,0,117,424.29,checkout_abandoned,bank_decline,2026-06-22T09:22:36.644720,9,0,0,,False,retry_link;reminder;discount_offer;escalate_to_human;no_action,reminder,True,424.29,8.27,0
TXN001459,CUST00720,209,2365.89,1.0,885.01,1,6,1329.57,checkout_abandoned,otp_timeout,2026-06-22T11:03:22.406626,11,0,0,2026-06-15T17:16:37.699133,False,retry_link;reminder;discount_offer;escalate_to_human;no_action,discount_offer,True,1329.57,7.79,0
TXN001460,CUST00000,134,4421.36,1.0,349.19,1,2,313.22,checkout_abandoned,bank_decline,2026-06-22T11:10:32.455222,11,0,0,2026-06-19T17:48:45.067563,False,retry_link;reminder;discount_offer;escalate_to_human;no_action,retry_link,True,313.22,2.99,0
TXN001461,CUST00266,671,1048.7,0.5,352.22,1,11,214.7,payment_failed,bank_decline,2026-06-22T11:33:28.077473,11,0,0,2026-06-10T18:24:55.384309,False,retry_link;reminder;discount_offer;escalate_to_human;no_action,discount_offer,False,0.0,,1
TXN001462,CUST00872,171,4059.35,1.0,579.65,1,13,414.3,payment_failed,otp_timeout,2026-06-22T11:50:12.837789,11,0,0,2026-06-09T11:41:55.270226,False,retry_link;reminder;discount_offer;escalate_to_human;no_action,retry_link,True,414.3,16.38,0
TXN001463,CUST01270,554,7553.74,0.0,159.59,0,46,226.79,payment_failed,gateway_error,2026-06-22T12:14:09.697652,12,0,0,2026-06-12T10:41:18.539572,False,retry_link;reminder;discount_offer;escalate_to_human;no_action,discount_offer,True,226.79,10.26,2
TXN001464,CUST00321,162,14346.82,0.0,421.84,0,66,676.25,checkout_abandoned,insufficient_funds,2026-06-22T13:15:04.375994,13,0,0,2026-06-11T13:28:32.038073,False,retry_link;reminder;discount_offer;escalate_to_human;no_action,escalate_to_human,False,0.0,,1
TXN001465,CUST00746,798,1193.88,0.0,769.66,0,81,280.61,checkout_abandoned,price_hesitation,2026-06-22T13:30:14.972359,13,0,0,,False,retry_link;reminder;discount_offer;escalate_to_human;no_action,retry_link,False,0.0,,1
TXN001466,CUST01258,811,27794.44,0.5,653.78,0,72,945.58,payment_failed,price_hesitation,2026-06-22T13:38:30.742571,13,0,0,,False,retry_link;reminder;discount_offer;escalate_to_human;no_action,retry_link,True,945.58,7.61,0
TXN001467,CUST00909,138,16084.76,0.0,412.33,0,56,335.81,payment_failed,otp_timeout,2026-06-22T13:39:58.484725,13,0,0,2026-06-06T08:39:06.637859,False,retry_link;reminder;discount_offer;escalate_to_human;no_action,reminder,False,0.0,,3
TXN001468,CUST01462,72,633.5,0.0,358.55,0,42,349.62,payment_failed,otp_timeout,2026-06-22T14:21:03.366385,14,0,0,2026-06-17T16:51:05.979520,False,retry_link;reminder;discount_offer;escalate_to_human;no_action,reminder,False,0.0,,1
TXN001469,CUST00037,1241,12588.28,0.5,382.99,0,102,314.08,checkout_abandoned,bank_decline,2026-06-22T14:57:48.214765,14,0,0,,False,retry_link;reminder;discount_offer;escalate_to_human;no_action,retry_link,False,0.0,,0
TXN001470,CUST00286,242,10271.08,1.0,823.05,2,10,777.21,checkout_abandoned,gateway_error,2026-06-22T15:14:45.844488,15,0,0,2026-06-11T18:56:41.683720,True,no_action,no_action,False,0.0,,0
TXN001471,CUST01153,1364,1321.07,0.0,232.68,0,63,278.09,checkout_abandoned,insufficient_funds,2026-06-22T15:40:53.460136,15,0,0,2026-06-05T17:59:33.611962,True,no_action,no_action,False,0.0,,2
TXN001472,CUST00633,569,7243.72,1.0,382.24,1,19,408.79,payment_failed,insufficient_funds,2026-06-22T15:48:22.887537,15,0,0,2026-06-03T01:59:13.643971,False,retry_link;reminder;discount_offer;escalate_to_human;no_action,reminder,False,0.0,,0
TXN001473,CUST00655,799,7339.22,0.5,100.0,1,13,121.05,payment_failed,insufficient_funds,2026-06-22T16:00:45.785701,16,0,0,2026-06-08T19:07:20.336681,False,retry_link;reminder;discount_offer;escalate_to_human;no_action,discount_offer,False,0.0,,1
TXN001474,CUST01478,346,3879.01,0.0,174.65,0,85,212.25,payment_failed,otp_timeout,2026-06-22T16:07:27.359943,16,0,0,2026-06-20T13:22:39.428058,False,retry_link;reminder;discount_offer;escalate_to_human;no_action,escalate_to_human,True,212.25,2.24,2
TXN001475,CUST00023,1390,635.35,0.5,581.47,0,56,317.67,payment_failed,gateway_error,2026-06-22T16:14:06.495050,16,0,0,,False,retry_link;reminder;discount_offer;escalate_to_human;no_action,escalate_to_human,True,317.67,1.61,0
TXN001476,CUST00400,1497,8065.48,0.0,219.04,0,74,155.72,checkout_abandoned,insufficient_funds,2026-06-22T16:15:05.802971,16,0,0,2026-06-21T12:50:15.840247,False,retry_link;reminder;discount_offer;escalate_to_human;no_action,escalate_to_human,False,0.0,,2
TXN001477,CUST00139,655,10231.54,0.5,847.93,0,65,1504.18,payment_failed,insufficient_funds,2026-06-22T16:17:11.119859,16,0,0,,False,retry_link;reminder;discount_offer;escalate_to_human;no_action,discount_offer,True,1504.18,4.54,0
TXN001478,CUST00302,15,7714.15,0.333,290.53,1,3,312.92,payment_failed,price_hesitation,2026-06-22T16:47:39.951023,16,0,0,2026-06-19T00:56:43.141172,False,retry_link;reminder;discount_offer;escalate_to_human;no_action,discount_offer,True,312.92,1.64,2
TXN001479,CUST00218,671,13826.17,0.5,600.24,0,95,589.64,payment_failed,insufficient_funds,2026-06-22T16:58:10.074754,16,0,0,,False,retry_link;reminder;discount_offer;escalate_to_human;no_action,reminder,False,0.0,,0
TXN001480,CUST00271,35,25014.28,0.5,216.79,0,49,156.02,payment_failed,insufficient_funds,2026-06-22T17:32:51.739539,17,0,0,,False,retry_link;reminder;discount_offer;escalate_to_human;no_action,escalate_to_human,False,0.0,,0
TXN001481,CUST01296,395,4765.27,0.0,431.76,0,83,310.87,payment_failed,otp_timeout,2026-06-22T17:40:22.230731,17,0,0,,False,retry_link;reminder;discount_offer;escalate_to_human;no_action,discount_offer,False,0.0,,1
TXN001482,CUST01409,425,15919.63,0.5,482.26,0,114,402.77,checkout_abandoned,insufficient_funds,2026-06-22T17:59:17.899995,17,0,0,,False,retry_link;reminder;discount_offer;escalate_to_human;no_action,no_action,False,0.0,,0
TXN001483,CUST00035,96,17148.29,1.0,162.48,2,4,157.54,payment_failed,insufficient_funds,2026-06-22T18:00:49.499555,18,0,0,2026-06-18T05:02:56.080682,False,retry_link;reminder;discount_offer;escalate_to_human;no_action,discount_offer,False,0.0,,0
TXN001484,CUST01040,1059,1347.73,0.5,352.3,0,89,277.69,payment_failed,insufficient_funds,2026-06-22T18:47:40.022088,18,0,0,,False,retry_link;reminder;discount_offer;escalate_to_human;no_action,reminder,False,0.0,,0
TXN001485,CUST00831,362,2215.48,0.333,188.57,1,13,177.27,payment_failed,insufficient_funds,2026-06-22T19:02:09.319350,19,0,0,2026-06-12T23:26:52.048220,False,retry_link;reminder;discount_offer;escalate_to_human;no_action,escalate_to_human,False,0.0,,2
TXN001486,CUST01117,880,3697.54,0.4,442.66,2,5,277.41,checkout_abandoned,price_hesitation,2026-06-22T19:09:37.751686,19,0,0,2026-06-16T22:13:56.101166,False,retry_link;reminder;discount_offer;escalate_to_human;no_action,discount_offer,False,0.0,,3
TXN001487,CUST00454,895,4476.8,0.0,286.07,0,80,397.82,checkout_abandoned,insufficient_funds,2026-06-22T19:14:39.410713,19,0,0,2026-06-14T16:28:38.527053,False,retry_link;reminder;discount_offer;escalate_to_human;no_action,reminder,False,0.0,,3
TXN001488,CUST01100,720,483.74,0.5,126.0,0,35,133.57,checkout_abandoned,gateway_error,2026-06-22T19:25:06.456729,19,0,0,,False,retry_link;reminder;discount_offer;escalate_to_human;no_action,no_action,False,0.0,,0
TXN001489,CUST00176,1075,2336.43,0.0,253.37,0,101,164.91,payment_failed,bank_decline,2026-06-22T19:31:05.465696,19,0,0,2026-06-21T00:26:44.743248,False,retry_link;reminder;discount_offer;escalate_to_human;no_action,retry_link,False,0.0,,1
TXN001490,CUST01459,774,3259.24,1.0,346.47,2,10,351.41,payment_failed,insufficient_funds,2026-06-22T20:40:00.145910,20,0,0,2026-06-12T18:13:54.306776,False,retry_link;reminder;discount_offer;escalate_to_human;no_action,retry_link,False,0.0,,0
TXN001491,CUST01029,501,13123.26,0.5,369.26,0,23,175.98,checkout_abandoned,price_hesitation,2026-06-22T21:24:36.883458,21,0,0,,False,retry_link;reminder;discount_offer;escalate_to_human;no_action,discount_offer,True,175.98,5.57,0
TXN001492,CUST00330,820,1253.97,1.0,120.61,2,15,102.6,payment_failed,otp_timeout,2026-06-22T21:28:52.675849,21,0,0,2026-06-07T16:33:54.170572,False,retry_link;reminder;discount_offer;escalate_to_human;no_action,reminder,True,102.6,5.23,0
TXN001493,CUST00340,952,4150.34,0.5,409.68,0,8,530.02,checkout_abandoned,insufficient_funds,2026-06-22T22:03:55.499025,22,0,0,,False,retry_link;reminder;discount_offer;escalate_to_human;no_action,no_action,False,0.0,,0
TXN001494,CUST00688,668,4867.45,0.5,160.86,0,76,87.08,payment_failed,gateway_error,2026-06-22T22:51:50.431276,22,0,0,,False,retry_link;reminder;discount_offer;escalate_to_human;no_action,discount_offer,True,87.08,10.29,0
TXN001495,CUST01371,515,9821.65,0.0,741.29,0,56,977.27,checkout_abandoned,insufficient_funds,2026-06-22T22:56:16.787563,22,0,0,2026-06-05T14:10:34.313936,False,retry_link;reminder;discount_offer;escalate_to_human;no_action,retry_link,True,977.27,19.54,1
TXN001496,CUST01121,127,4974.52,0.333,522.42,1,10,401.84,payment_failed,bank_decline,2026-06-22T23:06:57.594670,23,0,0,2026-06-12T07:46:51.119690,True,no_action,no_action,False,0.0,,2
TXN001497,CUST01070,1012,793.01,0.0,289.95,0,130,358.95,checkout_abandoned,insufficient_funds,2026-06-22T23:37:29.415092,23,0,0,2026-06-08T22:14:04.561989,False,retry_link;reminder;discount_offer;escalate_to_human;no_action,escalate_to_human,True,358.95,5.33,2
TXN001498,CUST00826,1021,693.11,0.0,441.94,0,129,513.49,payment_failed,bank_decline,2026-06-23T00:38:31.662704,0,1,0,2026-06-14T09:47:56.779734,False,retry_link;reminder;discount_offer;escalate_to_human;no_action,no_action,False,0.0,,4
TXN001499,CUST00633,569,7243.72,0.5,382.24,1,19,503.31,checkout_abandoned,price_hesitation,2026-06-23T00:53:59.727646,0,1,1,2026-06-22T15:48:22.887537,False,retry_link;reminder;discount_offer;escalate_to_human;no_action,discount_offer,True,503.31,5.11,1
TXN001500,CUST01142,1397,23243.12,0.5,375.89,0,96,291.01,checkout_abandoned,gateway_error,2026-06-23T00:58:42.083066,0,1,0,,False,retry_link;reminder;discount_offer;escalate_to_human;no_action,escalate_to_human,True,291.01,11.79,0
TXN001501,CUST00880,129,4626.57,0.5,179.54,0,101,319.79,checkout_abandoned,gateway_error,2026-06-23T01:32:13.685543,1,1,0,,False,retry_link;reminder;discount_offer;escalate_to_human;no_action,no_action,True,319.79,1.11,0
TXN001502,CUST00769,565,5982.63,1.0,757.66,2,2,531.78,checkout_abandoned,price_hesitation,2026-06-23T03:03:24.298310,3,1,0,2026-06-21T02:03:54.313780,False,retry_link;reminder;discount_offer;escalate_to_human;no_action,discount_offer,True,531.78,0.57,0
TXN001503,CUST00806,817,18368.12,0.0,513.6,0,81,333.16,checkout_abandoned,otp_timeout,2026-06-23T04:04:46.341381,4,1,0,,False,retry_link;reminder;discount_offer;escalate_to_human;no_action,discount_offer,False,0.0,,1
TXN001504,CUST01445,54,19378.75,0.5,127.85,0,99,143.85,payment_failed,gateway_error,2026-06-23T04:05:33.418889,4,1,0,,False,retry_link;reminder;discount_offer;escalate_to_human;no_action,reminder,False,0.0,,0
TXN001505,CUST00771,1479,4793.64,0.0,876.94,0,14,1508.65,payment_failed,insufficient_funds,2026-06-23T04:26:53.458422,4,1,0,2026-06-18T13:40:41.782814,False,retry_link;reminder;discount_offer;escalate_to_human;no_action,reminder,False,0.0,,1
TXN001506,CUST00470,1107,26501.5,0.5,153.29,0,62,228.25,payment_failed,insufficient_funds,2026-06-23T05:57:51.791412,5,1,0,,False,retry_link;reminder;discount_offer;escalate_to_human;no_action,reminder,True,228.25,10.72,0
TXN001507,CUST00611,694,1506.82,0.0,594.91,0,46,599.81,payment_failed,insufficient_funds,2026-06-23T06:07:35.382602,6,1,0,2026-06-10T03:25:32.901153,False,retry_link;reminder;discount_offer;escalate_to_human;no_action,escalate_to_human,False,0.0,,1
TXN001508,CUST01331,1076,1277.71,0.5,162.26,0,53,253.21,payment_failed,insufficient_funds,2026-06-23T06:35:10.907216,6,1,0,,False,retry_link;reminder;discount_offer;escalate_to_human;no_action,no_action,True,253.21,2.35,0
TXN001509,CUST00319,1153,10354.14,0.5,482.39,0,110,486.53,payment_failed,gateway_error,2026-06-23T06:57:27.820274,6,1,0,,False,retry_link;reminder;discount_offer;escalate_to_human;no_action,no_action,False,0.0,,0
TXN001510,CUST01007,755,2745.73,1.0,318.1,2,7,538.38,payment_failed,insufficient_funds,2026-06-23T07:47:40.275367,7,1,0,2026-06-15T11:08:33.989925,False,retry_link;reminder;discount_offer;escalate_to_human;no_action,retry_link,False,0.0,,0
TXN001511,CUST00869,61,2977.74,0.0,590.9,0,69,1063.54,payment_failed,insufficient_funds,2026-06-23T08:17:45.325880,8,1,0,2026-06-11T11:09:31.259686,False,retry_link;reminder;discount_offer;escalate_to_human;no_action,retry_link,False,0.0,,2
TXN001512,CUST00130,848,3301.01,0.5,488.3,0,100,356.31,checkout_abandoned,gateway_error,2026-06-23T09:30:18.292946,9,1,0,,False,retry_link;reminder;discount_offer;escalate_to_human;no_action,no_action,False,0.0,,0
TXN001513,CUST01299,45,8302.1,1.0,489.85,2,7,809.69,checkout_abandoned,otp_timeout,2026-06-23T09:38:43.019421,9,1,0,2026-06-16T07:29:06.298849,False,retry_link;reminder;discount_offer;escalate_to_human;no_action,discount_offer,True,809.69,3.41,0
TXN001514,CUST01292,666,10144.4,0.5,226.93,0,95,337.87,payment_failed,price_hesitation,2026-06-23T09:42:39.504157,9,1,0,,False,retry_link;reminder;discount_offer;escalate_to_human;no_action,retry_link,False,0.0,,0
TXN001515,CUST01159,511,821.64,0.0,279.54,0,123,134.31,payment_failed,bank_decline,2026-06-23T09:45:19.795278,9,1,0,2026-06-16T20:10:46.351223,False,retry_link;reminder;discount_offer;escalate_to_human;no_action,reminder,False,0.0,,2
TXN001516,CUST00097,1024,6428.62,0.0,421.15,0,23,567.56,checkout_abandoned,gateway_error,2026-06-23T10:08:58.620890,10,1,0,2026-06-19T01:27:50.639974,False,retry_link;reminder;discount_offer;escalate_to_human;no_action,retry_link,True,567.56,0.48,2
TXN001517,CUST01203,1142,17015.67,0.0,183.63,0,38,216.44,payment_failed,bank_decline,2026-06-23T10:27:17.961214,10,1,0,2026-06-18T11:43:13.067098,False,retry_link;reminder;discount_offer;escalate_to_human;no_action,retry_link,False,0.0,,4
TXN001518,CUST01153,1364,1321.07,0.0,232.68,0,64,247.8,payment_failed,bank_decline,2026-06-23T11:29:16.716045,11,1,0,2026-06-05T17:59:33.611962,True,no_action,no_action,False,0.0,,3
TXN001519,CUST01136,1087,4082.57,0.0,227.49,0,96,413.12,payment_failed,bank_decline,2026-06-23T11:29:24.965348,11,1,0,2026-06-13T19:13:25.432210,False,retry_link;reminder;discount_offer;escalate_to_human;no_action,discount_offer,False,0.0,,2
TXN001520,CUST00732,1382,4377.59,0.5,276.79,0,20,137.76,payment_failed,otp_timeout,2026-06-23T11:52:06.283396,11,1,0,,False,retry_link;reminder;discount_offer;escalate_to_human;no_action,reminder,False,0.0,,0
TXN001521,CUST00517,100,9205.82,0.0,286.84,0,35,321.63,checkout_abandoned,otp_timeout,2026-06-23T12:07:36.325050,12,1,0,2026-06-11T06:58:10.930053,True,no_action,no_action,False,0.0,,1
TXN001522,CUST00294,817,1556.9,0.0,355.76,0,78,316.12,payment_failed,bank_decline,2026-06-23T12:35:33.453991,12,1,0,2026-06-14T09:08:27.372907,False,retry_link;reminder;discount_offer;escalate_to_human;no_action,no_action,False,0.0,,3
TXN001523,CUST01223,981,446.57,0.5,264.0,1,15,355.03,payment_failed,bank_decline,2026-06-23T12:48:40.718737,12,1,0,2026-06-21T11:34:31.735771,False,retry_link;reminder;discount_offer;escalate_to_human;no_action,reminder,True,355.03,14.41,1
TXN001524,CUST00725,176,6761.8,0.5,378.53,0,101,347.24,checkout_abandoned,bank_decline,2026-06-23T13:16:41.017232,13,1,0,,False,retry_link;reminder;discount_offer;escalate_to_human;no_action,retry_link,False,0.0,,0
TXN001525,CUST00816,65,11205.33,0.5,359.05,0,69,595.94,checkout_abandoned,gateway_error,2026-06-23T13:45:38.684015,13,1,0,,False,retry_link;reminder;discount_offer;escalate_to_human;no_action,no_action,False,0.0,,0
TXN001526,CUST00177,242,1903.5,0.5,295.9,0,66,323.37,payment_failed,gateway_error,2026-06-23T14:09:31.554877,14,1,0,,False,retry_link;reminder;discount_offer;escalate_to_human;no_action,retry_link,True,323.37,4.65,0
TXN001527,CUST01078,627,2644.35,1.0,253.45,1,10,520.15,checkout_abandoned,bank_decline,2026-06-23T14:27:01.448779,14,1,0,2026-06-13T06:22:48.142642,False,retry_link;reminder;discount_offer;escalate_to_human;no_action,escalate_to_human,True,520.15,4.1,0
TXN001528,CUST01327,128,8499.1,0.333,619.78,1,17,969.35,checkout_abandoned,bank_decline,2026-06-23T14:31:36.174179,14,1,0,2026-06-20T07:48:17.586525,False,retry_link;reminder;discount_offer;escalate_to_human;no_action,escalate_to_human,False,0.0,,2
TXN001529,CUST00980,884,1421.19,1.0,234.11,1,15,328.36,checkout_abandoned,insufficient_funds,2026-06-23T14:35:41.300065,14,1,0,2026-06-08T11:02:05.206247,False,retry_link;reminder;discount_offer;escalate_to_human;no_action,discount_offer,True,328.36,1.77,0
TXN001530,CUST00183,1044,28200.75,0.0,217.34,0,125,148.6,payment_failed,gateway_error,2026-06-23T14:41:57.607531,14,1,0,2026-06-16T21:36:06.926553,False,retry_link;reminder;discount_offer;escalate_to_human;no_action,discount_offer,False,0.0,,1
TXN001531,CUST00104,1195,633.95,0.0,100.0,0,98,99.83,checkout_abandoned,price_hesitation,2026-06-23T14:42:34.627762,14,1,0,2026-06-06T11:50:40.028953,False,retry_link;reminder;discount_offer;escalate_to_human;no_action,no_action,True,99.83,1.31,1
TXN001532,CUST00080,1410,1940.01,0.5,246.13,0,59,292.55,payment_failed,gateway_error,2026-06-23T14:59:01.407923,14,1,0,,False,retry_link;reminder;discount_offer;escalate_to_human;no_action,reminder,True,292.55,0.23,0
TXN001533,CUST00661,1102,209.82,0.5,564.69,0,81,683.11,payment_failed,price_hesitation,2026-06-23T15:06:50.016227,15,1,0,,False,retry_link;reminder;discount_offer;escalate_to_human;no_action,retry_link,True,683.11,17.63,0
TXN001534,CUST00918,382,4959.75,0.0,455.99,0,109,410.45,checkout_abandoned,insufficient_funds,2026-06-23T15:26:19.247450,15,1,0,2026-06-05T23:43:59.396322,False,retry_link;reminder;discount_offer;escalate_to_human;no_action,no_action,False,0.0,,1
TXN001535,CUST00001,1161,16997.49,1.0,208.3,2,3,169.8,checkout_abandoned,otp_timeout,2026-06-23T15:58:28.054234,15,1,0,2026-06-20T02:28:18.600222,False,retry_link;reminder;discount_offer;escalate_to_human;no_action,no_action,False,0.0,,0
TXN001536,CUST00186,250,3835.39,1.0,393.25,1,17,331.21,payment_failed,insufficient_funds,2026-06-23T16:40:56.720935,16,1,0,2026-06-06T03:57:04.968962,False,retry_link;reminder;discount_offer;escalate_to_human;no_action,escalate_to_human,True,331.21,9.67,0
TXN001537,CUST00500,171,4680.31,0.5,367.02,0,110,211.28,payment_failed,gateway_error,2026-06-23T16:54:08.356495,16,1,0,,False,retry_link;reminder;discount_offer;escalate_to_human;no_action,discount_offer,True,211.28,5.75,0
TXN001538,CUST00151,422,1621.84,0.0,286.27,0,87,244.57,payment_failed,insufficient_funds,2026-06-23T16:59:59.831622,16,1,0,,False,retry_link;reminder;discount_offer;escalate_to_human;no_action,no_action,False,0.0,,1
TXN001539,CUST01401,362,5159.73,0.0,226.66,0,59,281.18,checkout_abandoned,price_hesitation,2026-06-23T18:30:34.712265,18,1,0,2026-06-21T21:08:32.357825,False,retry_link;reminder;discount_offer;escalate_to_human;no_action,retry_link,True,281.18,23.65,1
TXN001540,CUST01245,1478,8380.0,0.0,1139.49,0,36,916.45,payment_failed,price_hesitation,2026-06-23T19:25:07.348771,19,1,0,2026-06-09T08:02:30.624407,False,retry_link;reminder;discount_offer;escalate_to_human;no_action,reminder,False,0.0,,1
TXN001541,CUST00448,782,3124.64,0.5,326.38,1,10,523.81,payment_failed,otp_timeout,2026-06-23T20:09:06.650651,20,1,0,2026-06-16T15:23:16.799497,False,retry_link;reminder;discount_offer;escalate_to_human;no_action,escalate_to_human,True,523.81,9.83,1
TXN001542,CUST00594,481,9154.55,0.0,331.73,0,131,302.34,payment_failed,otp_timeout,2026-06-23T20:10:12.795862,20,1,0,2026-06-03T19:15:18.062929,False,retry_link;reminder;discount_offer;escalate_to_human;no_action,no_action,False,0.0,,1
TXN001543,CUST01365,27,11553.92,0.333,1118.12,1,13,725.98,payment_failed,price_hesitation,2026-06-23T20:41:28.275123,20,1,0,2026-06-10T04:53:57.716919,False,retry_link;reminder;discount_offer;escalate_to_human;no_action,retry_link,True,725.98,4.13,2
TXN001544,CUST00595,1203,37043.51,1.0,239.57,2,7,276.68,payment_failed,otp_timeout,2026-06-23T21:22:55.460159,21,1,0,2026-06-16T09:46:35.977995,False,retry_link;reminder;discount_offer;escalate_to_human;no_action,escalate_to_human,True,276.68,9.37,0
TXN001545,CUST00114,758,2146.98,0.5,245.94,0,50,254.62,payment_failed,gateway_error,2026-06-23T21:26:40.683935,21,1,0,,False,retry_link;reminder;discount_offer;escalate_to_human;no_action,discount_offer,True,254.62,4.51,0
TXN001546,CUST01455,99,5202.36,0.5,1079.35,1,19,1386.05,checkout_abandoned,bank_decline,2026-06-23T21:27:15.459584,21,1,0,2026-06-22T01:17:21.173420,False,retry_link;reminder;discount_offer;escalate_to_human;no_action,reminder,False,0.0,,1
TXN001547,CUST00585,1387,320.93,0.0,352.56,0,30,277.02,payment_failed,price_hesitation,2026-06-23T21:31:09.049490,21,1,0,2026-06-19T13:31:12.142881,False,retry_link;reminder;discount_offer;escalate_to_human;no_action,no_action,False,0.0,,1
TXN001548,CUST00882,673,19751.68,0.5,527.8,0,74,547.2,checkout_abandoned,otp_timeout,2026-06-23T21:57:35.005413,21,1,0,,False,retry_link;reminder;discount_offer;escalate_to_human;no_action,escalate_to_human,True,547.2,2.68,0
TXN001549,CUST00720,209,2365.89,1.0,885.01,2,1,1349.36,checkout_abandoned,otp_timeout,2026-06-23T22:16:26.244068,22,1,0,2026-06-22T11:03:22.406626,False,retry_link;reminder;discount_offer;escalate_to_human;no_action,escalate_to_human,True,1349.36,2.97,0
TXN001550,CUST01467,577,2935.79,0.0,426.87,0,65,256.16,payment_failed,insufficient_funds,2026-06-23T22:49:28.122670,22,1,0,2026-06-01T17:05:00.531437,False,retry_link;reminder;discount_offer;escalate_to_human;no_action,reminder,True,256.16,10.57,1
TXN001551,CUST01386,841,22947.63,0.5,122.9,0,105,89.12,payment_failed,price_hesitation,2026-06-23T22:55:02.530017,22,1,0,,False,retry_link;reminder;discount_offer;escalate_to_human;no_action,escalate_to_human,True,89.12,0.73,0
TXN001552,CUST01187,898,5779.4,0.0,900.25,0,80,952.39,payment_failed,insufficient_funds,2026-06-23T23:09:47.900148,23,1,0,2026-06-06T20:22:49.235262,False,retry_link;reminder;discount_offer;escalate_to_human;no_action,retry_link,False,0.0,,1
TXN001553,CUST00437,1391,24840.95,0.5,186.73,0,35,480.51,payment_failed,otp_timeout,2026-06-23T23:13:11.473550,23,1,0,,False,retry_link;reminder;discount_offer;escalate_to_human;no_action,no_action,False,0.0,,0
TXN001554,CUST00173,1083,5127.84,1.0,397.53,2,13,210.89,payment_failed,insufficient_funds,2026-06-23T23:44:03.754312,23,1,0,2026-06-10T17:10:48.716765,False,retry_link;reminder;discount_offer;escalate_to_human;no_action,reminder,True,210.89,3.5,0
TXN001555,CUST01438,479,10355.09,0.333,191.68,1,11,148.78,checkout_abandoned,insufficient_funds,2026-06-23T23:50:11.908756,23,1,0,2026-06-17T13:07:29.981288,False,retry_link;reminder;discount_offer;escalate_to_human;no_action,retry_link,True,148.78,1.43,2
TXN001556,CUST01180,912,2670.36,0.0,419.64,0,70,585.95,checkout_abandoned,insufficient_funds,2026-06-23T23:56:48.988240,23,1,0,,False,retry_link;reminder;discount_offer;escalate_to_human;no_action,retry_link,False,0.0,,1
TXN001557,CUST00901,64,5173.03,0.5,369.19,0,30,379.96,payment_failed,price_hesitation,2026-06-24T00:09:17.528544,0,2,0,,False,retry_link;reminder;discount_offer;escalate_to_human;no_action,escalate_to_human,True,379.96,3.02,0
TXN001558,CUST00966,902,2718.55,0.0,183.34,0,129,103.23,checkout_abandoned,otp_timeout,2026-06-24T00:35:49.871653,0,2,0,2026-06-18T23:17:42.158843,False,retry_link;reminder;discount_offer;escalate_to_human;no_action,escalate_to_human,False,0.0,,3
TXN001559,CUST00372,615,11783.15,0.5,437.86,1,10,363.15,payment_failed,bank_decline,2026-06-24T00:48:05.284244,0,2,0,2026-06-13T07:05:04.248959,False,retry_link;reminder;discount_offer;escalate_to_human;no_action,discount_offer,False,0.0,,1
TXN001560,CUST00425,300,10499.84,0.0,300.71,0,113,297.76,payment_failed,insufficient_funds,2026-06-24T01:34:35.012414,1,2,0,,False,retry_link;reminder;discount_offer;escalate_to_human;no_action,escalate_to_human,False,0.0,,1
TXN001561,CUST01307,357,280.88,0.5,149.28,0,109,154.8,payment_failed,gateway_error,2026-06-24T02:50:08.412996,2,2,0,,False,retry_link;reminder;discount_offer;escalate_to_human;no_action,retry_link,False,0.0,,0
TXN001562,CUST01437,979,2017.47,0.5,1042.38,0,22,1363.15,payment_failed,insufficient_funds,2026-06-24T03:13:36.373880,3,2,0,,False,retry_link;reminder;discount_offer;escalate_to_human;no_action,retry_link,False,0.0,,0
TXN001563,CUST01309,1279,2904.77,0.0,308.8,0,54,258.91,checkout_abandoned,gateway_error,2026-06-24T03:18:01.217513,3,2,0,2026-06-17T03:19:26.516786,True,no_action,no_action,False,0.0,,3
TXN001564,CUST00555,757,5042.67,0.5,1604.94,0,55,1972.31,checkout_abandoned,otp_timeout,2026-06-24T03:38:23.300138,3,2,0,,False,retry_link;reminder;discount_offer;escalate_to_human;no_action,escalate_to_human,True,1972.31,3.48,0
TXN001565,CUST01067,961,853.02,0.0,628.89,0,126,493.63,checkout_abandoned,insufficient_funds,2026-06-24T04:40:35.282824,4,2,0,,False,retry_link;reminder;discount_offer;escalate_to_human;no_action,reminder,False,0.0,,1
TXN001566,CUST00119,172,3396.38,0.5,548.05,0,92,363.05,payment_failed,otp_timeout,2026-06-24T05:42:00.028094,5,2,0,,False,retry_link;reminder;discount_offer;escalate_to_human;no_action,discount_offer,True,363.05,9.27,0
TXN001567,CUST01403,484,5294.58,0.5,620.95,0,63,469.2,checkout_abandoned,bank_decline,2026-06-24T06:26:05.748496,6,2,0,,False,retry_link;reminder;discount_offer;escalate_to_human;no_action,escalate_to_human,False,0.0,,0
TXN001568,CUST00659,432,24858.94,0.5,418.99,0,47,747.1,payment_failed,bank_decline,2026-06-24T06:30:30.333536,6,2,0,,False,retry_link;reminder;discount_offer;escalate_to_human;no_action,retry_link,False,0.0,,0
TXN001569,CUST00861,1391,4153.35,1.0,169.82,1,8,330.28,payment_failed,gateway_error,2026-06-24T06:50:18.902989,6,2,0,2026-06-16T00:00:46.055637,False,retry_link;reminder;discount_offer;escalate_to_human;no_action,retry_link,True,330.28,7.18,0
TXN001570,CUST00914,888,6710.14,0.5,240.83,0,113,216.26,checkout_abandoned,insufficient_funds,2026-06-24T06:55:00.575636,6,2,0,,False,retry_link;reminder;discount_offer;escalate_to_human;no_action,no_action,False,0.0,,0
TXN001571,CUST01071,314,4872.22,0.0,390.1,0,99,468.82,checkout_abandoned,price_hesitation,2026-06-24T07:35:35.266945,7,2,0,2026-06-15T18:08:41.236577,False,retry_link;reminder;discount_offer;escalate_to_human;no_action,no_action,False,0.0,,2
TXN001572,CUST01070,1012,793.01,0.333,289.95,1,1,366.49,checkout_abandoned,bank_decline,2026-06-24T07:37:49.097632,7,2,0,2026-06-22T23:37:29.415092,False,retry_link;reminder;discount_offer;escalate_to_human;no_action,no_action,False,0.0,,2
TXN001573,CUST00443,733,936.31,1.0,140.15,1,15,239.93,checkout_abandoned,price_hesitation,2026-06-24T07:57:51.115250,7,2,0,2026-06-08T20:58:55.162724,False,retry_link;reminder;discount_offer;escalate_to_human;no_action,no_action,False,0.0,,0
TXN001574,CUST00249,63,5105.5,0.5,333.51,0,51,175.05,checkout_abandoned,gateway_error,2026-06-24T07:58:27.993384,7,2,0,,False,retry_link;reminder;discount_offer;escalate_to_human;no_action,discount_offer,True,175.05,4.18,0
TXN001575,CUST01445,54,19378.75,0.0,127.85,0,100,207.14,payment_failed,insufficient_funds,2026-06-24T08:05:10.059013,8,2,0,2026-06-23T04:05:33.418889,False,retry_link;reminder;discount_offer;escalate_to_human;no_action,discount_offer,False,0.0,,1
TXN001576,CUST00971,628,871.5,0.5,201.72,0,117,137.93,checkout_abandoned,gateway_error,2026-06-24T08:12:12.865449,8,2,0,,False,retry_link;reminder;discount_offer;escalate_to_human;no_action,discount_offer,True,137.93,0.44,0
TXN001577,CUST00327,57,8927.16,0.0,1110.3,0,130,1197.84,checkout_abandoned,insufficient_funds,2026-06-24T09:20:25.057627,9,2,0,,False,retry_link;reminder;discount_offer;escalate_to_human;no_action,reminder,True,1197.84,0.78,1
TXN001578,CUST00237,648,57942.84,1.0,229.81,1,22,297.95,payment_failed,gateway_error,2026-06-24T09:21:34.769398,9,2,0,2026-06-01T15:53:13.109547,False,retry_link;reminder;discount_offer;escalate_to_human;no_action,discount_offer,True,297.95,13.22,0
TXN001579,CUST00164,627,1476.37,1.0,497.91,1,6,247.17,payment_failed,price_hesitation,2026-06-24T09:23:46.662056,9,2,0,2026-06-17T23:18:13.658848,False,retry_link;reminder;discount_offer;escalate_to_human;no_action,retry_link,False,0.0,,0
TXN001580,CUST00208,396,3806.65,0.5,326.98,0,43,326.31,payment_failed,bank_decline,2026-06-24T09:34:14.598054,9,2,0,,False,retry_link;reminder;discount_offer;escalate_to_human;no_action,discount_offer,True,326.31,4.44,0
TXN001581,CUST01393,1113,6114.61,0.5,250.12,0,85,391.32,payment_failed,otp_timeout,2026-06-24T09:36:18.764593,9,2,0,,False,retry_link;reminder;discount_offer;escalate_to_human;no_action,retry_link,True,391.32,7.75,0
TXN001582,CUST00332,465,5544.78,0.5,254.63,0,52,145.24,checkout_abandoned,gateway_error,2026-06-24T09:47:26.199157,9,2,0,,False,retry_link;reminder;discount_offer;escalate_to_human;no_action,retry_link,True,145.24,20.99,0
TXN001583,CUST01289,933,9781.45,0.5,177.33,0,56,206.17,payment_failed,gateway_error,2026-06-24T09:58:22.495754,9,2,0,,False,retry_link;reminder;discount_offer;escalate_to_human;no_action,retry_link,True,206.17,18.04,0
TXN001584,CUST00904,688,6073.34,0.5,382.06,0,12,273.72,checkout_abandoned,insufficient_funds,2026-06-24T10:16:23.490088,10,2,0,,False,retry_link;reminder;discount_offer;escalate_to_human;no_action,retry_link,True,273.72,3.61,0
TXN001585,CUST00999,769,1127.52,0.5,602.51,0,40,1096.32,payment_failed,insufficient_funds,2026-06-24T10:24:07.390773,10,2,0,,False,retry_link;reminder;discount_offer;escalate_to_human;no_action,escalate_to_human,True,1096.32,9.42,0
TXN001586,CUST01370,1321,6091.29,0.5,320.62,0,21,158.12,payment_failed,gateway_error,2026-06-24T10:46:26.115809,10,2,0,,False,retry_link;reminder;discount_offer;escalate_to_human;no_action,no_action,False,0.0,,0
TXN001587,CUST00324,1462,2124.82,0.0,321.39,0,94,273.2,checkout_abandoned,insufficient_funds,2026-06-24T11:04:20.889888,11,2,0,,False,retry_link;reminder;discount_offer;escalate_to_human;no_action,retry_link,False,0.0,,1
TXN001588,CUST00004,650,1780.81,0.0,170.75,0,99,178.32,payment_failed,otp_timeout,2026-06-24T11:13:41.527725,11,2,0,2026-06-13T03:19:09.346424,False,retry_link;reminder;discount_offer;escalate_to_human;no_action,reminder,False,0.0,,1
TXN001589,CUST00570,1423,5923.47,0.5,802.52,0,86,938.19,payment_failed,bank_decline,2026-06-24T11:30:19.625044,11,2,0,,False,retry_link;reminder;discount_offer;escalate_to_human;no_action,escalate_to_human,True,938.19,1.39,0
TXN001590,CUST00426,1296,8270.05,0.5,883.78,0,6,785.37,payment_failed,price_hesitation,2026-06-24T11:53:23.688060,11,2,0,,False,retry_link;reminder;discount_offer;escalate_to_human;no_action,escalate_to_human,True,785.37,2.32,0
TXN001591,CUST00943,711,35529.42,0.0,495.7,0,22,479.43,payment_failed,insufficient_funds,2026-06-24T12:07:35.020680,12,2,0,2026-06-14T01:41:46.271607,False,retry_link;reminder;discount_offer;escalate_to_human;no_action,discount_offer,False,0.0,,3
TXN001592,CUST01364,832,15133.23,0.5,397.58,0,93,396.02,payment_failed,otp_timeout,2026-06-24T12:31:43.743102,12,2,0,,False,retry_link;reminder;discount_offer;escalate_to_human;no_action,no_action,False,0.0,,0
TXN001593,CUST01485,1294,3555.38,0.5,287.36,0,23,271.17,payment_failed,gateway_error,2026-06-24T12:36:19.926612,12,2,0,,False,retry_link;reminder;discount_offer;escalate_to_human;no_action,reminder,True,271.17,0.01,0
TXN001594,CUST00274,627,4355.93,0.5,635.49,0,58,742.56,payment_failed,gateway_error,2026-06-24T12:50:44.714361,12,2,0,,False,retry_link;reminder;discount_offer;escalate_to_human;no_action,escalate_to_human,True,742.56,7.79,0
TXN001595,CUST01484,622,16138.16,0.5,451.88,0,10,355.84,checkout_abandoned,otp_timeout,2026-06-24T13:08:03.315500,13,2,0,,False,retry_link;reminder;discount_offer;escalate_to_human;no_action,escalate_to_human,False,0.0,,0
TXN001596,CUST00622,248,7965.62,0.5,467.89,0,108,689.14,checkout_abandoned,bank_decline,2026-06-24T13:26:09.322100,13,2,0,,False,retry_link;reminder;discount_offer;escalate_to_human;no_action,escalate_to_human,False,0.0,,0
TXN001597,CUST00099,210,1403.36,0.5,280.83,1,9,470.43,payment_failed,insufficient_funds,2026-06-24T14:06:21.149949,14,2,0,2026-06-03T04:08:05.752956,False,retry_link;reminder;discount_offer;escalate_to_human;no_action,discount_offer,False,0.0,,1
TXN001598,CUST00037,1241,12588.28,0.0,382.99,0,104,893.83,checkout_abandoned,otp_timeout,2026-06-24T15:11:15.035137,15,2,0,2026-06-22T14:57:48.214765,False,retry_link;reminder;discount_offer;escalate_to_human;no_action,no_action,False,0.0,,1
TXN001599,CUST01282,590,7922.09,1.0,483.72,1,14,616.41,payment_failed,insufficient_funds,2026-06-24T15:26:06.558074,15,2,0,2026-06-10T04:32:57.202260,False,retry_link;reminder;discount_offer;escalate_to_human;no_action,reminder,False,0.0,,0
TXN001600,CUST00845,9,2444.77,0.0,331.12,0,104,261.36,payment_failed,insufficient_funds,2026-06-24T15:29:38.145166,15,2,0,2026-06-12T14:45:53.758699,False,retry_link;reminder;discount_offer;escalate_to_human;no_action,reminder,False,0.0,,1
TXN001601,CUST00904,688,6073.34,1.0,382.06,1,0,290.44,payment_failed,insufficient_funds,2026-06-24T15:59:51.157583,15,2,1,2026-06-24T10:16:23.490088,False,retry_link;reminder;discount_offer;escalate_to_human;no_action,escalate_to_human,True,290.44,3.46,0
TXN001602,CUST00591,1354,11908.73,0.0,265.43,0,21,351.94,payment_failed,price_hesitation,2026-06-24T16:49:09.485926,16,2,0,,False,retry_link;reminder;discount_offer;escalate_to_human;no_action,retry_link,True,351.94,9.13,1
TXN001603,CUST00989,1181,4103.73,0.0,237.7,0,10,168.21,payment_failed,price_hesitation,2026-06-24T17:56:07.476254,17,2,0,,False,retry_link;reminder;discount_offer;escalate_to_human;no_action,discount_offer,False,0.0,,1
TXN001604,CUST01121,127,4974.52,0.25,522.42,1,12,234.71,payment_failed,insufficient_funds,2026-06-24T18:04:28.440556,18,2,0,2026-06-12T07:46:51.119690,True,no_action,no_action,False,0.0,,3
TXN001605,CUST00772,8,2478.0,0.5,318.8,0,98,315.23,checkout_abandoned,insufficient_funds,2026-06-24T18:19:10.170684,18,2,0,,False,retry_link;reminder;discount_offer;escalate_to_human;no_action,reminder,False,0.0,,0
TXN001606,CUST01253,1190,31768.97,0.0,459.56,0,40,629.3,payment_failed,insufficient_funds,2026-06-24T18:47:21.151711,18,2,0,2026-06-10T03:39:58.005181,True,no_action,no_action,False,0.0,,1
TXN001607,CUST00732,1382,4377.59,0.0,276.79,0,21,450.5,checkout_abandoned,bank_decline,2026-06-24T18:47:40.604592,18,2,0,2026-06-23T11:52:06.283396,False,retry_link;reminder;discount_offer;escalate_to_human;no_action,escalate_to_human,False,0.0,,1
TXN001608,CUST00230,695,738.18,0.5,239.59,1,13,211.26,payment_failed,insufficient_funds,2026-06-24T18:57:55.941421,18,2,0,2026-06-15T23:37:09.966704,False,retry_link;reminder;discount_offer;escalate_to_human;no_action,discount_offer,True,211.26,11.52,1
TXN001609,CUST00456,223,2125.64,0.5,845.11,0,109,884.77,payment_failed,insufficient_funds,2026-06-24T19:11:17.934616,19,2,0,,False,retry_link;reminder;discount_offer;escalate_to_human;no_action,discount_offer,True,884.77,27.33,0
TXN001610,CUST00469,1399,4208.72,0.0,105.02,0,106,90.02,payment_failed,price_hesitation,2026-06-24T19:12:30.752828,19,2,0,2026-06-20T09:07:51.667114,False,retry_link;reminder;discount_offer;escalate_to_human;no_action,reminder,True,90.02,4.98,1
TXN001611,CUST01300,1139,4994.78,0.5,213.49,0,36,239.9,payment_failed,price_hesitation,2026-06-24T19:44:58.390119,19,2,0,,False,retry_link;reminder;discount_offer;escalate_to_human;no_action,discount_offer,True,239.9,14.86,0
TXN001612,CUST00788,817,44234.73,1.0,280.83,1,8,230.11,payment_failed,bank_decline,2026-06-24T19:59:50.571873,19,2,0,2026-06-15T20:01:03.264580,False,retry_link;reminder;discount_offer;escalate_to_human;no_action,no_action,False,0.0,,0
TXN001613,CUST00610,1250,622.79,0.5,190.73,0,112,151.76,payment_failed,insufficient_funds,2026-06-24T20:30:09.147256,20,2,0,,False,retry_link;reminder;discount_offer;escalate_to_human;no_action,retry_link,False,0.0,,0
TXN001614,CUST00172,1157,3136.22,0.0,122.01,0,28,141.72,payment_failed,bank_decline,2026-06-24T20:38:40.608519,20,2,0,2026-06-15T07:05:23.919826,False,retry_link;reminder;discount_offer;escalate_to_human;no_action,escalate_to_human,False,0.0,,3
TXN001615,CUST00545,81,4328.39,0.5,217.8,0,82,193.97,payment_failed,bank_decline,2026-06-24T21:00:24.570802,21,2,0,,False,retry_link;reminder;discount_offer;escalate_to_human;no_action,retry_link,False,0.0,,0
TXN001616,CUST00801,453,238.74,1.0,813.01,1,17,724.97,payment_failed,insufficient_funds,2026-06-24T21:28:56.523402,21,2,0,2026-06-06T23:06:11.982483,False,retry_link;reminder;discount_offer;escalate_to_human;no_action,reminder,False,0.0,,0
TXN001617,CUST00263,1387,11038.47,0.0,323.28,0,44,372.17,payment_failed,gateway_error,2026-06-24T22:33:36.300797,22,2,0,2026-06-15T09:41:11.392705,False,retry_link;reminder;discount_offer;escalate_to_human;no_action,no_action,False,0.0,,2
TXN001618,CUST00532,234,2045.5,0.5,125.03,0,76,107.97,checkout_abandoned,gateway_error,2026-06-24T23:21:29.879997,23,2,0,,False,retry_link;reminder;discount_offer;escalate_to_human;no_action,retry_link,False,0.0,,0
TXN001619,CUST01090,754,573.58,0.0,243.79,0,37,217.45,checkout_abandoned,bank_decline,2026-06-24T23:28:17.869823,23,2,0,2026-06-05T15:35:09.132133,False,retry_link;reminder;discount_offer;escalate_to_human;no_action,no_action,False,0.0,,1
TXN001620,CUST00051,292,21919.74,0.0,171.7,0,87,162.31,payment_failed,insufficient_funds,2026-06-24T23:35:55.985156,23,2,0,,True,no_action,no_action,False,0.0,,2
TXN001621,CUST01427,1353,13769.71,0.5,260.91,0,11,350.34,payment_failed,price_hesitation,2026-06-25T00:07:37.050745,0,3,0,,False,retry_link;reminder;discount_offer;escalate_to_human;no_action,retry_link,False,0.0,,0
TXN001622,CUST00916,814,705.04,0.0,705.89,0,121,1081.8,payment_failed,gateway_error,2026-06-25T00:57:57.893015,0,3,0,2026-06-08T02:21:59.964037,True,no_action,no_action,False,0.0,,2
TXN001623,CUST00931,1049,19933.78,0.5,191.45,0,39,288.03,checkout_abandoned,otp_timeout,2026-06-25T01:07:23.936512,1,3,0,,False,retry_link;reminder;discount_offer;escalate_to_human;no_action,retry_link,True,288.03,21.54,0
TXN001624,CUST00855,1274,1225.83,0.5,197.49,0,24,83.69,payment_failed,otp_timeout,2026-06-25T01:32:55.959266,1,3,0,,False,retry_link;reminder;discount_offer;escalate_to_human;no_action,retry_link,False,0.0,,0
TXN001625,CUST00052,546,6507.66,0.0,482.4,0,92,446.0,payment_failed,gateway_error,2026-06-25T01:47:05.676001,1,3,0,2026-06-03T07:43:10.063392,False,retry_link;reminder;discount_offer;escalate_to_human;no_action,reminder,True,446.0,5.93,1
TXN001626,CUST00049,1167,31256.99,0.5,251.32,1,12,195.8,payment_failed,gateway_error,2026-06-25T02:22:49.911759,2,3,0,2026-06-16T11:40:33.224020,False,retry_link;reminder;discount_offer;escalate_to_human;no_action,retry_link,True,195.8,7.48,1
TXN001627,CUST01337,445,671.0,0.5,422.36,0,101,276.04,payment_failed,price_hesitation,2026-06-25T02:26:11.459430,2,3,0,,False,retry_link;reminder;discount_offer;escalate_to_human;no_action,reminder,False,0.0,,0
TXN001628,CUST00791,682,8981.67,0.5,267.22,0,110,156.1,payment_failed,price_hesitation,2026-06-25T02:42:06.926162,2,3,0,,False,retry_link;reminder;discount_offer;escalate_to_human;no_action,retry_link,True,156.1,4.82,0
TXN001629,CUST00779,1275,1339.93,0.0,270.3,0,66,246.7,payment_failed,insufficient_funds,2026-06-25T02:59:30.560377,2,3,0,,False,retry_link;reminder;discount_offer;escalate_to_human;no_action,retry_link,True,246.7,4.14,1
TXN001630,CUST01051,548,5319.95,0.5,271.58,0,32,290.56,payment_failed,price_hesitation,2026-06-25T04:18:05.723231,4,3,0,,False,retry_link;reminder;discount_offer;escalate_to_human;no_action,escalate_to_human,False,0.0,,0
TXN001631,CUST00042,1051,11092.4,0.0,358.86,0,50,247.67,payment_failed,price_hesitation,2026-06-25T05:03:13.912865,5,3,0,,False,retry_link;reminder;discount_offer;escalate_to_human;no_action,retry_link,False,0.0,,1
TXN001632,CUST00601,1168,2652.27,0.5,395.18,0,9,687.43,payment_failed,otp_timeout,2026-06-25T05:16:07.065231,5,3,0,,False,retry_link;reminder;discount_offer;escalate_to_human;no_action,reminder,True,687.43,12.25,0
TXN001633,CUST00586,1034,1642.44,1.0,930.46,1,11,1082.54,payment_failed,price_hesitation,2026-06-25T05:22:28.995318,5,3,0,2026-06-14T02:09:39.267729,False,retry_link;reminder;discount_offer;escalate_to_human;no_action,reminder,True,1082.54,10.0,0
TXN001634,CUST00076,495,14695.13,0.5,1546.13,0,15,1873.42,payment_failed,bank_decline,2026-06-25T05:31:18.001348,5,3,0,,False,retry_link;reminder;discount_offer;escalate_to_human;no_action,retry_link,False,0.0,,0
TXN001635,CUST01133,1144,10294.1,0.0,203.68,0,100,344.51,payment_failed,insufficient_funds,2026-06-25T05:45:18.287213,5,3,0,2026-06-05T13:49:47.154872,False,retry_link;reminder;discount_offer;escalate_to_human;no_action,retry_link,False,0.0,,1
TXN001636,CUST00830,369,876.76,0.0,600.35,0,34,968.87,checkout_abandoned,otp_timeout,2026-06-25T06:05:29.527524,6,3,0,2026-06-07T05:16:16.792538,False,retry_link;reminder;discount_offer;escalate_to_human;no_action,discount_offer,True,968.87,0.46,1
TXN001637,CUST01494,615,1894.94,0.0,206.63,0,75,143.45,payment_failed,otp_timeout,2026-06-25T06:12:34.007341,6,3,0,,False,retry_link;reminder;discount_offer;escalate_to_human;no_action,retry_link,True,143.45,1.04,1
TXN001638,CUST00857,86,15239.7,0.0,117.31,0,95,92.5,payment_failed,insufficient_funds,2026-06-25T06:39:54.778727,6,3,0,2026-06-09T19:46:04.875031,False,retry_link;reminder;discount_offer;escalate_to_human;no_action,reminder,False,0.0,,3
TXN001639,CUST00089,1248,6241.37,0.5,386.39,0,61,392.37,checkout_abandoned,insufficient_funds,2026-06-25T06:51:14.067368,6,3,0,,False,retry_link;reminder;discount_offer;escalate_to_human;no_action,escalate_to_human,False,0.0,,0
TXN001640,CUST00721,1396,7307.46,1.0,705.63,1,21,678.14,payment_failed,gateway_error,2026-06-25T06:59:17.117039,6,3,0,2026-06-04T02:41:50.495907,False,retry_link;reminder;discount_offer;escalate_to_human;no_action,retry_link,True,678.14,4.15,0
TXN001641,CUST00770,978,2495.08,0.5,485.14,0,24,1081.21,checkout_abandoned,price_hesitation,2026-06-25T07:18:19.585326,7,3,0,,False,retry_link;reminder;discount_offer;escalate_to_human;no_action,escalate_to_human,True,1081.21,2.64,0
TXN001642,CUST00491,1301,2869.85,0.5,504.68,1,9,894.8,payment_failed,insufficient_funds,2026-06-25T07:22:13.314981,7,3,0,2026-06-15T20:43:39.026863,False,retry_link;reminder;discount_offer;escalate_to_human;no_action,no_action,False,0.0,,1
TXN001643,CUST00287,858,3254.11,1.0,409.64,1,13,379.09,payment_failed,insufficient_funds,2026-06-25T07:48:05.228732,7,3,0,2026-06-12T02:08:21.700647,False,retry_link;reminder;discount_offer;escalate_to_human;no_action,retry_link,True,379.09,3.64,0
TXN001644,CUST00561,66,451.39,0.5,222.15,0,44,219.28,checkout_abandoned,insufficient_funds,2026-06-25T08:40:57.242309,8,3,0,,False,retry_link;reminder;discount_offer;escalate_to_human;no_action,discount_offer,False,0.0,,0
TXN001645,CUST01168,1497,882.43,1.0,130.38,1,13,95.62,payment_failed,insufficient_funds,2026-06-25T08:57:58.766833,8,3,0,2026-06-11T18:28:51.840508,False,retry_link;reminder;discount_offer;escalate_to_human;no_action,no_action,False,0.0,,0
TXN001646,CUST00982,821,5741.99,1.0,274.86,1,9,295.73,payment_failed,price_hesitation,2026-06-25T09:26:46.183656,9,3,0,2026-06-15T09:57:46.335731,False,retry_link;reminder;discount_offer;escalate_to_human;no_action,escalate_to_human,False,0.0,,0
TXN001647,CUST01063,1058,1666.1,1.0,722.49,4,3,529.37,payment_failed,price_hesitation,2026-06-25T09:31:56.157985,9,3,0,2026-06-21T16:17:43.174255,False,retry_link;reminder;discount_offer;escalate_to_human;no_action,no_action,True,529.37,4.11,0
TXN001648,CUST01129,974,10173.24,0.333,190.52,1,7,98.25,checkout_abandoned,gateway_error,2026-06-25T10:41:21.717278,10,3,0,2026-06-22T06:59:40.457546,False,retry_link;reminder;discount_offer;escalate_to_human;no_action,no_action,False,0.0,,2
TXN001649,CUST00924,373,952.11,0.0,260.17,0,53,405.03,payment_failed,insufficient_funds,2026-06-25T10:43:44.227231,10,3,0,,True,no_action,no_action,False,0.0,,1
TXN001650,CUST00939,763,5661.72,0.0,217.25,0,86,132.3,payment_failed,insufficient_funds,2026-06-25T11:04:46.953696,11,3,0,2026-06-18T11:57:12.504296,False,retry_link;reminder;discount_offer;escalate_to_human;no_action,discount_offer,False,0.0,,2
TXN001651,CUST00795,443,6193.9,0.5,235.09,0,55,184.89,payment_failed,price_hesitation,2026-06-25T11:43:15.511154,11,3,0,,False,retry_link;reminder;discount_offer;escalate_to_human;no_action,discount_offer,True,184.89,2.08,0
TXN001652,CUST00382,1421,9491.78,1.0,313.34,1,18,280.09,checkout_abandoned,price_hesitation,2026-06-25T12:46:59.849003,12,3,0,2026-06-06T15:57:50.942608,False,retry_link;reminder;discount_offer;escalate_to_human;no_action,reminder,True,280.09,2.63,0
TXN001653,CUST00753,1404,408.93,1.0,232.66,1,15,202.98,checkout_abandoned,price_hesitation,2026-06-25T13:19:38.267112,13,3,0,2026-06-10T10:16:34.604389,False,retry_link;reminder;discount_offer;escalate_to_human;no_action,reminder,True,202.98,7.37,0
TXN001654,CUST00214,1105,6909.01,1.0,285.55,1,6,203.78,checkout_abandoned,bank_decline,2026-06-25T13:31:23.583289,13,3,0,2026-06-19T07:25:12.793571,False,retry_link;reminder;discount_offer;escalate_to_human;no_action,no_action,False,0.0,,0
TXN001655,CUST01207,1081,1605.28,0.0,452.62,0,48,413.48,checkout_abandoned,bank_decline,2026-06-25T13:32:13.356048,13,3,0,,False,retry_link;reminder;discount_offer;escalate_to_human;no_action,retry_link,False,0.0,,1
TXN001656,CUST00167,251,3058.03,0.0,493.31,0,39,510.34,checkout_abandoned,insufficient_funds,2026-06-25T15:29:02.877911,15,3,0,,False,retry_link;reminder;discount_offer;escalate_to_human;no_action,escalate_to_human,False,0.0,,1
TXN001657,CUST00202,743,5603.51,0.0,837.09,0,39,967.58,payment_failed,otp_timeout,2026-06-25T16:33:14.097559,16,3,0,2026-06-14T08:33:12.222890,False,retry_link;reminder;discount_offer;escalate_to_human;no_action,escalate_to_human,False,0.0,,1
TXN001658,CUST00723,180,23922.53,0.0,276.98,0,48,151.33,checkout_abandoned,bank_decline,2026-06-25T16:42:04.198332,16,3,0,,False,retry_link;reminder;discount_offer;escalate_to_human;no_action,escalate_to_human,False,0.0,,1
TXN001659,CUST00603,202,880.8,0.5,177.91,0,42,105.66,payment_failed,bank_decline,2026-06-25T16:44:00.932920,16,3,0,,False,retry_link;reminder;discount_offer;escalate_to_human;no_action,discount_offer,True,105.66,4.02,0
TXN001660,CUST00337,476,7725.56,0.5,546.61,0,28,357.73,checkout_abandoned,otp_timeout,2026-06-25T18:12:32.185676,18,3,0,,False,retry_link;reminder;discount_offer;escalate_to_human;no_action,reminder,False,0.0,,0
TXN001661,CUST00045,1456,690.92,0.5,530.39,0,96,860.78,checkout_abandoned,otp_timeout,2026-06-25T18:23:12.159271,18,3,0,,False,retry_link;reminder;discount_offer;escalate_to_human;no_action,discount_offer,False,0.0,,0
TXN001662,CUST01166,33,1525.51,0.667,325.69,2,19,594.32,payment_failed,price_hesitation,2026-06-25T18:32:07.491890,18,3,0,2026-06-06T15:16:10.298192,False,retry_link;reminder;discount_offer;escalate_to_human;no_action,discount_offer,True,594.32,3.98,1
TXN001663,CUST00547,887,10181.11,1.0,945.38,2,12,1305.65,payment_failed,insufficient_funds,2026-06-25T18:48:32.523774,18,3,0,2026-06-13T18:42:07.903436,False,retry_link;reminder;discount_offer;escalate_to_human;no_action,no_action,False,0.0,,0
TXN001664,CUST01180,912,2670.36,0.0,419.64,0,72,435.54,payment_failed,insufficient_funds,2026-06-25T18:55:38.611021,18,3,0,2026-06-23T23:56:48.988240,False,retry_link;reminder;discount_offer;escalate_to_human;no_action,discount_offer,False,0.0,,2
TXN001665,CUST00255,217,1562.83,1.0,337.61,1,11,323.48,payment_failed,insufficient_funds,2026-06-25T19:56:41.030569,19,3,0,2026-06-14T08:09:13.160602,False,retry_link;reminder;discount_offer;escalate_to_human;no_action,retry_link,False,0.0,,0
TXN001666,CUST00822,205,6378.26,0.5,193.66,0,48,244.6,payment_failed,price_hesitation,2026-06-25T20:45:02.175355,20,3,0,,False,retry_link;reminder;discount_offer;escalate_to_human;no_action,no_action,False,0.0,,0
TXN001667,CUST00252,283,6281.94,0.0,402.08,0,95,452.29,payment_failed,bank_decline,2026-06-25T21:04:08.038382,21,3,0,2026-06-05T04:11:41.517695,False,retry_link;reminder;discount_offer;escalate_to_human;no_action,discount_offer,True,452.29,2.33,1
TXN001668,CUST00695,380,1924.89,1.0,1060.78,1,19,1059.07,payment_failed,insufficient_funds,2026-06-25T21:27:09.768271,21,3,0,2026-06-05T21:39:30.360362,False,retry_link;reminder;discount_offer;escalate_to_human;no_action,no_action,False,0.0,,0
TXN001669,CUST00993,647,4339.5,0.0,178.55,0,83,208.17,payment_failed,insufficient_funds,2026-06-25T21:38:44.491716,21,3,0,2026-06-21T19:42:27.994605,False,retry_link;reminder;discount_offer;escalate_to_human;no_action,reminder,False,0.0,,1
TXN001670,CUST00911,276,1970.72,0.333,221.01,1,23,167.88,payment_failed,insufficient_funds,2026-06-25T21:59:53.015804,21,3,0,2026-06-10T04:31:01.444334,False,retry_link;reminder;discount_offer;escalate_to_human;no_action,reminder,False,0.0,,2
TXN001671,CUST01478,346,3879.01,0.333,174.65,1,3,240.76,payment_failed,otp_timeout,2026-06-25T22:00:29.793971,22,3,0,2026-06-22T16:07:27.359943,False,retry_link;reminder;discount_offer;escalate_to_human;no_action,retry_link,False,0.0,,2
TXN001672,CUST00481,1244,2878.97,0.0,169.49,0,65,182.34,checkout_abandoned,gateway_error,2026-06-25T22:01:42.035874,22,3,0,2026-06-10T21:55:57.196786,False,retry_link;reminder;discount_offer;escalate_to_human;no_action,escalate_to_human,True,182.34,14.59,2
TXN001673,CUST00022,274,1599.29,0.0,143.14,0,111,169.06,checkout_abandoned,insufficient_funds,2026-06-25T23:19:25.937482,23,3,0,2026-06-20T06:43:46.429828,False,retry_link;reminder;discount_offer;escalate_to_human;no_action,no_action,False,0.0,,1
TXN001674,CUST00904,688,6073.34,1.0,382.06,2,1,458.07,checkout_abandoned,otp_timeout,2026-06-25T23:55:37.964652,23,3,0,2026-06-24T15:59:51.157583,False,retry_link;reminder;discount_offer;escalate_to_human;no_action,retry_link,True,458.07,9.06,0
TXN001675,CUST01123,366,946.61,0.5,528.1,0,64,748.64,payment_failed,insufficient_funds,2026-06-26T00:04:15.287961,0,4,0,,False,retry_link;reminder;discount_offer;escalate_to_human;no_action,reminder,True,748.64,0.68,0
TXN001676,CUST00929,867,2290.32,0.5,381.26,0,43,330.69,payment_failed,gateway_error,2026-06-26T00:05:24.404955,0,4,0,,False,retry_link;reminder;discount_offer;escalate_to_human;no_action,retry_link,True,330.69,0.23,0
TXN001677,CUST01376,1443,12809.02,1.0,255.56,1,5,227.97,checkout_abandoned,otp_timeout,2026-06-26T00:32:40.930521,0,4,0,2026-06-20T04:28:23.796437,False,retry_link;reminder;discount_offer;escalate_to_human;no_action,no_action,True,227.97,2.05,0
TXN001678,CUST01487,2,7953.93,1.0,472.56,1,24,324.62,checkout_abandoned,gateway_error,2026-06-26T00:50:31.431183,0,4,0,2026-06-01T05:21:21.499549,False,retry_link;reminder;discount_offer;escalate_to_human;no_action,discount_offer,True,324.62,12.06,0
TXN001679,CUST01126,1281,5094.74,1.0,385.28,1,22,375.57,payment_failed,price_hesitation,2026-06-26T01:00:12.122624,1,4,0,2026-06-03T18:42:00.553252,False,retry_link;reminder;discount_offer;escalate_to_human;no_action,retry_link,True,375.57,0.8,0
TXN001680,CUST00909,138,16084.76,0.0,412.33,0,59,343.4,payment_failed,insufficient_funds,2026-06-26T01:02:22.254308,1,4,0,2026-06-22T13:39:58.484725,False,retry_link;reminder;discount_offer;escalate_to_human;no_action,retry_link,False,0.0,,4
TXN001681,CUST00556,1104,2540.91,0.5,461.07,0,63,280.67,checkout_abandoned,price_hesitation,2026-06-26T01:20:42.547082,1,4,0,,False,retry_link;reminder;discount_offer;escalate_to_human;no_action,reminder,False,0.0,,0
TXN001682,CUST00080,1410,1940.01,1.0,246.13,1,2,349.67,checkout_abandoned,otp_timeout,2026-06-26T01:27:38.501332,1,4,0,2026-06-23T14:59:01.407923,False,retry_link;reminder;discount_offer;escalate_to_human;no_action,no_action,False,0.0,,0
TXN001683,CUST00757,575,989.45,1.0,306.43,1,17,299.31,payment_failed,insufficient_funds,2026-06-26T01:31:30.484077,1,4,0,2026-06-08T17:54:53.963432,False,retry_link;reminder;discount_offer;escalate_to_human;no_action,retry_link,True,299.31,1.45,0
TXN001684,CUST00645,493,7440.12,0.5,155.33,0,43,212.39,checkout_abandoned,gateway_error,2026-06-26T01:40:25.621657,1,4,0,,False,retry_link;reminder;discount_offer;escalate_to_human;no_action,retry_link,True,212.39,13.94,0
TXN001685,CUST00234,739,2245.51,0.5,258.19,0,94,173.4,payment_failed,bank_decline,2026-06-26T02:27:55.127384,2,4,0,,False,retry_link;reminder;discount_offer;escalate_to_human;no_action,discount_offer,False,0.0,,0
TXN001686,CUST00649,1272,14122.85,0.0,465.61,0,113,521.31,payment_failed,bank_decline,2026-06-26T03:05:08.532036,3,4,0,2026-06-02T21:46:06.089831,False,retry_link;reminder;discount_offer;escalate_to_human;no_action,escalate_to_human,True,521.31,22.71,1
TXN001687,CUST01051,548,5319.95,0.0,271.58,0,32,112.56,checkout_abandoned,insufficient_funds,2026-06-26T03:10:53.233823,3,4,1,2026-06-25T04:18:05.723231,False,retry_link;reminder;discount_offer;escalate_to_human;no_action,escalate_to_human,True,112.56,5.23,1
TXN001688,CUST00772,8,2478.0,0.0,318.8,0,99,363.18,payment_failed,gateway_error,2026-06-26T04:25:24.800610,4,4,0,2026-06-24T18:19:10.170684,False,retry_link;reminder;discount_offer;escalate_to_human;no_action,escalate_to_human,True,363.18,5.74,1
TXN001689,CUST01266,83,6113.28,0.5,512.73,0,59,440.77,checkout_abandoned,otp_timeout,2026-06-26T05:14:19.564172,5,4,0,,False,retry_link;reminder;discount_offer;escalate_to_human;no_action,reminder,False,0.0,,0
TXN001690,CUST00562,740,536.19,0.5,446.15,0,112,513.31,checkout_abandoned,gateway_error,2026-06-26T05:32:10.022949,5,4,0,,False,retry_link;reminder;discount_offer;escalate_to_human;no_action,escalate_to_human,True,513.31,0.47,0
TXN001691,CUST01345,1496,4063.67,0.5,903.21,0,42,959.17,payment_failed,price_hesitation,2026-06-26T05:43:01.960034,5,4,0,,False,retry_link;reminder;discount_offer;escalate_to_human;no_action,retry_link,False,0.0,,0
TXN001692,CUST00868,670,1663.21,0.0,362.29,0,23,299.7,checkout_abandoned,otp_timeout,2026-06-26T06:14:27.384812,6,4,0,2026-06-17T22:13:20.728992,False,retry_link;reminder;discount_offer;escalate_to_human;no_action,retry_link,True,299.7,10.18,2
TXN001693,CUST01137,550,15492.6,0.5,241.13,0,88,248.82,checkout_abandoned,bank_decline,2026-06-26T06:21:40.283425,6,4,0,,False,retry_link;reminder;discount_offer;escalate_to_human;no_action,reminder,False,0.0,,0
TXN001694,CUST00844,9,1747.18,0.5,277.54,0,41,219.09,payment_failed,price_hesitation,2026-06-26T06:35:52.787960,6,4,0,,False,retry_link;reminder;discount_offer;escalate_to_human;no_action,escalate_to_human,True,219.09,1.09,0
TXN001695,CUST01233,1125,2393.81,0.0,509.15,0,117,176.44,payment_failed,bank_decline,2026-06-26T07:35:01.494536,7,4,0,2026-06-15T04:59:25.403925,False,retry_link;reminder;discount_offer;escalate_to_human;no_action,no_action,False,0.0,,3
TXN001696,CUST00856,368,5076.44,0.5,328.53,0,11,855.92,payment_failed,price_hesitation,2026-06-26T07:55:01.010595,7,4,0,,False,retry_link;reminder;discount_offer;escalate_to_human;no_action,discount_offer,False,0.0,,0
TXN001697,CUST00035,96,17148.29,0.667,162.48,2,8,136.79,checkout_abandoned,bank_decline,2026-06-26T08:11:01.723171,8,4,0,2026-06-22T18:00:49.499555,False,retry_link;reminder;discount_offer;escalate_to_human;no_action,escalate_to_human,True,136.79,20.97,1
TXN001698,CUST00980,884,1421.19,1.0,234.11,2,2,200.11,checkout_abandoned,price_hesitation,2026-06-26T08:11:13.611034,8,4,0,2026-06-23T14:35:41.300065,False,retry_link;reminder;discount_offer;escalate_to_human;no_action,retry_link,True,200.11,1.49,0
TXN001699,CUST00562,740,536.19,1.0,446.15,1,0,881.27,checkout_abandoned,bank_decline,2026-06-26T08:46:34.916279,8,4,1,2026-06-26T05:32:10.022949,False,retry_link;reminder;discount_offer;escalate_to_human;no_action,discount_offer,False,0.0,,0
TXN001700,CUST00702,252,7552.12,0.0,153.89,0,109,256.93,payment_failed,otp_timeout,2026-06-26T08:54:19.394627,8,4,0,2026-06-13T08:18:01.377400,False,retry_link;reminder;discount_offer;escalate_to_human;no_action,no_action,False,0.0,,2
TXN001701,CUST00940,1036,67890.2,0.0,320.24,0,58,638.44,payment_failed,price_hesitation,2026-06-26T09:31:34.451323,9,4,0,2026-06-16T14:54:07.677253,False,retry_link;reminder;discount_offer;escalate_to_human;no_action,discount_offer,True,638.44,1.08,3
TXN001702,CUST00973,711,2737.87,0.5,162.66,0,8,172.62,payment_failed,insufficient_funds,2026-06-26T09:33:38.014833,9,4,0,,False,retry_link;reminder;discount_offer;escalate_to_human;no_action,reminder,True,172.62,0.68,0
TXN001703,CUST00501,978,20325.27,1.0,716.2,1,24,1488.34,checkout_abandoned,price_hesitation,2026-06-26T09:53:00.530330,9,4,0,2026-06-01T22:57:25.603603,False,retry_link;reminder;discount_offer;escalate_to_human;no_action,retry_link,True,1488.34,2.75,0
TXN001704,CUST01010,403,4447.25,0.5,252.31,0,56,99.91,checkout_abandoned,insufficient_funds,2026-06-26T10:16:56.642169,10,4,0,,False,retry_link;reminder;discount_offer;escalate_to_human;no_action,retry_link,False,0.0,,0
TXN001705,CUST00266,671,1048.7,0.333,352.22,1,15,464.14,checkout_abandoned,bank_decline,2026-06-26T10:22:44.904519,10,4,0,2026-06-22T11:33:28.077473,False,retry_link;reminder;discount_offer;escalate_to_human;no_action,discount_offer,False,0.0,,2
TXN001706,CUST00267,520,7073.74,0.5,549.37,0,68,860.65,checkout_abandoned,price_hesitation,2026-06-26T10:31:58.172131,10,4,0,,False,retry_link;reminder;discount_offer;escalate_to_human;no_action,reminder,True,860.65,7.97,0
TXN001707,CUST00864,1269,4310.02,0.0,249.01,0,103,198.44,payment_failed,otp_timeout,2026-06-26T10:33:31.475192,10,4,0,2026-06-22T08:33:53.720248,False,retry_link;reminder;discount_offer;escalate_to_human;no_action,reminder,False,0.0,,1
TXN001708,CUST00971,628,871.5,1.0,201.72,1,2,265.84,payment_failed,gateway_error,2026-06-26T10:34:52.079677,10,4,0,2026-06-24T08:12:12.865449,True,no_action,no_action,False,0.0,,0
TXN001709,CUST01259,1203,8413.02,0.0,333.97,0,53,352.69,checkout_abandoned,insufficient_funds,2026-06-26T11:04:01.083989,11,4,0,2026-06-12T23:18:57.708471,False,retry_link;reminder;discount_offer;escalate_to_human;no_action,retry_link,True,352.69,2.3,3
TXN001710,CUST00690,1494,3100.34,1.0,246.91,1,22,504.37,checkout_abandoned,price_hesitation,2026-06-26T11:14:59.817339,11,4,0,,True,no_action,no_action,True,504.37,0.82,0
TXN001711,CUST01348,1102,8811.06,0.5,443.35,0,76,203.98,payment_failed,price_hesitation,2026-06-26T11:39:00.898134,11,4,0,,False,retry_link;reminder;discount_offer;escalate_to_human;no_action,no_action,True,203.98,1.22,0
TXN001712,CUST00686,610,6512.62,0.5,655.6,1,4,1001.32,payment_failed,bank_decline,2026-06-26T11:41:26.939021,11,4,0,2026-06-22T02:38:56.968406,False,retry_link;reminder;discount_offer;escalate_to_human;no_action,escalate_to_human,True,1001.32,6.4,1
TXN001713,CUST00801,453,238.74,0.5,813.01,1,19,1470.81,payment_failed,insufficient_funds,2026-06-26T12:05:41.469421,12,4,0,2026-06-24T21:28:56.523402,False,retry_link;reminder;discount_offer;escalate_to_human;no_action,retry_link,True,1470.81,5.53,1
TXN001714,CUST00395,1311,5360.9,1.0,219.78,2,5,242.91,payment_failed,gateway_error,2026-06-26T12:31:17.023939,12,4,0,2026-06-20T14:38:30.954806,False,retry_link;reminder;discount_offer;escalate_to_human;no_action,retry_link,False,0.0,,0
TXN001715,CUST00172,1157,3136.22,0.0,122.01,0,30,114.98,payment_failed,price_hesitation,2026-06-26T12:34:16.959266,12,4,0,2026-06-24T20:38:40.608519,False,retry_link;reminder;discount_offer;escalate_to_human;no_action,escalate_to_human,False,0.0,,4
TXN001716,CUST00015,1179,5848.44,0.5,176.56,0,51,286.44,checkout_abandoned,price_hesitation,2026-06-26T12:36:19.500740,12,4,0,,False,retry_link;reminder;discount_offer;escalate_to_human;no_action,reminder,False,0.0,,0
TXN001717,CUST00826,1021,693.11,0.0,441.94,0,132,742.34,payment_failed,insufficient_funds,2026-06-26T12:41:24.254991,12,4,0,2026-06-14T09:47:56.779734,False,retry_link;reminder;discount_offer;escalate_to_human;no_action,no_action,False,0.0,,5
TXN001718,CUST01366,453,4425.71,0.5,178.72,0,25,144.83,payment_failed,insufficient_funds,2026-06-26T12:54:38.586053,12,4,0,,False,retry_link;reminder;discount_offer;escalate_to_human;no_action,no_action,False,0.0,,0
TXN001719,CUST00704,194,5999.59,0.5,220.14,0,109,217.43,checkout_abandoned,gateway_error,2026-06-26T13:14:12.301283,13,4,0,,False,retry_link;reminder;discount_offer;escalate_to_human;no_action,discount_offer,True,217.43,11.87,0
TXN001720,CUST00530,898,14243.12,1.0,417.76,2,5,219.96,payment_failed,otp_timeout,2026-06-26T14:27:53.151652,14,4,0,2026-06-21T10:38:49.354991,False,retry_link;reminder;discount_offer;escalate_to_human;no_action,discount_offer,True,219.96,5.4,0
TXN001721,CUST00771,1479,4793.64,0.0,876.94,0,18,792.01,payment_failed,otp_timeout,2026-06-26T14:35:02.613305,14,4,0,2026-06-23T04:26:53.458422,False,retry_link;reminder;discount_offer;escalate_to_human;no_action,no_action,True,792.01,3.66,2
TXN001722,CUST01360,124,7692.42,0.5,486.39,1,17,241.73,checkout_abandoned,otp_timeout,2026-06-26T14:55:34.665056,14,4,0,2026-06-22T05:20:06.275149,False,retry_link;reminder;discount_offer;escalate_to_human;no_action,discount_offer,True,241.73,2.64,1
TXN001723,CUST00972,716,1074.76,0.0,347.84,0,84,285.53,checkout_abandoned,price_hesitation,2026-06-26T15:04:38.087407,15,4,0,2026-06-10T03:51:39.040794,False,retry_link;reminder;discount_offer;escalate_to_human;no_action,escalate_to_human,True,285.53,13.03,2
TXN001724,CUST01216,761,4738.03,0.5,223.45,0,25,362.55,checkout_abandoned,otp_timeout,2026-06-26T15:18:52.208918,15,4,0,,False,retry_link;reminder;discount_offer;escalate_to_human;no_action,escalate_to_human,True,362.55,18.7,0
TXN001725,CUST00546,644,1959.29,0.5,110.74,1,19,189.8,payment_failed,insufficient_funds,2026-06-26T15:40:22.345429,15,4,0,2026-06-10T17:05:08.626577,False,retry_link;reminder;discount_offer;escalate_to_human;no_action,retry_link,True,189.8,0.4,1
TXN001726,CUST00978,526,726.7,0.0,610.85,0,55,428.62,payment_failed,gateway_error,2026-06-26T16:08:14.467835,16,4,0,2026-06-11T07:32:54.679178,False,retry_link;reminder;discount_offer;escalate_to_human;no_action,reminder,True,428.62,4.38,1
TXN001727,CUST01111,350,5235.15,0.0,323.5,0,82,356.73,payment_failed,price_hesitation,2026-06-26T16:14:27.578045,16,4,0,,False,retry_link;reminder;discount_offer;escalate_to_human;no_action,no_action,False,0.0,,1
TXN001728,CUST00404,749,4013.45,1.0,237.17,1,11,162.61,checkout_abandoned,gateway_error,2026-06-26T16:14:49.248399,16,4,0,2026-06-15T00:41:59.117769,False,retry_link;reminder;discount_offer;escalate_to_human;no_action,retry_link,True,162.61,13.13,0
TXN001729,CUST00689,1174,8643.13,0.0,457.75,0,32,567.74,payment_failed,price_hesitation,2026-06-26T16:37:31.461522,16,4,0,2026-06-05T01:40:17.659762,False,retry_link;reminder;discount_offer;escalate_to_human;no_action,reminder,False,0.0,,1
TXN001730,CUST00145,1280,12260.46,0.0,802.76,0,102,499.54,payment_failed,price_hesitation,2026-06-26T16:45:35.765267,16,4,0,2026-06-20T07:02:33.362322,False,retry_link;reminder;discount_offer;escalate_to_human;no_action,discount_offer,False,0.0,,3
TXN001731,CUST01195,951,172.02,0.0,343.55,0,69,130.69,payment_failed,gateway_error,2026-06-26T16:51:13.574325,16,4,0,,False,retry_link;reminder;discount_offer;escalate_to_human;no_action,escalate_to_human,True,130.69,1.98,1
TXN001732,CUST01205,1355,1323.94,0.5,413.71,0,17,623.51,checkout_abandoned,price_hesitation,2026-06-26T16:51:55.782105,16,4,0,,False,retry_link;reminder;discount_offer;escalate_to_human;no_action,retry_link,False,0.0,,0
TXN001733,CUST01279,1298,56137.98,0.0,471.92,0,63,763.26,checkout_abandoned,insufficient_funds,2026-06-26T16:55:16.121126,16,4,0,2026-06-09T12:32:26.842135,False,retry_link;reminder;discount_offer;escalate_to_human;no_action,retry_link,False,0.0,,1
TXN001734,CUST00510,1491,2685.15,0.5,163.73,0,56,131.49,checkout_abandoned,price_hesitation,2026-06-26T17:14:50.042365,17,4,0,,False,retry_link;reminder;discount_offer;escalate_to_human;no_action,escalate_to_human,True,131.49,6.36,0
TXN001735,CUST00878,822,27876.66,0.5,1105.38,0,9,1375.68,checkout_abandoned,otp_timeout,2026-06-26T17:15:06.066081,17,4,0,,False,retry_link;reminder;discount_offer;escalate_to_human;no_action,reminder,True,1375.68,2.66,0
TXN001736,CUST00533,427,6851.12,0.0,353.66,0,76,363.58,payment_failed,insufficient_funds,2026-06-26T18:21:45.292693,18,4,0,,False,retry_link;reminder;discount_offer;escalate_to_human;no_action,discount_offer,False,0.0,,1
TXN001737,CUST00389,230,12385.01,0.5,148.63,1,25,122.0,payment_failed,gateway_error,2026-06-26T18:22:45.523472,18,4,0,2026-06-19T19:52:22.100010,False,retry_link;reminder;discount_offer;escalate_to_human;no_action,escalate_to_human,True,122.0,2.98,1
TXN001738,CUST00718,354,1246.32,0.5,259.63,0,10,264.15,payment_failed,bank_decline,2026-06-26T18:35:30.563756,18,4,0,,False,retry_link;reminder;discount_offer;escalate_to_human;no_action,escalate_to_human,False,0.0,,0
TXN001739,CUST00015,1179,5848.44,0.0,176.56,0,51,193.75,payment_failed,price_hesitation,2026-06-26T19:02:03.616166,19,4,1,2026-06-26T12:36:19.500740,False,retry_link;reminder;discount_offer;escalate_to_human;no_action,escalate_to_human,False,0.0,,1
TXN001740,CUST00052,546,6507.66,0.5,482.4,1,1,371.34,payment_failed,price_hesitation,2026-06-26T19:15:18.884021,19,4,0,2026-06-25T01:47:05.676001,False,retry_link;reminder;discount_offer;escalate_to_human;no_action,discount_offer,True,371.34,5.96,1
TXN001741,CUST01014,779,2784.54,0.5,246.94,0,75,220.04,checkout_abandoned,insufficient_funds,2026-06-26T20:05:42.778311,20,4,0,,False,retry_link;reminder;discount_offer;escalate_to_human;no_action,escalate_to_human,False,0.0,,0
TXN001742,CUST01041,1284,2089.4,0.5,171.52,0,67,299.74,checkout_abandoned,otp_timeout,2026-06-26T20:06:29.338930,20,4,0,,False,retry_link;reminder;discount_offer;escalate_to_human;no_action,retry_link,True,299.74,0.41,0
TXN001743,CUST01481,3,4045.88,0.5,193.46,0,9,156.53,checkout_abandoned,price_hesitation,2026-06-26T20:21:03.042462,20,4,0,,False,retry_link;reminder;discount_offer;escalate_to_human;no_action,reminder,False,0.0,,0
TXN001744,CUST01378,755,672.53,0.5,113.87,0,33,88.61,payment_failed,bank_decline,2026-06-26T20:48:07.458590,20,4,0,,False,retry_link;reminder;discount_offer;escalate_to_human;no_action,reminder,False,0.0,,0
TXN001745,CUST00721,1396,7307.46,1.0,705.63,2,1,1209.86,checkout_abandoned,insufficient_funds,2026-06-26T20:50:18.647418,20,4,0,2026-06-25T06:59:17.117039,False,retry_link;reminder;discount_offer;escalate_to_human;no_action,escalate_to_human,False,0.0,,0
TXN001746,CUST00627,551,2196.2,0.0,227.58,0,106,236.45,payment_failed,insufficient_funds,2026-06-26T21:11:47.459532,21,4,0,2026-06-21T18:07:15.658805,False,retry_link;reminder;discount_offer;escalate_to_human;no_action,retry_link,False,0.0,,4
TXN001747,CUST00518,713,9701.25,0.0,1443.67,0,27,912.05,checkout_abandoned,gateway_error,2026-06-26T21:12:01.034025,21,4,0,,False,retry_link;reminder;discount_offer;escalate_to_human;no_action,retry_link,False,0.0,,1
TXN001748,CUST01421,1492,3410.5,0.0,896.83,0,66,875.12,payment_failed,gateway_error,2026-06-26T21:29:08.804628,21,4,0,2026-06-12T07:39:08.831346,False,retry_link;reminder;discount_offer;escalate_to_human;no_action,discount_offer,False,0.0,,5
TXN001749,CUST01103,226,9986.75,0.5,527.05,0,31,565.41,payment_failed,gateway_error,2026-06-26T21:52:03.827874,21,4,0,,False,retry_link;reminder;discount_offer;escalate_to_human;no_action,discount_offer,False,0.0,,0
TXN001750,CUST00481,1244,2878.97,0.333,169.49,1,0,315.84,payment_failed,insufficient_funds,2026-06-26T21:55:50.660234,21,4,1,2026-06-25T22:01:42.035874,False,retry_link;reminder;discount_offer;escalate_to_human;no_action,escalate_to_human,False,0.0,,2
TXN001751,CUST01323,1329,2122.22,0.0,421.04,0,103,327.41,checkout_abandoned,insufficient_funds,2026-06-26T22:02:08.936072,22,4,0,2026-06-11T11:13:35.412152,False,retry_link;reminder;discount_offer;escalate_to_human;no_action,no_action,False,0.0,,1
TXN001752,CUST00318,1408,11923.26,0.0,477.55,0,57,640.08,payment_failed,price_hesitation,2026-06-26T22:30:14.304344,22,4,0,2026-06-09T19:18:42.153351,False,retry_link;reminder;discount_offer;escalate_to_human;no_action,no_action,False,0.0,,3
TXN001753,CUST00018,1259,827.28,0.5,192.19,0,7,136.54,payment_failed,price_hesitation,2026-06-26T22:54:00.373903,22,4,0,,False,retry_link;reminder;discount_offer;escalate_to_human;no_action,no_action,False,0.0,,0
TXN001754,CUST01118,1085,24986.9,0.5,172.88,0,36,192.98,payment_failed,price_hesitation,2026-06-27T00:07:33.593193,0,5,0,,False,retry_link;reminder;discount_offer;escalate_to_human;no_action,retry_link,False,0.0,,0
TXN001755,CUST01281,1109,2362.64,0.5,730.17,1,11,857.48,checkout_abandoned,insufficient_funds,2026-06-27T00:08:21.684451,0,5,0,2026-06-15T11:10:51.614020,False,retry_link;reminder;discount_offer;escalate_to_human;no_action,no_action,False,0.0,,1
TXN001756,CUST01499,1261,958.99,1.0,390.92,2,17,351.47,payment_failed,price_hesitation,2026-06-27T00:27:27.240785,0,5,0,2026-06-09T22:01:47.250356,False,retry_link;reminder;discount_offer;escalate_to_human;no_action,no_action,True,351.47,3.71,0
TXN001757,CUST00641,1374,13466.26,0.5,482.86,0,44,356.29,payment_failed,insufficient_funds,2026-06-27T00:38:43.176915,0,5,0,,False,retry_link;reminder;discount_offer;escalate_to_human;no_action,retry_link,True,356.29,8.11,0
TXN001758,CUST01262,667,5085.52,0.5,592.8,0,15,485.11,payment_failed,bank_decline,2026-06-27T01:05:04.262227,1,5,0,,False,retry_link;reminder;discount_offer;escalate_to_human;no_action,retry_link,False,0.0,,0
TXN001759,CUST00868,670,1663.21,0.333,362.29,1,0,196.04,payment_failed,otp_timeout,2026-06-27T01:05:56.910318,1,5,1,2026-06-26T06:14:27.384812,False,retry_link;reminder;discount_offer;escalate_to_human;no_action,no_action,True,196.04,5.11,2
TXN001760,CUST00153,441,5267.46,1.0,858.98,1,22,964.7,payment_failed,insufficient_funds,2026-06-27T02:21:28.947156,2,5,0,2026-06-04T10:33:57.099338,False,retry_link;reminder;discount_offer;escalate_to_human;no_action,escalate_to_human,False,0.0,,0
TXN001761,CUST01285,74,16897.92,1.0,887.91,1,22,1093.56,payment_failed,bank_decline,2026-06-27T02:22:19.835307,2,5,0,2026-06-04T11:34:38.041738,False,retry_link;reminder;discount_offer;escalate_to_human;no_action,reminder,False,0.0,,0
TXN001762,CUST00306,453,446.65,0.5,316.71,0,73,256.09,payment_failed,price_hesitation,2026-06-27T02:30:03.628207,2,5,0,,False,retry_link;reminder;discount_offer;escalate_to_human;no_action,escalate_to_human,False,0.0,,0
TXN001763,CUST01144,497,6760.65,0.0,442.05,0,69,429.03,payment_failed,insufficient_funds,2026-06-27T03:54:56.787832,3,5,0,2026-06-02T16:34:15.440469,False,retry_link;reminder;discount_offer;escalate_to_human;no_action,retry_link,False,0.0,,1
TXN001764,CUST00233,1138,1368.31,0.0,201.03,0,111,130.22,checkout_abandoned,otp_timeout,2026-06-27T03:54:59.887639,3,5,0,2026-06-02T14:15:38.327200,False,retry_link;reminder;discount_offer;escalate_to_human;no_action,reminder,False,0.0,,2
TXN001765,CUST00186,250,3835.39,1.0,393.25,2,3,217.73,payment_failed,insufficient_funds,2026-06-27T03:56:40.001976,3,5,0,2026-06-23T16:40:56.720935,False,retry_link;reminder;discount_offer;escalate_to_human;no_action,no_action,False,0.0,,0
TXN001766,CUST00811,1318,6907.28,0.5,465.5,1,7,789.83,payment_failed,gateway_error,2026-06-27T04:12:48.379168,4,5,0,2026-06-19T20:01:43.297334,False,retry_link;reminder;discount_offer;escalate_to_human;no_action,retry_link,True,789.83,0.48,1
TXN001767,CUST00096,360,3158.36,0.0,277.84,0,122,524.45,checkout_abandoned,otp_timeout,2026-06-27T05:59:08.648034,5,5,0,,False,retry_link;reminder;discount_offer;escalate_to_human;no_action,reminder,False,0.0,,1
TXN001768,CUST00340,952,4150.34,0.0,409.68,0,12,454.2,checkout_abandoned,otp_timeout,2026-06-27T06:24:31.417670,6,5,0,,False,retry_link;reminder;discount_offer;escalate_to_human;no_action,discount_offer,False,0.0,,1
TXN001769,CUST00704,194,5999.59,1.0,220.14,1,0,276.52,checkout_abandoned,insufficient_funds,2026-06-27T06:39:10.445824,6,5,1,2026-06-26T13:14:12.301283,False,retry_link;reminder;discount_offer;escalate_to_human;no_action,no_action,False,0.0,,0
TXN001770,CUST00590,1201,1342.11,1.0,225.74,1,9,206.67,payment_failed,insufficient_funds,2026-06-27T06:59:30.072107,6,5,0,2026-06-18T06:46:46.334499,False,retry_link;reminder;discount_offer;escalate_to_human;no_action,escalate_to_human,True,206.67,0.18,0
TXN001771,CUST01355,745,1194.23,0.5,105.77,0,117,83.59,payment_failed,insufficient_funds,2026-06-27T07:03:27.529748,7,5,0,,False,retry_link;reminder;discount_offer;escalate_to_human;no_action,reminder,False,0.0,,0
TXN001772,CUST00919,954,3927.82,0.0,1078.49,0,110,1170.97,checkout_abandoned,insufficient_funds,2026-06-27T07:19:16.718475,7,5,0,2026-06-12T01:39:24.854552,False,retry_link;reminder;discount_offer;escalate_to_human;no_action,reminder,False,0.0,,1
TXN001773,CUST00238,463,4904.4,0.5,109.35,2,11,141.46,payment_failed,insufficient_funds,2026-06-27T07:45:50.754517,7,5,0,2026-06-16T04:37:12.441461,False,retry_link;reminder;discount_offer;escalate_to_human;no_action,reminder,False,0.0,,2
TXN001774,CUST00552,1242,3253.74,0.5,285.26,1,12,251.65,checkout_abandoned,price_hesitation,2026-06-27T07:57:15.544112,7,5,0,2026-06-14T11:15:37.902095,False,retry_link;reminder;discount_offer;escalate_to_human;no_action,discount_offer,True,251.65,6.55,1
TXN001775,CUST01060,1156,11969.47,0.5,940.28,0,95,1049.98,checkout_abandoned,bank_decline,2026-06-27T07:57:23.683217,7,5,0,,False,retry_link;reminder;discount_offer;escalate_to_human;no_action,escalate_to_human,True,1049.98,0.12,0
TXN001776,CUST00962,1260,2720.06,0.0,215.46,0,43,239.21,payment_failed,price_hesitation,2026-06-27T08:36:09.752261,8,5,0,2026-06-03T15:19:40.644909,False,retry_link;reminder;discount_offer;escalate_to_human;no_action,discount_offer,True,239.21,11.89,2
TXN001777,CUST00943,711,35529.42,0.0,495.7,0,25,302.11,payment_failed,insufficient_funds,2026-06-27T08:44:38.533512,8,5,0,2026-06-24T12:07:35.020680,False,retry_link;reminder;discount_offer;escalate_to_human;no_action,reminder,True,302.11,3.53,4
TXN001778,CUST01139,809,1057.16,0.5,364.81,0,45,505.88,checkout_abandoned,insufficient_funds,2026-06-27T10:25:57.908123,10,5,0,,False,retry_link;reminder;discount_offer;escalate_to_human;no_action,escalate_to_human,True,505.88,5.99,0
TXN001779,CUST01229,433,44402.87,0.5,322.9,0,89,516.68,payment_failed,insufficient_funds,2026-06-27T10:28:33.034199,10,5,0,,False,retry_link;reminder;discount_offer;escalate_to_human;no_action,reminder,False,0.0,,0
TXN001780,CUST00409,21,489.22,0.0,322.0,0,103,343.56,payment_failed,bank_decline,2026-06-27T10:37:28.458520,10,5,0,2026-06-14T19:34:31.549746,True,no_action,no_action,False,0.0,,1
TXN001781,CUST00095,433,6922.96,0.333,411.5,1,20,439.65,payment_failed,price_hesitation,2026-06-27T10:42:14.617908,10,5,0,2026-06-07T08:22:29.552029,True,no_action,no_action,False,0.0,,2
TXN001782,CUST01046,359,1288.98,0.0,100.0,0,97,94.3,payment_failed,gateway_error,2026-06-27T11:20:38.443735,11,5,0,,False,retry_link;reminder;discount_offer;escalate_to_human;no_action,no_action,False,0.0,,1
TXN001783,CUST00178,1351,8322.88,0.5,224.41,0,78,223.91,payment_failed,insufficient_funds,2026-06-27T11:43:03.654334,11,5,0,,False,retry_link;reminder;discount_offer;escalate_to_human;no_action,reminder,True,223.91,4.2,0
TXN001784,CUST00162,614,1447.78,0.0,131.67,0,94,144.85,payment_failed,bank_decline,2026-06-27T11:43:31.863400,11,5,0,,False,retry_link;reminder;discount_offer;escalate_to_human;no_action,no_action,False,0.0,,1
TXN001785,CUST01487,2,7953.93,1.0,472.56,2,1,519.61,checkout_abandoned,gateway_error,2026-06-27T11:46:17.238512,11,5,0,2026-06-26T00:50:31.431183,False,retry_link;reminder;discount_offer;escalate_to_human;no_action,reminder,False,0.0,,0
TXN001786,CUST00647,803,21194.44,0.0,826.82,0,33,421.58,checkout_abandoned,insufficient_funds,2026-06-27T11:51:03.774193,11,5,0,2026-06-12T08:47:24.946077,False,retry_link;reminder;discount_offer;escalate_to_human;no_action,retry_link,False,0.0,,1
TXN001787,CUST01358,155,458.7,1.0,461.53,1,9,740.82,payment_failed,otp_timeout,2026-06-27T12:36:08.692031,12,5,0,2026-06-18T09:13:53.355143,False,retry_link;reminder;discount_offer;escalate_to_human;no_action,reminder,True,740.82,14.04,0
TXN001788,CUST00907,260,28268.33,0.0,423.15,0,99,440.81,checkout_abandoned,bank_decline,2026-06-27T12:47:15.502074,12,5,0,,False,retry_link;reminder;discount_offer;escalate_to_human;no_action,discount_offer,True,440.81,5.95,1
TXN001789,CUST00345,384,4599.59,0.5,187.74,0,104,100.97,payment_failed,otp_timeout,2026-06-27T13:51:53.320224,13,5,0,,False,retry_link;reminder;discount_offer;escalate_to_human;no_action,discount_offer,True,100.97,4.04,0
TXN001790,CUST00926,812,4310.95,1.0,545.32,1,18,390.14,payment_failed,gateway_error,2026-06-27T14:09:49.961171,14,5,0,,True,no_action,no_action,True,390.14,1.09,0
TXN001791,CUST01488,167,9623.17,0.5,303.32,1,22,441.83,payment_failed,otp_timeout,2026-06-27T14:10:09.014593,14,5,0,2026-06-05T12:17:14.581655,False,retry_link;reminder;discount_offer;escalate_to_human;no_action,discount_offer,False,0.0,,1
TXN001792,CUST01484,622,16138.16,0.0,451.88,0,13,503.61,payment_failed,insufficient_funds,2026-06-27T15:58:31.779056,15,5,0,2026-06-24T13:08:03.315500,False,retry_link;reminder;discount_offer;escalate_to_human;no_action,escalate_to_human,True,503.61,9.82,1
TXN001793,CUST00991,824,402.1,1.0,318.33,1,19,214.72,payment_failed,insufficient_funds,2026-06-27T16:27:36.251651,16,5,0,2026-06-08T14:16:40.907264,False,retry_link;reminder;discount_offer;escalate_to_human;no_action,no_action,False,0.0,,0
TXN001794,CUST00563,273,11794.9,0.0,626.15,0,44,603.22,checkout_abandoned,insufficient_funds,2026-06-27T17:26:48.483058,17,5,0,,False,retry_link;reminder;discount_offer;escalate_to_human;no_action,retry_link,False,0.0,,1
TXN001795,CUST00174,1045,3487.98,1.0,193.93,1,12,227.93,checkout_abandoned,insufficient_funds,2026-06-27T18:04:41.095550,18,5,0,2026-06-15T02:09:23.988991,False,retry_link;reminder;discount_offer;escalate_to_human;no_action,discount_offer,True,227.93,3.32,0
TXN001796,CUST01008,1100,5327.32,0.0,477.88,0,103,285.81,payment_failed,gateway_error,2026-06-27T18:44:43.559293,18,5,0,2026-06-11T19:49:25.870929,False,retry_link;reminder;discount_offer;escalate_to_human;no_action,no_action,False,0.0,,1
TXN001797,CUST00570,1423,5923.47,1.0,802.52,1,3,718.82,checkout_abandoned,insufficient_funds,2026-06-27T19:18:56.630709,19,5,0,2026-06-24T11:30:19.625044,False,retry_link;reminder;discount_offer;escalate_to_human;no_action,retry_link,False,0.0,,0
TXN001798,CUST00118,368,37090.84,0.0,619.99,0,45,536.28,checkout_abandoned,otp_timeout,2026-06-27T19:38:33.228060,19,5,0,2026-06-20T09:58:18.739677,False,retry_link;reminder;discount_offer;escalate_to_human;no_action,escalate_to_human,True,536.28,22.97,1
TXN001799,CUST00823,975,4378.87,0.0,245.83,0,104,241.98,payment_failed,price_hesitation,2026-06-27T20:58:45.166840,20,5,0,2026-06-15T03:43:07.312772,False,retry_link;reminder;discount_offer;escalate_to_human;no_action,retry_link,False,0.0,,3
TXN001800,CUST00243,975,4355.96,0.0,161.85,0,26,152.38,payment_failed,insufficient_funds,2026-06-27T21:30:19.452043,21,5,0,,False,retry_link;reminder;discount_offer;escalate_to_human;no_action,reminder,False,0.0,,1
TXN001801,CUST00896,764,121257.19,0.0,221.4,0,95,223.52,payment_failed,insufficient_funds,2026-06-27T21:55:18.926998,21,5,0,2026-06-18T07:34:08.526344,True,no_action,no_action,False,0.0,,3
TXN001802,CUST00489,909,6817.6,0.0,308.58,0,77,171.95,payment_failed,gateway_error,2026-06-27T22:09:04.699304,22,5,0,,False,retry_link;reminder;discount_offer;escalate_to_human;no_action,retry_link,False,0.0,,1
TXN001803,CUST00700,781,3870.16,0.0,214.18,0,102,502.82,payment_failed,bank_decline,2026-06-27T22:09:41.426847,22,5,0,2026-06-13T16:05:41.153347,False,retry_link;reminder;discount_offer;escalate_to_human;no_action,reminder,False,0.0,,1
TXN001804,CUST00258,263,1034.29,0.5,521.8,0,115,872.17,payment_failed,gateway_error,2026-06-27T22:11:40.476409,22,5,0,,False,retry_link;reminder;discount_offer;escalate_to_human;no_action,no_action,False,0.0,,0
TXN001805,CUST00594,481,9154.55,0.0,331.73,0,135,329.55,payment_failed,bank_decline,2026-06-27T22:41:46.600377,22,5,0,2026-06-03T19:15:18.062929,False,retry_link;reminder;discount_offer;escalate_to_human;no_action,reminder,False,0.0,,2
TXN001806,CUST01189,11,7934.73,0.0,322.4,0,49,349.77,payment_failed,price_hesitation,2026-06-27T23:19:19.747304,23,5,0,2026-06-20T04:13:18.924685,False,retry_link;reminder;discount_offer;escalate_to_human;no_action,reminder,False,0.0,,1
TXN001807,CUST00394,1080,5498.52,0.5,108.41,0,77,71.59,payment_failed,price_hesitation,2026-06-27T23:20:32.809640,23,5,0,,False,retry_link;reminder;discount_offer;escalate_to_human;no_action,retry_link,True,71.59,4.46,0
TXN001808,CUST01003,1329,40751.21,0.5,109.24,0,28,114.84,payment_failed,otp_timeout,2026-06-28T00:02:56.027405,0,6,0,,False,retry_link;reminder;discount_offer;escalate_to_human;no_action,escalate_to_human,True,114.84,1.74,0
TXN001809,CUST00857,86,15239.7,0.0,117.31,0,98,97.13,checkout_abandoned,insufficient_funds,2026-06-28T00:10:28.283907,0,6,0,2026-06-25T06:39:54.778727,False,retry_link;reminder;discount_offer;escalate_to_human;no_action,retry_link,False,0.0,,4
TXN001810,CUST01295,772,5856.03,0.5,275.15,0,116,536.29,payment_failed,gateway_error,2026-06-28T00:38:30.976106,0,6,0,,False,retry_link;reminder;discount_offer;escalate_to_human;no_action,reminder,True,536.29,6.01,0
TXN001811,CUST00231,1285,8078.37,0.5,259.33,0,78,163.31,payment_failed,price_hesitation,2026-06-28T00:40:50.232428,0,6,0,,False,retry_link;reminder;discount_offer;escalate_to_human;no_action,retry_link,True,163.31,4.91,0
TXN001812,CUST00073,195,7558.22,1.0,255.71,1,5,264.21,payment_failed,otp_timeout,2026-06-28T01:33:27.090506,1,6,0,2026-06-22T02:01:20.599067,False,retry_link;reminder;discount_offer;escalate_to_human;no_action,discount_offer,False,0.0,,0
TXN001813,CUST01233,1125,2393.81,0.0,509.15,0,119,601.56,payment_failed,bank_decline,2026-06-28T01:33:46.175286,1,6,0,2026-06-15T04:59:25.403925,False,retry_link;reminder;discount_offer;escalate_to_human;no_action,discount_offer,False,0.0,,4
TXN001814,CUST01390,459,7551.49,0.5,486.42,0,68,381.27,checkout_abandoned,otp_timeout,2026-06-28T01:49:45.390227,1,6,0,,False,retry_link;reminder;discount_offer;escalate_to_human;no_action,retry_link,True,381.27,11.86,0
TXN001815,CUST01010,403,4447.25,0.0,252.31,0,57,277.11,checkout_abandoned,bank_decline,2026-06-28T02:37:26.717314,2,6,0,2026-06-26T10:16:56.642169,False,retry_link;reminder;discount_offer;escalate_to_human;no_action,no_action,False,0.0,,1
TXN001816,CUST00709,699,11159.53,0.5,273.97,0,104,221.32,payment_failed,price_hesitation,2026-06-28T03:48:04.738972,3,6,0,,True,no_action,no_action,False,0.0,,0
TXN001817,CUST01492,44,20350.39,0.0,302.4,0,123,332.19,payment_failed,price_hesitation,2026-06-28T03:48:51.878487,3,6,0,2026-06-21T04:50:56.157881,False,retry_link;reminder;discount_offer;escalate_to_human;no_action,retry_link,False,0.0,,2
TXN001818,CUST00161,996,13938.56,0.5,530.7,0,35,423.15,payment_failed,gateway_error,2026-06-28T04:12:48.764084,4,6,0,,False,retry_link;reminder;discount_offer;escalate_to_human;no_action,retry_link,True,423.15,10.94,0
TXN001819,CUST00056,820,1476.13,1.0,153.42,2,6,193.32,checkout_abandoned,price_hesitation,2026-06-28T04:14:37.164416,4,6,0,2026-06-21T17:02:00.943896,False,retry_link;reminder;discount_offer;escalate_to_human;no_action,escalate_to_human,True,193.32,3.9,0
TXN001820,CUST00677,127,4020.86,0.333,346.25,1,17,422.58,payment_failed,bank_decline,2026-06-28T04:19:03.409503,4,6,0,2026-06-10T10:10:57.942200,False,retry_link;reminder;discount_offer;escalate_to_human;no_action,reminder,False,0.0,,2
TXN001821,CUST00687,890,10066.04,1.0,334.29,1,12,212.91,payment_failed,price_hesitation,2026-06-28T04:49:53.933128,4,6,0,2026-06-15T09:11:59.009873,False,retry_link;reminder;discount_offer;escalate_to_human;no_action,discount_offer,True,212.91,4.64,0
TXN001822,CUST00175,693,15588.26,0.0,164.7,0,44,160.24,checkout_abandoned,price_hesitation,2026-06-28T05:12:35.992976,5,6,0,2026-06-17T21:43:40.859593,False,retry_link;reminder;discount_offer;escalate_to_human;no_action,discount_offer,False,0.0,,1
TXN001823,CUST00596,869,3931.45,0.5,137.35,1,24,118.55,payment_failed,otp_timeout,2026-06-28T06:07:05.056664,6,6,0,2026-06-05T09:17:30.642074,False,retry_link;reminder;discount_offer;escalate_to_human;no_action,discount_offer,False,0.0,,1
TXN001824,CUST00022,274,1599.29,0.0,143.14,0,113,128.64,payment_failed,bank_decline,2026-06-28T06:17:17.475543,6,6,0,2026-06-20T06:43:46.429828,False,retry_link;reminder;discount_offer;escalate_to_human;no_action,retry_link,False,0.0,,2
TXN001825,CUST00645,493,7440.12,1.0,155.33,1,2,199.53,checkout_abandoned,gateway_error,2026-06-28T06:30:16.484270,6,6,0,2026-06-26T01:40:25.621657,False,retry_link;reminder;discount_offer;escalate_to_human;no_action,retry_link,True,199.53,17.2,0
TXN001826,CUST00903,1326,17908.97,0.5,458.37,0,39,579.02,payment_failed,gateway_error,2026-06-28T06:38:58.799947,6,6,0,,False,retry_link;reminder;discount_offer;escalate_to_human;no_action,reminder,True,579.02,2.05,0
TXN001827,CUST00444,763,1662.91,0.0,256.33,0,127,181.69,payment_failed,price_hesitation,2026-06-28T06:41:01.598625,6,6,0,2026-06-10T04:52:55.963813,False,retry_link;reminder;discount_offer;escalate_to_human;no_action,retry_link,False,0.0,,1
TXN001828,CUST01027,421,6941.0,0.5,146.95,0,52,158.51,checkout_abandoned,bank_decline,2026-06-28T06:45:04.580718,6,6,0,,False,retry_link;reminder;discount_offer;escalate_to_human;no_action,reminder,False,0.0,,0
TXN001829,CUST00550,1204,26653.14,0.0,590.3,0,64,706.55,checkout_abandoned,bank_decline,2026-06-28T07:09:33.814871,7,6,0,2026-06-14T19:23:34.595310,False,retry_link;reminder;discount_offer;escalate_to_human;no_action,escalate_to_human,False,0.0,,1
TXN001830,CUST00529,1381,884.2,0.5,517.94,0,45,954.87,payment_failed,otp_timeout,2026-06-28T07:12:13.522420,7,6,0,,False,retry_link;reminder;discount_offer;escalate_to_human;no_action,retry_link,True,954.87,2.09,0
TXN001831,CUST00793,1238,546.09,1.0,354.67,1,14,360.29,checkout_abandoned,price_hesitation,2026-06-28T07:17:49.562571,7,6,0,2026-06-13T21:39:22.605719,False,retry_link;reminder;discount_offer;escalate_to_human;no_action,retry_link,False,0.0,,0
TXN001832,CUST00236,995,2885.83,0.5,600.38,0,92,510.39,checkout_abandoned,insufficient_funds,2026-06-28T08:00:46.013559,8,6,0,,False,retry_link;reminder;discount_offer;escalate_to_human;no_action,no_action,False,0.0,,0
TXN001833,CUST01111,350,5235.15,0.0,323.5,0,84,378.78,payment_failed,insufficient_funds,2026-06-28T08:13:40.989891,8,6,0,,False,retry_link;reminder;discount_offer;escalate_to_human;no_action,reminder,False,0.0,,2
TXN001834,CUST00057,232,7605.98,0.5,1024.25,0,44,1004.34,checkout_abandoned,price_hesitation,2026-06-28T08:36:12.217679,8,6,0,,False,retry_link;reminder;discount_offer;escalate_to_human;no_action,retry_link,True,1004.34,15.04,0
TXN001835,CUST01182,1036,9539.83,0.0,215.33,0,79,236.89,payment_failed,price_hesitation,2026-06-28T08:38:37.975476,8,6,0,,False,retry_link;reminder;discount_offer;escalate_to_human;no_action,escalate_to_human,False,0.0,,1
TXN001836,CUST00954,1178,3827.01,0.0,526.41,0,121,507.8,checkout_abandoned,bank_decline,2026-06-28T09:03:54.453193,9,6,0,,False,retry_link;reminder;discount_offer;escalate_to_human;no_action,retry_link,True,507.8,7.25,1
TXN001837,CUST00573,74,472.43,0.5,242.31,0,36,334.37,payment_failed,gateway_error,2026-06-28T09:04:18.425416,9,6,0,,False,retry_link;reminder;discount_offer;escalate_to_human;no_action,no_action,True,334.37,10.23,0
TXN001838,CUST00100,1249,2894.69,0.5,424.83,0,110,543.46,checkout_abandoned,price_hesitation,2026-06-28T10:05:57.711734,10,6,0,,False,retry_link;reminder;discount_offer;escalate_to_human;no_action,no_action,False,0.0,,0
TXN001839,CUST01419,714,19634.16,1.0,147.28,1,15,118.37,payment_failed,price_hesitation,2026-06-28T10:12:41.670414,10,6,0,2026-06-12T20:51:21.704735,False,retry_link;reminder;discount_offer;escalate_to_human;no_action,retry_link,True,118.37,2.45,0
TXN001840,CUST00890,150,6748.27,0.5,380.34,0,78,361.42,payment_failed,otp_timeout,2026-06-28T10:33:17.680294,10,6,0,,False,retry_link;reminder;discount_offer;escalate_to_human;no_action,reminder,True,361.42,3.67,0
TXN001841,CUST00271,35,25014.28,0.0,216.79,0,54,159.36,payment_failed,bank_decline,2026-06-28T11:04:02.044433,11,6,0,2026-06-22T17:32:51.739539,False,retry_link;reminder;discount_offer;escalate_to_human;no_action,no_action,False,0.0,,1
TXN001842,CUST00604,1239,6321.09,0.0,332.12,0,79,191.79,checkout_abandoned,insufficient_funds,2026-06-28T11:19:31.518966,11,6,0,2026-06-08T03:36:24.199763,False,retry_link;reminder;discount_offer;escalate_to_human;no_action,discount_offer,False,0.0,,1
TXN001843,CUST01244,1312,2191.13,0.0,443.58,0,49,317.79,payment_failed,insufficient_funds,2026-06-28T12:40:14.332463,12,6,0,2026-06-06T13:46:25.409756,False,retry_link;reminder;discount_offer;escalate_to_human;no_action,retry_link,True,317.79,2.58,1
TXN001844,CUST01419,714,19634.16,1.0,147.28,2,0,175.49,payment_failed,otp_timeout,2026-06-28T12:46:19.270539,12,6,1,2026-06-28T10:12:41.670414,True,no_action,no_action,False,0.0,,0
TXN001845,CUST00022,274,1599.29,0.0,143.14,0,114,121.66,checkout_abandoned,bank_decline,2026-06-28T13:54:12.782273,13,6,1,2026-06-28T06:17:17.475543,False,retry_link;reminder;discount_offer;escalate_to_human;no_action,retry_link,False,0.0,,3
TXN001846,CUST01155,881,657.71,0.5,229.3,0,88,221.77,payment_failed,price_hesitation,2026-06-28T14:47:18.888993,14,6,0,,False,retry_link;reminder;discount_offer;escalate_to_human;no_action,escalate_to_human,True,221.77,6.64,0
TXN001847,CUST01214,112,1113.09,0.5,153.31,0,101,227.43,payment_failed,price_hesitation,2026-06-28T16:53:52.356795,16,6,0,,False,retry_link;reminder;discount_offer;escalate_to_human;no_action,no_action,False,0.0,,0
TXN001848,CUST01078,627,2644.35,1.0,253.45,2,5,527.61,payment_failed,gateway_error,2026-06-28T17:51:53.454769,17,6,0,2026-06-23T14:27:01.448779,False,retry_link;reminder;discount_offer;escalate_to_human;no_action,retry_link,True,527.61,4.72,0
TXN001849,CUST00807,166,4074.78,0.0,146.21,0,37,201.32,payment_failed,gateway_error,2026-06-28T18:00:42.421224,18,6,0,,False,retry_link;reminder;discount_offer;escalate_to_human;no_action,discount_offer,True,201.32,0.57,1
TXN001850,CUST00736,1096,61669.7,0.5,454.29,0,115,286.59,checkout_abandoned,insufficient_funds,2026-06-28T18:02:17.124955,18,6,0,,False,retry_link;reminder;discount_offer;escalate_to_human;no_action,escalate_to_human,False,0.0,,0
TXN001851,CUST00565,355,6473.62,1.0,349.56,1,26,342.72,payment_failed,bank_decline,2026-06-28T18:09:44.556817,18,6,0,2026-06-02T16:00:32.753183,False,retry_link;reminder;discount_offer;escalate_to_human;no_action,reminder,True,342.72,0.03,0
TXN001852,CUST00057,232,7605.98,1.0,1024.25,1,0,1017.31,payment_failed,gateway_error,2026-06-28T18:36:05.908721,18,6,1,2026-06-28T08:36:12.217679,False,retry_link;reminder;discount_offer;escalate_to_human;no_action,retry_link,True,1017.31,4.58,0
TXN001853,CUST01482,435,5431.01,0.5,211.75,0,113,292.73,payment_failed,insufficient_funds,2026-06-28T18:52:43.370594,18,6,0,,False,retry_link;reminder;discount_offer;escalate_to_human;no_action,escalate_to_human,True,292.73,3.0,0
TXN001854,CUST00188,358,5307.69,0.0,100.0,0,130,68.31,payment_failed,otp_timeout,2026-06-28T19:07:41.805032,19,6,0,2026-06-07T04:22:01.529608,True,no_action,no_action,False,0.0,,3
TXN001855,CUST00645,493,7440.12,1.0,155.33,2,0,143.85,payment_failed,gateway_error,2026-06-28T19:16:00.575442,19,6,1,2026-06-28T06:30:16.484270,False,retry_link;reminder;discount_offer;escalate_to_human;no_action,no_action,False,0.0,,0
TXN001856,CUST01466,953,4298.47,0.5,159.55,0,53,132.75,payment_failed,otp_timeout,2026-06-28T19:23:25.491350,19,6,0,,False,retry_link;reminder;discount_offer;escalate_to_human;no_action,no_action,False,0.0,,0
TXN001857,CUST00313,422,8380.62,1.0,360.43,1,23,386.91,payment_failed,otp_timeout,2026-06-28T19:56:19.475337,19,6,0,,False,retry_link;reminder;discount_offer;escalate_to_human;no_action,retry_link,True,386.91,3.01,0
TXN001858,CUST01192,256,9018.6,0.5,356.97,0,42,301.6,checkout_abandoned,gateway_error,2026-06-28T19:58:13.052157,19,6,0,,False,retry_link;reminder;discount_offer;escalate_to_human;no_action,no_action,False,0.0,,0
TXN001859,CUST00216,119,1385.82,1.0,183.12,1,16,171.23,checkout_abandoned,gateway_error,2026-06-28T20:02:49.805834,20,6,0,2026-06-11T21:39:12.499331,False,retry_link;reminder;discount_offer;escalate_to_human;no_action,escalate_to_human,True,171.23,8.97,0
TXN001860,CUST00327,57,8927.16,0.5,1110.3,1,4,759.35,payment_failed,gateway_error,2026-06-28T20:53:54.711600,20,6,0,2026-06-24T09:20:25.057627,False,retry_link;reminder;discount_offer;escalate_to_human;no_action,escalate_to_human,True,759.35,4.78,1
TXN001861,CUST00814,1167,44785.11,1.0,635.84,1,27,707.17,payment_failed,gateway_error,2026-06-28T21:27:30.444171,21,6,0,2026-06-01T17:11:15.266906,False,retry_link;reminder;discount_offer;escalate_to_human;no_action,retry_link,True,707.17,1.38,0
TXN001862,CUST00184,743,2478.9,0.0,196.46,0,103,318.46,checkout_abandoned,bank_decline,2026-06-28T21:31:22.571461,21,6,0,2026-06-19T04:29:15.113007,False,retry_link;reminder;discount_offer;escalate_to_human;no_action,escalate_to_human,False,0.0,,1
TXN001863,CUST00576,1388,868.54,0.5,462.29,0,98,406.27,payment_failed,price_hesitation,2026-06-28T21:34:29.676060,21,6,0,,False,retry_link;reminder;discount_offer;escalate_to_human;no_action,retry_link,False,0.0,,0
TXN001864,CUST00125,848,7346.81,0.0,184.59,0,55,186.72,checkout_abandoned,bank_decline,2026-06-28T22:59:32.654615,22,6,0,2026-06-08T15:39:39.436824,False,retry_link;reminder;discount_offer;escalate_to_human;no_action,discount_offer,False,0.0,,1
TXN001865,CUST01038,655,1581.63,0.5,195.21,0,84,113.84,checkout_abandoned,insufficient_funds,2026-06-28T23:27:36.383079,23,6,0,,False,retry_link;reminder;discount_offer;escalate_to_human;no_action,no_action,False,0.0,,0
TXN001866,CUST00892,784,4689.89,0.0,870.95,0,102,951.02,checkout_abandoned,price_hesitation,2026-06-28T23:44:13.396071,23,6,0,,False,retry_link;reminder;discount_offer;escalate_to_human;no_action,retry_link,True,951.02,7.14,2
TXN001867,CUST00241,876,5676.73,0.0,150.22,0,67,101.25,payment_failed,gateway_error,2026-06-29T00:21:15.577407,0,0,0,,False,retry_link;reminder;discount_offer;escalate_to_human;no_action,escalate_to_human,False,0.0,,1
TXN001868,CUST00458,1261,7352.76,0.0,113.97,0,45,98.07,checkout_abandoned,insufficient_funds,2026-06-29T01:34:52.619180,1,0,0,2026-06-13T09:43:20.961286,False,retry_link;reminder;discount_offer;escalate_to_human;no_action,no_action,False,0.0,,1
TXN001869,CUST01431,278,10988.91,0.5,385.3,0,98,201.71,payment_failed,gateway_error,2026-06-29T01:50:38.214869,1,0,0,,False,retry_link;reminder;discount_offer;escalate_to_human;no_action,discount_offer,True,201.71,1.65,0
TXN001870,CUST00205,399,38963.96,0.5,652.15,0,9,386.26,payment_failed,bank_decline,2026-06-29T02:15:27.832848,2,0,0,,False,retry_link;reminder;discount_offer;escalate_to_human;no_action,reminder,False,0.0,,0
TXN001871,CUST01438,479,10355.09,0.5,191.68,2,5,159.19,payment_failed,bank_decline,2026-06-29T02:59:01.581465,2,0,0,2026-06-23T23:50:11.908756,False,retry_link;reminder;discount_offer;escalate_to_human;no_action,discount_offer,True,159.19,9.09,2
TXN001872,CUST00128,862,2257.49,1.0,813.4,1,27,868.23,checkout_abandoned,price_hesitation,2026-06-29T03:04:07.913696,3,0,0,2026-06-01T04:50:30.091823,False,retry_link;reminder;discount_offer;escalate_to_human;no_action,reminder,False,0.0,,0
TXN001873,CUST00233,1138,1368.31,0.0,201.03,0,113,137.66,checkout_abandoned,insufficient_funds,2026-06-29T03:15:59.799344,3,0,0,2026-06-27T03:54:59.887639,False,retry_link;reminder;discount_offer;escalate_to_human;no_action,escalate_to_human,False,0.0,,3
TXN001874,CUST01019,174,5555.18,1.0,165.51,1,24,115.39,payment_failed,insufficient_funds,2026-06-29T03:23:37.468795,3,0,0,2026-06-04T12:31:58.411087,False,retry_link;reminder;discount_offer;escalate_to_human;no_action,reminder,False,0.0,,0
TXN001875,CUST01299,45,8302.1,1.0,489.85,3,5,332.88,payment_failed,otp_timeout,2026-06-29T03:30:07.974836,3,0,0,2026-06-23T09:38:43.019421,False,retry_link;reminder;discount_offer;escalate_to_human;no_action,escalate_to_human,True,332.88,6.27,0
TXN001876,CUST00991,824,402.1,0.5,318.33,1,20,199.67,payment_failed,price_hesitation,2026-06-29T03:33:00.275473,3,0,0,2026-06-08T14:16:40.907264,False,retry_link;reminder;discount_offer;escalate_to_human;no_action,discount_offer,False,0.0,,1
TXN001877,CUST00264,1484,7419.19,1.0,311.01,2,11,479.18,payment_failed,insufficient_funds,2026-06-29T03:51:15.331261,3,0,0,2026-06-17T12:45:42.522217,False,retry_link;reminder;discount_offer;escalate_to_human;no_action,escalate_to_human,True,479.18,3.85,0
TXN001878,CUST00520,537,20023.84,0.0,197.99,0,57,119.76,checkout_abandoned,otp_timeout,2026-06-29T04:30:43.543799,4,0,0,,False,retry_link;reminder;discount_offer;escalate_to_human;no_action,reminder,True,119.76,1.42,2
TXN001879,CUST01186,214,5092.92,0.5,505.63,0,46,367.3,checkout_abandoned,gateway_error,2026-06-29T04:52:05.632658,4,0,0,,False,retry_link;reminder;discount_offer;escalate_to_human;no_action,escalate_to_human,True,367.3,15.27,0
TXN001880,CUST00237,648,57942.84,1.0,229.81,2,4,489.41,checkout_abandoned,otp_timeout,2026-06-29T04:56:37.526489,4,0,0,2026-06-24T09:21:34.769398,False,retry_link;reminder;discount_offer;escalate_to_human;no_action,no_action,True,489.41,7.02,0
TXN001881,CUST00279,125,12162.69,0.0,691.68,0,73,1602.23,payment_failed,otp_timeout,2026-06-29T05:08:26.415650,5,0,0,2026-06-15T12:56:15.054910,False,retry_link;reminder;discount_offer;escalate_to_human;no_action,reminder,False,0.0,,1
TXN001882,CUST00660,265,18932.54,0.5,396.77,0,39,327.66,payment_failed,insufficient_funds,2026-06-29T05:10:47.861379,5,0,0,,False,retry_link;reminder;discount_offer;escalate_to_human;no_action,reminder,True,327.66,9.66,0
TXN001883,CUST00775,1426,1459.15,0.0,208.54,0,128,221.84,payment_failed,price_hesitation,2026-06-29T06:18:26.881000,6,0,0,2026-06-22T04:38:46.633573,False,retry_link;reminder;discount_offer;escalate_to_human;no_action,reminder,False,0.0,,4
TXN001884,CUST00589,1265,3353.38,0.0,144.66,0,101,226.0,checkout_abandoned,insufficient_funds,2026-06-29T06:38:47.703922,6,0,0,2026-06-07T08:59:54.346399,False,retry_link;reminder;discount_offer;escalate_to_human;no_action,escalate_to_human,False,0.0,,1
TXN001885,CUST01399,449,11496.45,0.5,281.65,0,51,325.71,payment_failed,price_hesitation,2026-06-29T06:40:45.900456,6,0,0,,False,retry_link;reminder;discount_offer;escalate_to_human;no_action,escalate_to_human,True,325.71,0.81,0
TXN001886,CUST00732,1382,4377.59,0.0,276.79,0,25,204.44,payment_failed,bank_decline,2026-06-29T06:55:38.126307,6,0,0,2026-06-24T18:47:40.604592,False,retry_link;reminder;discount_offer;escalate_to_human;no_action,escalate_to_human,False,0.0,,2
TXN001887,CUST00678,785,9256.68,0.5,196.83,0,70,250.77,checkout_abandoned,gateway_error,2026-06-29T06:56:16.805416,6,0,0,,False,retry_link;reminder;discount_offer;escalate_to_human;no_action,escalate_to_human,False,0.0,,0
TXN001888,CUST00410,262,1837.89,1.0,348.66,1,16,399.94,payment_failed,price_hesitation,2026-06-29T07:09:17.587223,7,0,0,2026-06-12T20:35:25.037118,False,retry_link;reminder;discount_offer;escalate_to_human;no_action,retry_link,True,399.94,7.38,0
TXN001889,CUST00310,999,18149.49,1.0,657.83,2,19,646.27,payment_failed,gateway_error,2026-06-29T07:57:12.943710,7,0,0,2026-06-10T04:04:38.937326,False,retry_link;reminder;discount_offer;escalate_to_human;no_action,escalate_to_human,True,646.27,9.03,0
TXN001890,CUST00400,1497,8065.48,0.0,219.04,0,81,144.41,payment_failed,bank_decline,2026-06-29T08:24:03.945596,8,0,0,2026-06-22T16:15:05.802971,False,retry_link;reminder;discount_offer;escalate_to_human;no_action,escalate_to_human,False,0.0,,3
TXN001891,CUST01218,1214,2333.21,0.0,278.53,0,83,193.59,payment_failed,gateway_error,2026-06-29T08:44:36.447126,8,0,0,2026-06-11T03:38:38.626323,False,retry_link;reminder;discount_offer;escalate_to_human;no_action,discount_offer,False,0.0,,1
TXN001892,CUST01243,735,3790.51,0.0,144.21,0,33,233.09,payment_failed,insufficient_funds,2026-06-29T08:57:24.145763,8,0,0,,False,retry_link;reminder;discount_offer;escalate_to_human;no_action,escalate_to_human,False,0.0,,1
TXN001893,CUST00114,758,2146.98,1.0,245.94,1,5,209.3,payment_failed,otp_timeout,2026-06-29T09:18:26.158197,9,0,0,2026-06-23T21:26:40.683935,False,retry_link;reminder;discount_offer;escalate_to_human;no_action,retry_link,True,209.3,2.64,0
TXN001894,CUST00368,34,10082.63,0.333,397.68,1,9,542.45,payment_failed,otp_timeout,2026-06-29T09:44:57.687458,9,0,0,2026-06-19T09:47:08.068897,False,retry_link;reminder;discount_offer;escalate_to_human;no_action,escalate_to_human,True,542.45,12.94,2
TXN001895,CUST00208,396,3806.65,1.0,326.98,1,5,284.52,payment_failed,insufficient_funds,2026-06-29T10:03:32.468515,10,0,0,2026-06-24T09:34:14.598054,False,retry_link;reminder;discount_offer;escalate_to_human;no_action,escalate_to_human,True,284.52,2.92,0
TXN001896,CUST01414,877,2041.24,0.0,298.01,0,114,196.35,checkout_abandoned,insufficient_funds,2026-06-29T10:12:22.147668,10,0,0,2026-06-11T19:31:39.026274,True,no_action,no_action,False,0.0,,2
TXN001897,CUST01321,412,10158.25,0.0,407.97,0,55,391.0,payment_failed,insufficient_funds,2026-06-29T10:45:30.147536,10,0,0,2026-06-03T06:47:26.185701,False,retry_link;reminder;discount_offer;escalate_to_human;no_action,escalate_to_human,False,0.0,,2
TXN001898,CUST00812,1027,14467.03,0.5,157.95,0,51,220.56,checkout_abandoned,price_hesitation,2026-06-29T10:49:36.800315,10,0,0,,False,retry_link;reminder;discount_offer;escalate_to_human;no_action,no_action,False,0.0,,0
TXN001899,CUST00827,1345,2031.31,0.0,452.01,0,101,576.16,payment_failed,bank_decline,2026-06-29T11:09:14.194401,11,0,0,2026-06-12T11:15:42.300097,False,retry_link;reminder;discount_offer;escalate_to_human;no_action,discount_offer,True,576.16,0.51,1
TXN001900,CUST01404,266,4765.61,0.5,317.88,0,82,460.37,payment_failed,price_hesitation,2026-06-29T11:44:45.734016,11,0,0,,False,retry_link;reminder;discount_offer;escalate_to_human;no_action,no_action,True,460.37,15.19,0
TXN001901,CUST01050,762,2991.34,0.0,631.99,0,138,859.58,payment_failed,insufficient_funds,2026-06-29T12:14:57.873189,12,0,0,,False,retry_link;reminder;discount_offer;escalate_to_human;no_action,reminder,False,0.0,,1
TXN001902,CUST00443,733,936.31,0.5,140.15,1,20,212.98,payment_failed,insufficient_funds,2026-06-29T13:08:08.128618,13,0,0,2026-06-08T20:58:55.162724,False,retry_link;reminder;discount_offer;escalate_to_human;no_action,escalate_to_human,False,0.0,,1
TXN001903,CUST01062,216,336.97,0.0,236.44,0,72,206.34,payment_failed,price_hesitation,2026-06-29T13:30:46.286381,13,0,0,2026-06-15T16:04:57.640482,False,retry_link;reminder;discount_offer;escalate_to_human;no_action,reminder,False,0.0,,1
TXN001904,CUST01208,427,12744.41,0.5,1018.7,0,104,584.5,payment_failed,otp_timeout,2026-06-29T13:35:04.778248,13,0,0,,False,retry_link;reminder;discount_offer;escalate_to_human;no_action,escalate_to_human,True,584.5,4.99,0
TXN001905,CUST00826,1021,693.11,0.0,441.94,0,135,463.39,checkout_abandoned,insufficient_funds,2026-06-29T14:13:42.309536,14,0,0,2026-06-14T09:47:56.779734,False,retry_link;reminder;discount_offer;escalate_to_human;no_action,retry_link,False,0.0,,6
TXN001906,CUST00967,476,6455.85,0.0,214.02,0,60,253.67,payment_failed,insufficient_funds,2026-06-29T14:17:44.522487,14,0,0,2026-06-15T05:30:05.387999,False,retry_link;reminder;discount_offer;escalate_to_human;no_action,retry_link,False,0.0,,2
TXN001907,CUST01099,651,3688.92,0.0,525.49,0,27,295.45,payment_failed,bank_decline,2026-06-29T14:40:11.343907,14,0,0,2026-06-12T17:27:25.511852,False,retry_link;reminder;discount_offer;escalate_to_human;no_action,discount_offer,False,0.0,,1
TXN001908,CUST01034,100,16466.95,1.0,264.48,1,15,348.95,payment_failed,price_hesitation,2026-06-29T14:41:18.851807,14,0,0,2026-06-13T15:08:21.876670,False,retry_link;reminder;discount_offer;escalate_to_human;no_action,escalate_to_human,True,348.95,7.02,0
TXN001909,CUST00477,27,1773.68,0.667,360.46,2,8,292.99,payment_failed,insufficient_funds,2026-06-29T14:54:10.377556,14,0,0,2026-06-21T08:03:16.763670,True,no_action,no_action,False,0.0,,1
TXN001910,CUST00642,1281,730.31,0.0,206.43,0,54,230.9,payment_failed,gateway_error,2026-06-29T16:21:44.287252,16,0,0,2026-06-20T01:47:21.078994,False,retry_link;reminder;discount_offer;escalate_to_human;no_action,discount_offer,False,0.0,,2
TXN001911,CUST00736,1096,61669.7,0.0,454.29,0,115,359.33,payment_failed,otp_timeout,2026-06-29T16:30:18.958412,16,0,1,2026-06-28T18:02:17.124955,False,retry_link;reminder;discount_offer;escalate_to_human;no_action,no_action,False,0.0,,1
TXN001912,CUST00356,228,20971.39,0.0,202.45,0,64,144.15,checkout_abandoned,insufficient_funds,2026-06-29T16:47:13.616165,16,0,0,2026-06-17T05:05:17.176662,False,retry_link;reminder;discount_offer;escalate_to_human;no_action,reminder,False,0.0,,2
TXN001913,CUST01071,314,4872.22,0.0,390.1,0,104,388.6,checkout_abandoned,gateway_error,2026-06-29T17:48:32.524786,17,0,0,2026-06-15T18:08:41.236577,False,retry_link;reminder;discount_offer;escalate_to_human;no_action,escalate_to_human,True,388.6,0.51,3
TXN001914,CUST00836,1212,2205.1,0.5,253.4,0,102,467.23,checkout_abandoned,bank_decline,2026-06-29T19:38:54.817611,19,0,0,,False,retry_link;reminder;discount_offer;escalate_to_human;no_action,no_action,True,467.23,28.57,0
TXN001915,CUST00327,57,8927.16,0.667,1110.3,2,0,1685.89,payment_failed,insufficient_funds,2026-06-29T19:45:26.044220,19,0,1,2026-06-28T20:53:54.711600,False,retry_link;reminder;discount_offer;escalate_to_human;no_action,reminder,False,0.0,,1
TXN001916,CUST01296,395,4765.27,0.0,431.76,0,90,430.45,checkout_abandoned,bank_decline,2026-06-29T19:48:28.730481,19,0,0,2026-06-22T17:40:22.230731,True,no_action,no_action,False,0.0,,2
TXN001917,CUST00842,1364,2001.73,0.5,1455.47,0,23,1207.16,payment_failed,price_hesitation,2026-06-29T19:53:52.128343,19,0,0,,False,retry_link;reminder;discount_offer;escalate_to_human;no_action,no_action,True,1207.16,9.95,0
TXN001918,CUST00199,1442,620.87,0.5,100.0,1,20,50.0,payment_failed,insufficient_funds,2026-06-29T20:30:14.876996,20,0,0,2026-06-09T17:53:56.430043,False,retry_link;reminder;discount_offer;escalate_to_human;no_action,escalate_to_human,True,50.0,0.25,1
TXN001919,CUST01231,1100,6437.58,0.0,503.97,0,129,506.74,payment_failed,bank_decline,2026-06-29T20:30:25.896354,20,0,0,2026-06-21T01:58:45.332613,False,retry_link;reminder;discount_offer;escalate_to_human;no_action,no_action,False,0.0,,4
TXN001920,CUST00105,1180,5074.69,0.5,450.35,0,119,269.71,payment_failed,gateway_error,2026-06-29T22:06:30.470605,22,0,0,,False,retry_link;reminder;discount_offer;escalate_to_human;no_action,escalate_to_human,True,269.71,7.29,0
TXN001921,CUST00414,27,4099.29,1.0,654.67,1,16,851.09,checkout_abandoned,price_hesitation,2026-06-29T22:19:54.400455,22,0,0,2026-06-13T00:35:12.781695,False,retry_link;reminder;discount_offer;escalate_to_human;no_action,no_action,False,0.0,,0
TXN001922,CUST00046,669,5388.29,0.5,475.83,0,47,646.88,payment_failed,insufficient_funds,2026-06-29T23:04:29.056783,23,0,0,,False,retry_link;reminder;discount_offer;escalate_to_human;no_action,discount_offer,True,646.88,5.53,0
TXN001923,CUST00990,514,2593.97,0.5,338.57,1,19,190.51,payment_failed,bank_decline,2026-06-29T23:42:24.051879,23,0,0,2026-06-10T19:49:57.814652,False,retry_link;reminder;discount_offer;escalate_to_human;no_action,reminder,True,190.51,1.53,1
TXN001924,CUST00462,1123,2038.09,0.0,600.27,0,116,560.34,payment_failed,price_hesitation,2026-06-29T23:50:22.135032,23,0,0,2026-06-21T03:10:24.725946,False,retry_link;reminder;discount_offer;escalate_to_human;no_action,reminder,False,0.0,,1
TXN001925,CUST01093,589,4876.44,0.0,358.86,0,69,330.64,checkout_abandoned,price_hesitation,2026-06-30T00:23:24.441093,0,1,0,2026-06-21T13:36:26.496219,False,retry_link;reminder;discount_offer;escalate_to_human;no_action,escalate_to_human,False,0.0,,1
TXN001926,CUST01186,214,5092.92,1.0,505.63,1,0,702.69,checkout_abandoned,gateway_error,2026-06-30T00:55:26.392045,0,1,1,2026-06-29T04:52:05.632658,False,retry_link;reminder;discount_offer;escalate_to_human;no_action,no_action,False,0.0,,0
TXN001927,CUST00611,694,1506.82,0.0,594.91,0,52,594.76,checkout_abandoned,price_hesitation,2026-06-30T01:04:02.788282,1,1,0,2026-06-23T06:07:35.382602,False,retry_link;reminder;discount_offer;escalate_to_human;no_action,retry_link,False,0.0,,2
TXN001928,CUST00956,601,14579.69,0.5,554.38,0,110,907.47,payment_failed,price_hesitation,2026-06-30T02:00:36.456195,2,1,0,,False,retry_link;reminder;discount_offer;escalate_to_human;no_action,reminder,False,0.0,,0
TXN001929,CUST01089,213,14140.63,1.0,253.07,2,14,272.29,payment_failed,gateway_error,2026-06-30T02:04:51.777677,2,1,0,2026-06-15T15:41:49.307725,False,retry_link;reminder;discount_offer;escalate_to_human;no_action,escalate_to_human,True,272.29,8.19,0
TXN001930,CUST01324,1299,1078.08,0.0,281.51,0,103,270.26,payment_failed,otp_timeout,2026-06-30T02:23:53.484839,2,1,0,2026-06-09T00:25:07.526223,False,retry_link;reminder;discount_offer;escalate_to_human;no_action,escalate_to_human,False,0.0,,1
TXN001931,CUST00493,905,2241.93,0.5,166.65,0,38,136.67,checkout_abandoned,insufficient_funds,2026-06-30T02:49:24.595468,2,1,0,,False,retry_link;reminder;discount_offer;escalate_to_human;no_action,reminder,True,136.67,12.84,0
TXN001932,CUST00657,949,5972.9,0.5,239.29,0,21,204.97,checkout_abandoned,insufficient_funds,2026-06-30T02:59:19.955380,2,1,0,,False,retry_link;reminder;discount_offer;escalate_to_human;no_action,escalate_to_human,True,204.97,6.85,0
TXN001933,CUST00035,96,17148.29,0.75,162.48,3,3,134.55,payment_failed,insufficient_funds,2026-06-30T03:23:49.957448,3,1,0,2026-06-26T08:11:01.723171,False,retry_link;reminder;discount_offer;escalate_to_human;no_action,no_action,False,0.0,,1
TXN001934,CUST00038,415,9932.71,0.5,633.18,0,110,744.81,checkout_abandoned,insufficient_funds,2026-06-30T04:00:07.202879,4,1,0,,False,retry_link;reminder;discount_offer;escalate_to_human;no_action,no_action,False,0.0,,0
TXN001935,CUST01215,172,28699.99,0.0,452.92,0,41,332.59,checkout_abandoned,bank_decline,2026-06-30T04:04:26.882638,4,1,0,2026-06-13T00:30:29.497160,False,retry_link;reminder;discount_offer;escalate_to_human;no_action,retry_link,False,0.0,,3
TXN001936,CUST00836,1212,2205.1,1.0,253.4,1,0,237.31,payment_failed,insufficient_funds,2026-06-30T04:07:19.610845,4,1,0,,False,retry_link;reminder;discount_offer;escalate_to_human;no_action,reminder,True,237.31,5.23,0
TXN001937,CUST00991,824,402.1,0.333,318.33,1,21,352.06,checkout_abandoned,gateway_error,2026-06-30T04:18:26.630927,4,1,0,2026-06-29T03:33:00.275473,False,retry_link;reminder;discount_offer;escalate_to_human;no_action,no_action,False,0.0,,2
TXN001938,CUST00070,1193,2163.09,1.0,431.81,1,25,546.32,checkout_abandoned,insufficient_funds,2026-06-30T04:31:07.066981,4,1,0,2026-06-05T00:11:50.710487,False,retry_link;reminder;discount_offer;escalate_to_human;no_action,reminder,True,546.32,11.63,0
TXN001939,CUST00808,586,469.58,0.5,199.42,0,67,110.44,payment_failed,insufficient_funds,2026-06-30T04:34:44.684907,4,1,0,,False,retry_link;reminder;discount_offer;escalate_to_human;no_action,escalate_to_human,False,0.0,,0
TXN001940,CUST01446,1407,108435.87,0.0,332.2,0,106,292.02,payment_failed,insufficient_funds,2026-06-30T05:14:05.340833,5,1,0,2026-06-05T14:41:56.084389,False,retry_link;reminder;discount_offer;escalate_to_human;no_action,discount_offer,False,0.0,,3
TXN001941,CUST00173,1083,5127.84,1.0,397.53,3,6,164.45,checkout_abandoned,insufficient_funds,2026-06-30T05:18:11.695236,5,1,0,2026-06-23T23:44:03.754312,False,retry_link;reminder;discount_offer;escalate_to_human;no_action,escalate_to_human,False,0.0,,0
TXN001942,CUST00613,578,6615.07,0.5,181.74,0,16,391.75,payment_failed,gateway_error,2026-06-30T06:03:40.056531,6,1,0,,False,retry_link;reminder;discount_offer;escalate_to_human;no_action,discount_offer,True,391.75,2.12,0
TXN001943,CUST01072,1135,6642.39,0.5,245.46,0,12,224.21,checkout_abandoned,price_hesitation,2026-06-30T06:11:12.429916,6,1,0,,False,retry_link;reminder;discount_offer;escalate_to_human;no_action,retry_link,True,224.21,2.78,0
TXN001944,CUST00680,1085,18047.89,0.0,235.98,0,120,240.25,payment_failed,insufficient_funds,2026-06-30T06:16:03.768448,6,1,0,,False,retry_link;reminder;discount_offer;escalate_to_human;no_action,no_action,False,0.0,,1
TXN001945,CUST00296,1274,5205.08,1.0,332.48,1,24,350.2,checkout_abandoned,price_hesitation,2026-06-30T06:25:24.795412,6,1,0,2026-06-05T23:17:53.899886,False,retry_link;reminder;discount_offer;escalate_to_human;no_action,reminder,True,350.2,4.7,0
TXN001946,CUST01270,554,7553.74,0.333,159.59,1,7,142.03,payment_failed,insufficient_funds,2026-06-30T07:29:05.549321,7,1,0,2026-06-22T12:14:09.697652,False,retry_link;reminder;discount_offer;escalate_to_human;no_action,retry_link,True,142.03,6.16,2
TXN001947,CUST00275,723,7244.46,0.0,1244.37,0,135,879.5,payment_failed,gateway_error,2026-06-30T07:44:04.099756,7,1,0,2026-06-06T09:23:02.623391,False,retry_link;reminder;discount_offer;escalate_to_human;no_action,no_action,False,0.0,,1
TXN001948,CUST00559,1276,3866.74,0.5,180.09,0,15,162.7,checkout_abandoned,gateway_error,2026-06-30T07:56:15.029256,7,1,0,,False,retry_link;reminder;discount_offer;escalate_to_human;no_action,retry_link,True,162.7,3.0,0
TXN001949,CUST00209,1168,5341.62,0.0,985.58,0,134,1098.27,payment_failed,price_hesitation,2026-06-30T08:07:32.255711,8,1,0,,False,retry_link;reminder;discount_offer;escalate_to_human;no_action,discount_offer,True,1098.27,18.75,1
TXN001950,CUST00974,222,1243.93,0.333,308.13,1,22,322.73,payment_failed,price_hesitation,2026-06-30T08:44:22.262963,8,1,0,2026-06-11T17:43:40.000693,False,retry_link;reminder;discount_offer;escalate_to_human;no_action,discount_offer,True,322.73,1.0,2
TXN001951,CUST00363,1340,5261.17,0.5,405.0,0,63,308.05,checkout_abandoned,gateway_error,2026-06-30T08:45:02.794257,8,1,0,,False,retry_link;reminder;discount_offer;escalate_to_human;no_action,reminder,False,0.0,,0
TXN001952,CUST01033,471,2638.06,0.5,589.74,1,20,623.63,payment_failed,otp_timeout,2026-06-30T08:48:38.306569,8,1,0,2026-06-09T19:04:00.266427,False,retry_link;reminder;discount_offer;escalate_to_human;no_action,reminder,False,0.0,,1
TXN001953,CUST00022,274,1599.29,0.0,143.14,0,116,176.88,checkout_abandoned,insufficient_funds,2026-06-30T09:12:51.745581,9,1,0,2026-06-28T13:54:12.782273,False,retry_link;reminder;discount_offer;escalate_to_human;no_action,retry_link,False,0.0,,4
TXN001954,CUST00537,174,4710.78,0.5,403.0,0,58,383.89,payment_failed,price_hesitation,2026-06-30T09:34:19.234966,9,1,0,,False,retry_link;reminder;discount_offer;escalate_to_human;no_action,no_action,False,0.0,,0
TXN001955,CUST00294,817,1556.9,0.0,355.76,0,85,301.18,payment_failed,price_hesitation,2026-06-30T10:32:59.446527,10,1,0,2026-06-14T09:08:27.372907,False,retry_link;reminder;discount_offer;escalate_to_human;no_action,retry_link,False,0.0,,4
TXN001956,CUST01175,508,2592.16,0.5,473.74,0,102,436.23,checkout_abandoned,gateway_error,2026-06-30T11:23:12.807511,11,1,0,,False,retry_link;reminder;discount_offer;escalate_to_human;no_action,reminder,True,436.23,1.48,0
TXN001957,CUST01231,1100,6437.58,0.0,503.97,0,130,526.58,payment_failed,bank_decline,2026-06-30T12:02:27.767638,12,1,0,2026-06-21T01:58:45.332613,False,retry_link;reminder;discount_offer;escalate_to_human;no_action,retry_link,True,526.58,5.44,5
TXN001958,CUST00553,477,7408.31,0.5,299.39,1,23,281.3,payment_failed,price_hesitation,2026-06-30T12:18:26.306990,12,1,0,2026-06-07T11:19:54.028218,False,retry_link;reminder;discount_offer;escalate_to_human;no_action,reminder,True,281.3,1.14,1
TXN001959,CUST01378,755,672.53,0.0,113.87,0,36,114.56,checkout_abandoned,bank_decline,2026-06-30T12:49:39.345950,12,1,0,2026-06-26T20:48:07.458590,False,retry_link;reminder;discount_offer;escalate_to_human;no_action,discount_offer,False,0.0,,1
TXN001960,CUST00194,1439,14561.64,0.5,642.9,1,15,619.94,checkout_abandoned,price_hesitation,2026-06-30T13:03:36.666133,13,1,0,2026-06-14T20:39:56.540361,False,retry_link;reminder;discount_offer;escalate_to_human;no_action,no_action,False,0.0,,1
TXN001961,CUST00725,176,6761.8,0.0,378.53,0,108,430.38,payment_failed,bank_decline,2026-06-30T13:32:55.383439,13,1,0,2026-06-23T13:16:41.017232,False,retry_link;reminder;discount_offer;escalate_to_human;no_action,escalate_to_human,False,0.0,,1
TXN001962,CUST00169,35,754.16,0.5,321.5,1,12,444.73,payment_failed,insufficient_funds,2026-06-30T13:55:15.358107,13,1,0,2026-06-17T14:01:22.634005,False,retry_link;reminder;discount_offer;escalate_to_human;no_action,no_action,False,0.0,,1
TXN001963,CUST00860,1452,18189.22,1.0,249.67,1,21,193.9,checkout_abandoned,otp_timeout,2026-06-30T14:21:34.740984,14,1,0,,False,retry_link;reminder;discount_offer;escalate_to_human;no_action,reminder,True,193.9,2.69,0
TXN001964,CUST00198,509,22021.44,0.5,478.06,0,47,260.27,payment_failed,insufficient_funds,2026-06-30T14:43:54.125150,14,1,0,,False,retry_link;reminder;discount_offer;escalate_to_human;no_action,no_action,False,0.0,,0
TXN001965,CUST00924,373,952.11,0.0,260.17,0,58,170.35,payment_failed,otp_timeout,2026-06-30T14:48:38.651797,14,1,0,,True,no_action,no_action,False,0.0,,2
TXN001966,CUST00525,466,5296.41,0.5,662.52,0,5,863.14,payment_failed,gateway_error,2026-06-30T15:05:19.815889,15,1,0,,False,retry_link;reminder;discount_offer;escalate_to_human;no_action,retry_link,True,863.14,7.09,0
TXN001967,CUST01373,631,12096.12,0.0,432.2,0,25,629.36,payment_failed,otp_timeout,2026-06-30T15:53:37.932801,15,1,0,2026-06-16T22:05:35.972125,False,retry_link;reminder;discount_offer;escalate_to_human;no_action,reminder,True,629.36,2.85,1
TXN001968,CUST00386,102,1106.11,0.333,182.05,1,15,136.02,checkout_abandoned,insufficient_funds,2026-06-30T16:35:07.856624,16,1,0,2026-06-15T14:07:15.558838,False,retry_link;reminder;discount_offer;escalate_to_human;no_action,reminder,False,0.0,,2
TXN001969,CUST00498,1389,1319.63,0.5,616.23,0,10,636.48,payment_failed,gateway_error,2026-06-30T17:24:15.276883,17,1,0,,False,retry_link;reminder;discount_offer;escalate_to_human;no_action,discount_offer,True,636.48,4.7,0
TXN001970,CUST00069,704,4162.38,0.0,127.97,0,137,219.45,payment_failed,insufficient_funds,2026-06-30T17:33:00.097403,17,1,0,,False,retry_link;reminder;discount_offer;escalate_to_human;no_action,discount_offer,False,0.0,,2
TXN001971,CUST00160,1494,6298.81,0.5,280.28,0,74,358.98,checkout_abandoned,insufficient_funds,2026-06-30T17:36:47.916690,17,1,0,,False,retry_link;reminder;discount_offer;escalate_to_human;no_action,no_action,False,0.0,,0
TXN001972,CUST00493,905,2241.93,1.0,166.65,1,0,141.87,payment_failed,otp_timeout,2026-06-30T18:14:48.725214,18,1,1,2026-06-30T02:49:24.595468,False,retry_link;reminder;discount_offer;escalate_to_human;no_action,discount_offer,True,141.87,2.42,0
TXN001973,CUST00371,992,4960.97,0.5,1206.16,0,53,1286.58,checkout_abandoned,otp_timeout,2026-06-30T18:29:36.862404,18,1,0,,False,retry_link;reminder;discount_offer;escalate_to_human;no_action,no_action,False,0.0,,0
TXN001974,CUST00542,293,11794.11,0.0,239.82,0,45,348.14,checkout_abandoned,gateway_error,2026-06-30T18:44:07.762748,18,1,0,2026-06-15T07:23:13.222923,False,retry_link;reminder;discount_offer;escalate_to_human;no_action,reminder,False,0.0,,3
TXN001975,CUST00020,751,14793.16,0.5,690.64,0,16,496.21,checkout_abandoned,insufficient_funds,2026-06-30T19:09:36.695575,19,1,0,,False,retry_link;reminder;discount_offer;escalate_to_human;no_action,no_action,False,0.0,,0
TXN001976,CUST00921,859,8547.15,0.0,2036.64,0,49,5384.49,checkout_abandoned,insufficient_funds,2026-06-30T19:25:01.384733,19,1,0,,False,retry_link;reminder;discount_offer;escalate_to_human;no_action,escalate_to_human,False,0.0,,1
TXN001977,CUST01099,651,3688.92,0.0,525.49,0,29,402.53,payment_failed,otp_timeout,2026-06-30T19:36:29.964052,19,1,0,2026-06-29T14:40:11.343907,False,retry_link;reminder;discount_offer;escalate_to_human;no_action,escalate_to_human,True,402.53,2.86,2
TXN001978,CUST00355,1488,6307.31,0.5,415.2,0,71,329.01,payment_failed,price_hesitation,2026-06-30T20:17:48.550772,20,1,0,,False,retry_link;reminder;discount_offer;escalate_to_human;no_action,retry_link,True,329.01,15.12,0
TXN001979,CUST00467,894,7345.92,0.25,286.04,1,15,230.3,payment_failed,insufficient_funds,2026-06-30T20:24:51.327056,20,1,0,2026-06-15T05:59:15.334149,False,retry_link;reminder;discount_offer;escalate_to_human;no_action,reminder,False,0.0,,3
TXN001980,CUST00341,437,24329.75,0.5,339.55,0,14,303.33,payment_failed,gateway_error,2026-06-30T20:50:44.073385,20,1,0,,False,retry_link;reminder;discount_offer;escalate_to_human;no_action,retry_link,True,303.33,2.33,0
TXN001981,CUST00110,416,7597.14,0.0,192.24,0,56,316.18,payment_failed,insufficient_funds,2026-06-30T21:00:56.746147,21,1,0,2026-06-16T14:02:41.420968,False,retry_link;reminder;discount_offer;escalate_to_human;no_action,reminder,False,0.0,,1
TXN001982,CUST00835,1165,2462.15,0.5,166.83,0,99,218.54,checkout_abandoned,otp_timeout,2026-06-30T21:11:00.965104,21,1,0,,False,retry_link;reminder;discount_offer;escalate_to_human;no_action,retry_link,True,218.54,2.49,0
TXN001983,CUST01342,179,6635.23,0.0,155.46,0,40,108.2,checkout_abandoned,insufficient_funds,2026-06-30T21:23:49.160224,21,1,0,2026-06-15T00:03:02.038213,False,retry_link;reminder;discount_offer;escalate_to_human;no_action,discount_offer,False,0.0,,2
TXN001984,CUST00475,1177,42469.14,0.0,585.58,0,114,584.1,payment_failed,insufficient_funds,2026-06-30T21:51:23.953570,21,1,0,2026-06-18T21:48:32.418547,False,retry_link;reminder;discount_offer;escalate_to_human;no_action,discount_offer,False,0.0,,1
TXN001985,CUST00997,541,2748.28,1.0,681.95,2,19,410.62,payment_failed,gateway_error,2026-06-30T22:18:26.700128,22,1,0,2026-06-11T05:55:34.381819,False,retry_link;reminder;discount_offer;escalate_to_human;no_action,retry_link,True,410.62,9.71,0
TXN001986,CUST00767,719,1085.39,0.5,855.43,0,51,1809.13,checkout_abandoned,price_hesitation,2026-06-30T22:19:28.902380,22,1,0,,False,retry_link;reminder;discount_offer;escalate_to_human;no_action,retry_link,False,0.0,,0
TXN001987,CUST00505,681,8745.95,0.5,264.43,0,72,292.54,payment_failed,bank_decline,2026-06-30T22:35:17.012827,22,1,0,,False,retry_link;reminder;discount_offer;escalate_to_human;no_action,discount_offer,False,0.0,,0
TXN001988,CUST00464,10,4857.59,0.5,135.46,0,63,104.19,checkout_abandoned,gateway_error,2026-06-30T23:03:59.761622,23,1,0,,False,retry_link;reminder;discount_offer;escalate_to_human;no_action,no_action,True,104.19,1.15,0
TXN001989,CUST00010,790,8043.3,1.0,441.88,2,16,435.71,payment_failed,insufficient_funds,2026-06-30T23:14:09.898085,23,1,0,2026-06-14T02:00:35.919851,False,retry_link;reminder;discount_offer;escalate_to_human;no_action,escalate_to_human,True,435.71,9.05,0
TXN001990,CUST01378,755,672.53,0.0,113.87,0,37,98.95,payment_failed,price_hesitation,2026-06-30T23:59:53.234580,23,1,1,2026-06-30T12:49:39.345950,False,retry_link;reminder;discount_offer;escalate_to_human;no_action,discount_offer,False,0.0,,2
TXN001991,CUST00215,409,9400.34,1.0,185.9,1,26,161.08,payment_failed,price_hesitation,2026-07-01T00:13:12.077548,0,2,0,2026-06-04T22:17:45.935203,False,retry_link;reminder;discount_offer;escalate_to_human;no_action,retry_link,True,161.08,4.53,0
TXN001992,CUST00688,668,4867.45,1.0,160.86,1,8,127.48,payment_failed,gateway_error,2026-07-01T00:15:18.357404,0,2,0,2026-06-22T22:51:50.431276,False,retry_link;reminder;discount_offer;escalate_to_human;no_action,no_action,False,0.0,,0
TXN001993,CUST00346,1487,1511.47,1.0,372.71,1,9,158.23,checkout_abandoned,insufficient_funds,2026-07-01T00:17:55.824155,0,2,0,2026-06-21T03:41:30.730884,False,retry_link;reminder;discount_offer;escalate_to_human;no_action,retry_link,False,0.0,,0
TXN001994,CUST00513,1225,5405.41,0.5,250.28,0,67,445.21,checkout_abandoned,otp_timeout,2026-07-01T00:23:49.050932,0,2,0,,False,retry_link;reminder;discount_offer;escalate_to_human;no_action,reminder,False,0.0,,0
TXN001995,CUST00734,313,24683.72,0.5,100.0,0,44,172.64,checkout_abandoned,gateway_error,2026-07-01T00:25:34.754568,0,2,0,,False,retry_link;reminder;discount_offer;escalate_to_human;no_action,escalate_to_human,False,0.0,,0
TXN001996,CUST00376,1105,27920.15,0.5,694.18,0,110,586.48,checkout_abandoned,price_hesitation,2026-07-01T00:28:12.307257,0,2,0,,False,retry_link;reminder;discount_offer;escalate_to_human;no_action,no_action,False,0.0,,0
TXN001997,CUST01062,216,336.97,0.0,236.44,0,74,649.67,payment_failed,gateway_error,2026-07-01T00:47:11.200794,0,2,0,2026-06-29T13:30:46.286381,False,retry_link;reminder;discount_offer;escalate_to_human;no_action,escalate_to_human,True,649.67,6.85,2
TXN001998,CUST00048,1017,1202.52,0.5,109.09,0,93,78.99,checkout_abandoned,gateway_error,2026-07-01T00:52:12.301156,0,2,0,,False,retry_link;reminder;discount_offer;escalate_to_human;no_action,no_action,True,78.99,12.97,0
TXN001999,CUST00125,848,7346.81,0.0,184.59,0,57,188.95,payment_failed,insufficient_funds,2026-07-01T00:57:10.566823,0,2,0,2026-06-28T22:59:32.654615,False,retry_link;reminder;discount_offer;escalate_to_human;no_action,retry_link,False,0.0,,2
TXN002000,CUST00258,263,1034.29,0.0,521.8,0,118,458.23,payment_failed,price_hesitation,2026-07-01T01:41:13.908814,1,2,0,,False,retry_link;reminder;discount_offer;escalate_to_human;no_action,escalate_to_human,False,0.0,,1
TXN002001,CUST01197,1472,15182.26,0.5,582.1,1,29,918.5,checkout_abandoned,insufficient_funds,2026-07-01T02:00:30.646225,2,2,0,2026-06-01T22:25:41.547983,False,retry_link;reminder;discount_offer;escalate_to_human;no_action,retry_link,False,0.0,,1
TXN002002,CUST00488,1147,60463.56,0.5,395.98,0,90,314.24,checkout_abandoned,insufficient_funds,2026-07-01T02:24:53.546522,2,2,0,,False,retry_link;reminder;discount_offer;escalate_to_human;no_action,escalate_to_human,True,314.24,8.8,0
TXN002003,CUST00235,1079,22194.4,0.0,348.54,0,101,260.66,payment_failed,bank_decline,2026-07-01T02:26:51.587049,2,2,0,,True,no_action,no_action,False,0.0,,1
TXN002004,CUST00968,1380,4206.83,0.667,266.56,2,15,244.54,checkout_abandoned,gateway_error,2026-07-01T04:38:58.358169,4,2,0,2026-06-15T16:05:10.385209,False,retry_link;reminder;discount_offer;escalate_to_human;no_action,escalate_to_human,True,244.54,11.8,1
TXN002005,CUST01322,824,40460.82,0.5,301.14,0,108,271.25,checkout_abandoned,insufficient_funds,2026-07-01T04:44:42.420119,4,2,0,,False,retry_link;reminder;discount_offer;escalate_to_human;no_action,discount_offer,True,271.25,0.19,0
TXN002006,CUST01472,674,1637.52,1.0,103.21,1,26,130.35,payment_failed,price_hesitation,2026-07-01T05:21:33.671334,5,2,0,2026-06-05T01:55:46.682617,False,retry_link;reminder;discount_offer;escalate_to_human;no_action,reminder,False,0.0,,0
TXN002007,CUST00892,784,4689.89,0.333,870.95,1,2,514.82,payment_failed,insufficient_funds,2026-07-01T05:28:33.739485,5,2,0,2026-06-28T23:44:13.396071,False,retry_link;reminder;discount_offer;escalate_to_human;no_action,no_action,False,0.0,,2
TXN002008,CUST00808,586,469.58,0.0,199.42,0,68,250.72,payment_failed,insufficient_funds,2026-07-01T05:28:53.984696,5,2,0,2026-06-30T04:34:44.684907,False,retry_link;reminder;discount_offer;escalate_to_human;no_action,escalate_to_human,False,0.0,,1
TXN002009,CUST01176,475,892.37,0.5,192.03,0,119,231.48,payment_failed,otp_timeout,2026-07-01T05:39:57.305265,5,2,0,,False,retry_link;reminder;discount_offer;escalate_to_human;no_action,reminder,False,0.0,,0
TXN002010,CUST00732,1382,4377.59,0.0,276.79,0,27,363.51,payment_failed,bank_decline,2026-07-01T06:08:53.881639,6,2,0,2026-06-29T06:55:38.126307,False,retry_link;reminder;discount_offer;escalate_to_human;no_action,reminder,False,0.0,,3
TXN002011,CUST00596,869,3931.45,0.333,137.35,1,27,142.19,checkout_abandoned,otp_timeout,2026-07-01T06:26:45.978391,6,2,0,2026-06-28T06:07:05.056664,False,retry_link;reminder;discount_offer;escalate_to_human;no_action,escalate_to_human,True,142.19,1.03,2
TXN002012,CUST00376,1105,27920.15,0.0,694.18,0,110,715.07,checkout_abandoned,gateway_error,2026-07-01T06:37:53.735937,6,2,0,,False,retry_link;reminder;discount_offer;escalate_to_human;no_action,retry_link,True,715.07,2.23,1
TXN002013,CUST01051,548,5319.95,0.5,271.58,1,5,179.52,payment_failed,price_hesitation,2026-07-01T07:41:21.684617,7,2,0,2026-06-26T03:10:53.233823,False,retry_link;reminder;discount_offer;escalate_to_human;no_action,retry_link,False,0.0,,1
TXN002014,CUST00649,1272,14122.85,0.5,465.61,1,5,262.76,checkout_abandoned,price_hesitation,2026-07-01T07:57:56.584918,7,2,0,2026-06-26T03:05:08.532036,False,retry_link;reminder;discount_offer;escalate_to_human;no_action,retry_link,True,262.76,7.93,1
TXN002015,CUST01071,314,4872.22,0.25,390.1,1,1,859.7,payment_failed,otp_timeout,2026-07-01T08:08:16.234064,8,2,0,2026-06-29T17:48:32.524786,False,retry_link;reminder;discount_offer;escalate_to_human;no_action,escalate_to_human,False,0.0,,3
TXN002016,CUST00004,650,1780.81,0.0,170.75,0,106,119.28,payment_failed,gateway_error,2026-07-01T08:34:45.012489,8,2,0,2026-06-24T11:13:41.527725,False,retry_link;reminder;discount_offer;escalate_to_human;no_action,discount_offer,False,0.0,,2
TXN002017,CUST01430,705,4583.14,0.5,778.77,0,20,1248.83,payment_failed,bank_decline,2026-07-01T09:15:51.473226,9,2,0,,False,retry_link;reminder;discount_offer;escalate_to_human;no_action,retry_link,True,1248.83,4.33,0
TXN002018,CUST00358,137,2577.97,1.0,706.12,2,17,680.55,checkout_abandoned,bank_decline,2026-07-01T09:37:21.394432,9,2,0,2026-06-13T20:40:58.049964,False,retry_link;reminder;discount_offer;escalate_to_human;no_action,reminder,True,680.55,1.42,0
TXN002019,CUST00028,818,3265.32,0.0,319.63,0,52,552.09,payment_failed,price_hesitation,2026-07-01T09:44:52.695298,9,2,0,2026-06-20T09:11:28.827507,False,retry_link;reminder;discount_offer;escalate_to_human;no_action,reminder,False,0.0,,1
TXN002020,CUST00086,146,4249.47,0.0,1054.93,0,52,839.7,checkout_abandoned,price_hesitation,2026-07-01T09:47:24.703751,9,2,0,2026-06-20T10:14:21.376991,False,retry_link;reminder;discount_offer;escalate_to_human;no_action,retry_link,False,0.0,,1
TXN002021,CUST00140,1474,1668.66,0.5,847.25,0,43,1140.89,payment_failed,otp_timeout,2026-07-01T09:49:01.645604,9,2,0,,False,retry_link;reminder;discount_offer;escalate_to_human;no_action,retry_link,True,1140.89,0.26,0
TXN002022,CUST01131,1005,6338.58,0.5,425.04,0,42,689.02,checkout_abandoned,gateway_error,2026-07-01T10:04:41.872521,10,2,0,,False,retry_link;reminder;discount_offer;escalate_to_human;no_action,no_action,False,0.0,,0
TXN002023,CUST01366,453,4425.71,0.0,178.72,0,29,135.81,payment_failed,price_hesitation,2026-07-01T10:08:47.568021,10,2,0,,False,retry_link;reminder;discount_offer;escalate_to_human;no_action,no_action,False,0.0,,1
TXN002024,CUST01402,450,2018.2,1.0,194.41,1,16,323.46,payment_failed,price_hesitation,2026-07-01T10:26:29.731154,10,2,0,2026-06-14T16:23:44.610291,False,retry_link;reminder;discount_offer;escalate_to_human;no_action,discount_offer,False,0.0,,0
TXN002025,CUST00559,1276,3866.74,1.0,180.09,1,1,234.79,payment_failed,gateway_error,2026-07-01T10:52:21.761515,10,2,0,2026-06-30T07:56:15.029256,False,retry_link;reminder;discount_offer;escalate_to_human;no_action,discount_offer,True,234.79,3.52,0
TXN002026,CUST01113,438,7754.88,0.333,260.22,1,21,322.32,payment_failed,insufficient_funds,2026-07-01T10:58:46.698239,10,2,0,2026-06-19T09:12:11.665872,False,retry_link;reminder;discount_offer;escalate_to_human;no_action,escalate_to_human,False,0.0,,2
TXN002027,CUST00194,1439,14561.64,0.333,642.9,1,16,845.51,checkout_abandoned,insufficient_funds,2026-07-01T11:03:45.514233,11,2,0,2026-06-14T20:39:56.540361,False,retry_link;reminder;discount_offer;escalate_to_human;no_action,retry_link,True,845.51,2.73,2
TXN002028,CUST01046,359,1288.98,0.0,100.0,0,101,60.19,payment_failed,price_hesitation,2026-07-01T11:21:41.876076,11,2,0,,False,retry_link;reminder;discount_offer;escalate_to_human;no_action,escalate_to_human,False,0.0,,2
TXN002029,CUST00010,790,8043.3,1.0,441.88,3,0,427.25,payment_failed,bank_decline,2026-07-01T11:34:48.960764,11,2,1,2026-06-30T23:14:09.898085,False,retry_link;reminder;discount_offer;escalate_to_human;no_action,escalate_to_human,False,0.0,,0
TXN002030,CUST00821,998,12380.96,0.5,307.53,0,31,330.72,checkout_abandoned,gateway_error,2026-07-01T12:06:03.518693,12,2,0,,False,retry_link;reminder;discount_offer;escalate_to_human;no_action,no_action,True,330.72,7.36,0
TXN002031,CUST00071,285,1242.22,0.5,655.17,0,8,651.7,payment_failed,gateway_error,2026-07-01T12:18:05.923294,12,2,0,,False,retry_link;reminder;discount_offer;escalate_to_human;no_action,discount_offer,True,651.7,0.47,0
TXN002032,CUST01065,582,18660.65,0.0,605.14,0,38,355.72,checkout_abandoned,price_hesitation,2026-07-01T12:50:13.714495,12,2,0,2026-06-14T12:40:07.947422,False,retry_link;reminder;discount_offer;escalate_to_human;no_action,escalate_to_human,False,0.0,,1
TXN002033,CUST00459,159,7779.28,0.0,433.72,0,46,525.76,checkout_abandoned,price_hesitation,2026-07-01T12:54:17.547775,12,2,0,2026-06-07T11:30:36.306341,False,retry_link;reminder;discount_offer;escalate_to_human;no_action,escalate_to_human,True,525.76,9.98,1
TXN002034,CUST01315,449,11053.7,1.0,148.2,1,12,96.64,checkout_abandoned,insufficient_funds,2026-07-01T13:02:38.922877,13,2,0,2026-06-19T11:50:31.897026,False,retry_link;reminder;discount_offer;escalate_to_human;no_action,discount_offer,False,0.0,,0
TXN002035,CUST01321,412,10158.25,0.0,407.97,0,57,380.76,payment_failed,price_hesitation,2026-07-01T13:10:15.357164,13,2,0,2026-06-29T10:45:30.147536,False,retry_link;reminder;discount_offer;escalate_to_human;no_action,no_action,False,0.0,,3
TXN002036,CUST01061,1031,5458.79,0.0,523.83,0,72,519.28,payment_failed,otp_timeout,2026-07-01T13:13:23.546356,13,2,0,2026-06-04T11:46:32.508225,False,retry_link;reminder;discount_offer;escalate_to_human;no_action,escalate_to_human,True,519.28,8.47,1
TXN002037,CUST01124,1261,1162.9,1.0,136.87,1,25,101.88,checkout_abandoned,insufficient_funds,2026-07-01T13:16:55.101429,13,2,0,2026-06-05T15:12:01.037818,False,retry_link;reminder;discount_offer;escalate_to_human;no_action,reminder,True,101.88,2.63,0
TXN002038,CUST00128,862,2257.49,0.5,813.4,1,30,558.29,payment_failed,price_hesitation,2026-07-01T13:21:06.437768,13,2,0,2026-06-29T03:04:07.913696,False,retry_link;reminder;discount_offer;escalate_to_human;no_action,escalate_to_human,False,0.0,,1
TXN002039,CUST00597,1169,7432.73,0.0,527.38,0,113,1091.61,payment_failed,bank_decline,2026-07-01T13:24:44.697042,13,2,0,2026-06-11T09:45:38.969739,True,no_action,no_action,False,0.0,,2
TXN002040,CUST00242,142,1631.77,1.0,301.04,2,10,424.5,checkout_abandoned,price_hesitation,2026-07-01T14:07:21.592334,14,2,0,2026-06-14T05:44:52.263224,False,retry_link;reminder;discount_offer;escalate_to_human;no_action,retry_link,True,424.5,1.33,0
TXN002041,CUST00910,1155,1284.52,0.333,493.27,1,25,452.14,payment_failed,price_hesitation,2026-07-01T14:21:23.987376,14,2,0,2026-06-13T20:47:49.929220,False,retry_link;reminder;discount_offer;escalate_to_human;no_action,retry_link,False,0.0,,2
TXN002042,CUST01084,301,5440.3,0.0,2107.18,0,75,2247.56,payment_failed,otp_timeout,2026-07-01T15:00:44.494173,15,2,0,,False,retry_link;reminder;discount_offer;escalate_to_human;no_action,escalate_to_human,False,0.0,,1
TXN002043,CUST00558,1189,7332.47,0.5,436.72,1,18,531.64,checkout_abandoned,insufficient_funds,2026-07-01T15:04:19.062003,15,2,0,2026-06-12T17:30:09.998118,True,no_action,no_action,False,0.0,,1
TXN002044,CUST00088,1151,3459.86,1.0,716.67,1,24,555.12,checkout_abandoned,gateway_error,2026-07-01T15:04:34.745545,15,2,0,2026-06-07T04:33:27.322359,False,retry_link;reminder;discount_offer;escalate_to_human;no_action,escalate_to_human,False,0.0,,0
TXN002045,CUST01076,1067,3428.79,0.5,430.67,0,53,487.16,payment_failed,price_hesitation,2026-07-01T15:14:00.260296,15,2,0,,False,retry_link;reminder;discount_offer;escalate_to_human;no_action,escalate_to_human,False,0.0,,0
TXN002046,CUST00818,998,1766.42,0.5,200.15,0,27,160.16,checkout_abandoned,price_hesitation,2026-07-01T15:31:53.400546,15,2,0,,False,retry_link;reminder;discount_offer;escalate_to_human;no_action,reminder,True,160.16,2.68,0
TXN002047,CUST00004,650,1780.81,0.0,170.75,0,106,238.59,payment_failed,gateway_error,2026-07-01T15:44:18.718312,15,2,1,2026-07-01T08:34:45.012489,True,no_action,no_action,False,0.0,,3
TXN002048,CUST01016,576,1090.98,0.5,638.04,0,43,615.71,payment_failed,bank_decline,2026-07-01T15:50:20.965087,15,2,0,,False,retry_link;reminder;discount_offer;escalate_to_human;no_action,escalate_to_human,True,615.71,14.0,0
TXN002049,CUST00210,392,4947.4,0.5,132.51,0,47,108.74,payment_failed,otp_timeout,2026-07-01T15:50:56.407581,15,2,0,,False,retry_link;reminder;discount_offer;escalate_to_human;no_action,discount_offer,True,108.74,1.13,0
TXN002050,CUST00896,764,121257.19,0.0,221.4,0,99,312.49,payment_failed,bank_decline,2026-07-01T16:35:05.076246,16,2,0,2026-06-18T07:34:08.526344,True,no_action,no_action,False,0.0,,4
TXN002051,CUST00600,924,2129.07,0.5,131.05,0,37,105.51,checkout_abandoned,bank_decline,2026-07-01T16:36:55.844583,16,2,0,,False,retry_link;reminder;discount_offer;escalate_to_human;no_action,escalate_to_human,True,105.51,1.3,0
TXN002052,CUST00595,1203,37043.51,1.0,239.57,3,7,416.27,checkout_abandoned,price_hesitation,2026-07-01T17:02:05.687754,17,2,0,2026-06-23T21:22:55.460159,False,retry_link;reminder;discount_offer;escalate_to_human;no_action,no_action,False,0.0,,0
TXN002053,CUST01189,11,7934.73,0.0,322.4,0,53,231.27,payment_failed,bank_decline,2026-07-01T17:59:16.529497,17,2,0,2026-06-27T23:19:19.747304,False,retry_link;reminder;discount_offer;escalate_to_human;no_action,discount_offer,True,231.27,7.25,2
TXN002054,CUST01347,1051,4743.02,0.5,161.71,0,21,198.23,checkout_abandoned,bank_decline,2026-07-01T18:22:46.661706,18,2,0,,False,retry_link;reminder;discount_offer;escalate_to_human;no_action,retry_link,True,198.23,1.92,0
TXN002055,CUST00893,1470,5358.6,0.5,527.27,0,117,720.29,payment_failed,bank_decline,2026-07-01T18:29:49.368831,18,2,0,,False,retry_link;reminder;discount_offer;escalate_to_human;no_action,escalate_to_human,True,720.29,1.16,0
TXN002056,CUST01393,1113,6114.61,1.0,250.12,1,7,250.14,payment_failed,gateway_error,2026-07-01T18:31:43.558493,18,2,0,2026-06-24T09:36:18.764593,False,retry_link;reminder;discount_offer;escalate_to_human;no_action,escalate_to_human,True,250.14,7.13,0
TXN002057,CUST01491,734,14436.92,1.0,493.2,1,15,518.68,checkout_abandoned,price_hesitation,2026-07-01T18:50:54.265746,18,2,0,2026-06-16T05:52:54.454553,False,retry_link;reminder;discount_offer;escalate_to_human;no_action,escalate_to_human,True,518.68,3.39,0
TXN002058,CUST00430,127,6017.72,0.5,175.14,0,115,358.53,payment_failed,gateway_error,2026-07-01T18:55:26.066627,18,2,0,,False,retry_link;reminder;discount_offer;escalate_to_human;no_action,no_action,False,0.0,,0
TXN002059,CUST01078,627,2644.35,1.0,253.45,3,3,128.5,checkout_abandoned,otp_timeout,2026-07-01T19:02:26.968455,19,2,0,2026-06-28T17:51:53.454769,False,retry_link;reminder;discount_offer;escalate_to_human;no_action,reminder,True,128.5,0.06,0
TXN002060,CUST00812,1027,14467.03,0.0,157.95,0,53,106.96,payment_failed,gateway_error,2026-07-01T19:03:57.450901,19,2,0,,False,retry_link;reminder;discount_offer;escalate_to_human;no_action,reminder,True,106.96,2.06,1
TXN002061,CUST01059,467,24553.04,1.0,259.87,1,15,373.7,checkout_abandoned,otp_timeout,2026-07-01T20:12:08.645988,20,2,0,2026-06-16T07:38:39.134276,False,retry_link;reminder;discount_offer;escalate_to_human;no_action,retry_link,True,373.7,2.57,0
TXN002062,CUST00984,881,6377.36,0.5,427.25,0,49,374.47,checkout_abandoned,gateway_error,2026-07-01T20:12:42.095160,20,2,0,,False,retry_link;reminder;discount_offer;escalate_to_human;no_action,escalate_to_human,True,374.47,2.51,0
TXN002063,CUST01179,38,1505.21,0.5,245.52,0,85,219.05,payment_failed,gateway_error,2026-07-01T20:14:40.236281,20,2,0,,False,retry_link;reminder;discount_offer;escalate_to_human;no_action,reminder,False,0.0,,0
TXN002064,CUST00016,770,11562.75,0.5,322.64,0,80,418.04,payment_failed,bank_decline,2026-07-01T20:50:29.802151,20,2,0,,False,retry_link;reminder;discount_offer;escalate_to_human;no_action,retry_link,False,0.0,,0
TXN002065,CUST00803,1377,3994.91,0.0,209.07,0,44,118.44,checkout_abandoned,gateway_error,2026-07-01T20:53:39.743498,20,2,0,2026-06-13T23:45:16.107470,False,retry_link;reminder;discount_offer;escalate_to_human;no_action,reminder,True,118.44,0.65,1
TXN002066,CUST00889,406,3222.2,0.5,202.8,0,24,124.88,payment_failed,price_hesitation,2026-07-01T20:57:16.022879,20,2,0,,False,retry_link;reminder;discount_offer;escalate_to_human;no_action,retry_link,True,124.88,5.82,0
TXN002067,CUST01169,1376,8929.75,0.5,243.11,0,89,232.11,payment_failed,otp_timeout,2026-07-01T21:03:42.875092,21,2,0,,False,retry_link;reminder;discount_offer;escalate_to_human;no_action,retry_link,True,232.11,5.04,0
TXN002068,CUST01188,850,2931.24,0.0,444.1,0,49,406.77,checkout_abandoned,price_hesitation,2026-07-01T21:50:28.252681,21,2,0,2026-06-21T06:13:16.049228,False,retry_link;reminder;discount_offer;escalate_to_human;no_action,reminder,True,406.77,2.82,1
TXN002069,CUST00165,1221,6753.45,0.5,228.5,0,95,386.97,payment_failed,otp_timeout,2026-07-01T21:56:21.773020,21,2,0,,False,retry_link;reminder;discount_offer;escalate_to_human;no_action,no_action,False,0.0,,0
TXN002070,CUST00285,1406,7145.45,1.0,573.44,1,14,746.16,payment_failed,insufficient_funds,2026-07-01T22:13:36.227880,22,2,0,2026-06-17T03:20:10.799533,False,retry_link;reminder;discount_offer;escalate_to_human;no_action,escalate_to_human,True,746.16,14.72,0
TXN002071,CUST00839,1366,4186.45,0.0,273.29,0,37,177.9,payment_failed,price_hesitation,2026-07-01T22:22:21.586963,22,2,0,2026-06-16T01:14:43.161858,False,retry_link;reminder;discount_offer;escalate_to_human;no_action,retry_link,True,177.9,4.79,1
TXN002072,CUST01175,508,2592.16,1.0,473.74,1,1,664.89,payment_failed,insufficient_funds,2026-07-01T22:47:26.747900,22,2,0,2026-06-30T11:23:12.807511,False,retry_link;reminder;discount_offer;escalate_to_human;no_action,retry_link,True,664.89,1.42,0
TXN002073,CUST01090,754,573.58,0.0,243.79,0,44,178.83,payment_failed,insufficient_funds,2026-07-01T22:54:09.352154,22,2,0,2026-06-05T15:35:09.132133,False,retry_link;reminder;discount_offer;escalate_to_human;no_action,discount_offer,True,178.83,1.11,2
TXN002074,CUST00981,1053,2856.23,0.5,663.88,0,25,598.12,payment_failed,otp_timeout,2026-07-01T23:01:47.044613,23,2,0,,False,retry_link;reminder;discount_offer;escalate_to_human;no_action,retry_link,False,0.0,,0
TXN002075,CUST01484,622,16138.16,0.5,451.88,1,4,385.26,payment_failed,insufficient_funds,2026-07-01T23:37:41.891758,23,2,0,2026-06-27T15:58:31.779056,False,retry_link;reminder;discount_offer;escalate_to_human;no_action,no_action,False,0.0,,1
TXN002076,CUST00149,88,4669.25,1.0,530.25,1,15,725.75,checkout_abandoned,otp_timeout,2026-07-01T23:45:03.487928,23,2,0,2026-06-16T11:35:46.523759,False,retry_link;reminder;discount_offer;escalate_to_human;no_action,escalate_to_human,True,725.75,2.6,0
TXN002077,CUST00810,67,9053.41,0.5,311.1,0,95,316.19,payment_failed,price_hesitation,2026-07-01T23:51:51.882624,23,2,0,,False,retry_link;reminder;discount_offer;escalate_to_human;no_action,discount_offer,True,316.19,1.66,0
TXN002078,CUST00578,1340,1375.8,1.0,465.92,1,23,529.36,payment_failed,otp_timeout,2026-07-02T00:07:39.173628,0,3,0,2026-06-08T14:42:29.372182,False,retry_link;reminder;discount_offer;escalate_to_human;no_action,discount_offer,True,529.36,14.56,0
TXN002079,CUST01490,412,11724.46,0.5,438.02,0,87,226.98,payment_failed,gateway_error,2026-07-02T00:09:04.282491,0,3,0,,False,retry_link;reminder;discount_offer;escalate_to_human;no_action,reminder,True,226.98,0.02,0
TXN002080,CUST00240,211,29101.99,0.0,155.14,0,67,185.32,payment_failed,otp_timeout,2026-07-02T00:11:38.458906,0,3,0,,False,retry_link;reminder;discount_offer;escalate_to_human;no_action,reminder,True,185.32,16.94,1
TXN002081,CUST00363,1340,5261.17,0.0,405.0,0,64,541.3,payment_failed,bank_decline,2026-07-02T00:22:34.055239,0,3,0,2026-06-30T08:45:02.794257,False,retry_link;reminder;discount_offer;escalate_to_human;no_action,escalate_to_human,False,0.0,,1
TXN002082,CUST00604,1239,6321.09,0.0,332.12,0,82,565.76,payment_failed,insufficient_funds,2026-07-02T00:39:54.767221,0,3,0,2026-06-28T11:19:31.518966,False,retry_link;reminder;discount_offer;escalate_to_human;no_action,discount_offer,False,0.0,,2
TXN002083,CUST01417,658,12468.17,1.0,736.44,2,15,730.12,payment_failed,gateway_error,2026-07-02T01:33:20.515195,1,3,0,2026-06-16T09:51:34.544569,False,retry_link;reminder;discount_offer;escalate_to_human;no_action,escalate_to_human,True,730.12,3.51,0
TXN002084,CUST00845,9,2444.77,0.0,331.12,0,111,383.2,checkout_abandoned,gateway_error,2026-07-02T02:00:52.564952,2,3,0,2026-06-24T15:29:38.145166,False,retry_link;reminder;discount_offer;escalate_to_human;no_action,reminder,False,0.0,,2
TXN002085,CUST01421,1492,3410.5,0.0,896.83,0,71,1363.52,payment_failed,otp_timeout,2026-07-02T02:16:52.472552,2,3,0,2026-06-26T21:29:08.804628,False,retry_link;reminder;discount_offer;escalate_to_human;no_action,discount_offer,False,0.0,,6
TXN002086,CUST00133,839,5085.73,0.0,371.87,0,43,399.57,payment_failed,insufficient_funds,2026-07-02T02:19:23.588439,2,3,0,2026-06-03T23:32:57.544069,False,retry_link;reminder;discount_offer;escalate_to_human;no_action,no_action,False,0.0,,1
TXN002087,CUST00514,1438,7042.45,1.0,325.26,1,23,346.65,payment_failed,gateway_error,2026-07-02T02:31:39.537652,2,3,0,,False,retry_link;reminder;discount_offer;escalate_to_human;no_action,escalate_to_human,True,346.65,21.83,0
TXN002088,CUST00154,652,613.3,0.5,266.98,0,58,288.08,checkout_abandoned,otp_timeout,2026-07-02T02:35:41.807059,2,3,0,,False,retry_link;reminder;discount_offer;escalate_to_human;no_action,retry_link,True,288.08,0.41,0
TXN002089,CUST00764,541,11560.74,0.5,149.48,0,31,132.93,payment_failed,gateway_error,2026-07-02T02:39:25.139191,2,3,0,,False,retry_link;reminder;discount_offer;escalate_to_human;no_action,no_action,False,0.0,,0
TXN002090,CUST00837,298,11483.73,0.5,248.46,0,79,231.55,checkout_abandoned,gateway_error,2026-07-02T02:40:12.893041,2,3,0,,False,retry_link;reminder;discount_offer;escalate_to_human;no_action,escalate_to_human,True,231.55,5.63,0
TXN002091,CUST00924,373,952.11,0.0,260.17,0,60,256.39,checkout_abandoned,insufficient_funds,2026-07-02T02:42:49.556429,2,3,0,,True,no_action,no_action,False,0.0,,3
TXN002092,CUST00534,866,2212.92,0.0,631.06,0,57,709.02,payment_failed,otp_timeout,2026-07-02T02:46:27.592996,2,3,0,2026-06-16T13:38:41.620991,False,retry_link;reminder;discount_offer;escalate_to_human;no_action,escalate_to_human,False,0.0,,1
TXN002093,CUST01446,1407,108435.87,0.0,332.2,0,108,274.6,payment_failed,otp_timeout,2026-07-02T02:46:57.601556,2,3,0,2026-06-30T05:14:05.340833,False,retry_link;reminder;discount_offer;escalate_to_human;no_action,discount_offer,False,0.0,,4
TXN002094,CUST00656,1149,9060.53,0.0,149.41,0,25,220.88,checkout_abandoned,insufficient_funds,2026-07-02T02:56:41.807416,2,3,0,2026-06-13T00:17:49.475234,False,retry_link;reminder;discount_offer;escalate_to_human;no_action,retry_link,False,0.0,,1
TXN002095,CUST01068,501,6847.97,0.5,258.87,0,104,201.25,payment_failed,otp_timeout,2026-07-02T03:00:28.123013,3,3,0,,False,retry_link;reminder;discount_offer;escalate_to_human;no_action,reminder,False,0.0,,0
TXN002096,CUST00757,575,989.45,1.0,306.43,2,6,338.1,checkout_abandoned,insufficient_funds,2026-07-02T03:08:37.855933,3,3,0,2026-06-26T01:31:30.484077,False,retry_link;reminder;discount_offer;escalate_to_human;no_action,discount_offer,True,338.1,9.39,0
TXN002097,CUST01186,214,5092.92,0.5,505.63,1,2,550.1,payment_failed,otp_timeout,2026-07-02T03:43:29.261612,3,3,0,2026-06-29T04:52:05.632658,False,retry_link;reminder;discount_offer;escalate_to_human;no_action,no_action,True,550.1,7.3,1
TXN002098,CUST01211,1173,3152.81,0.0,766.69,0,59,438.18,payment_failed,bank_decline,2026-07-02T03:47:57.428787,3,3,0,,False,retry_link;reminder;discount_offer;escalate_to_human;no_action,no_action,False,0.0,,1
TXN002099,CUST00634,275,40305.79,0.0,201.72,0,100,156.01,checkout_abandoned,bank_decline,2026-07-02T04:23:14.197868,4,3,0,2026-06-21T17:07:31.759495,False,retry_link;reminder;discount_offer;escalate_to_human;no_action,escalate_to_human,True,156.01,23.04,2
TXN002100,CUST00450,1440,1388.36,1.0,500.01,1,29,379.21,checkout_abandoned,price_hesitation,2026-07-02T04:25:15.585374,4,3,0,2026-06-02T14:24:27.646166,False,retry_link;reminder;discount_offer;escalate_to_human;no_action,discount_offer,False,0.0,,0
TXN002101,CUST00885,1102,21893.24,0.0,339.27,0,139,370.47,checkout_abandoned,bank_decline,2026-07-02T04:44:30.703388,4,3,0,2026-06-21T13:21:32.215943,False,retry_link;reminder;discount_offer;escalate_to_human;no_action,no_action,False,0.0,,3
TXN002102,CUST01103,226,9986.75,0.0,527.05,0,36,284.24,checkout_abandoned,insufficient_funds,2026-07-02T04:45:29.196707,4,3,0,2026-06-26T21:52:03.827874,False,retry_link;reminder;discount_offer;escalate_to_human;no_action,no_action,False,0.0,,1
TXN002103,CUST01489,762,3048.42,0.5,279.51,0,51,403.76,payment_failed,otp_timeout,2026-07-02T04:51:37.128483,4,3,0,,False,retry_link;reminder;discount_offer;escalate_to_human;no_action,reminder,True,403.76,0.27,0
TXN002104,CUST00454,895,4476.8,0.0,286.07,0,89,284.21,payment_failed,insufficient_funds,2026-07-02T04:51:56.313180,4,3,0,2026-06-22T19:14:39.410713,False,retry_link;reminder;discount_offer;escalate_to_human;no_action,retry_link,False,0.0,,4
TXN002105,CUST00268,919,3523.18,0.5,754.94,0,67,596.52,checkout_abandoned,gateway_error,2026-07-02T05:19:36.150473,5,3,0,,False,retry_link;reminder;discount_offer;escalate_to_human;no_action,escalate_to_human,True,596.52,6.43,0
TXN002106,CUST00643,721,12685.31,0.0,2070.86,0,102,1354.93,payment_failed,insufficient_funds,2026-07-02T06:14:54.104673,6,3,0,2026-06-14T04:43:16.721056,False,retry_link;reminder;discount_offer;escalate_to_human;no_action,no_action,False,0.0,,1
TXN002107,CUST01011,1200,4750.88,0.5,817.23,0,31,1468.1,payment_failed,gateway_error,2026-07-02T07:01:25.235095,7,3,0,,False,retry_link;reminder;discount_offer;escalate_to_human;no_action,no_action,True,1468.1,9.7,0
TXN002108,CUST00290,1211,1263.58,0.667,230.24,2,13,255.6,payment_failed,bank_decline,2026-07-02T07:17:11.649828,7,3,0,2026-06-19T06:55:57.905445,True,no_action,no_action,True,255.6,0.35,1
TXN002109,CUST00438,122,331.64,1.0,296.5,1,16,186.31,payment_failed,bank_decline,2026-07-02T07:18:29.981227,7,3,0,2026-06-16T04:58:13.156664,False,retry_link;reminder;discount_offer;escalate_to_human;no_action,no_action,False,0.0,,0
TXN002110,CUST01115,735,5414.09,0.0,278.99,0,77,347.54,payment_failed,insufficient_funds,2026-07-02T08:44:21.240354,8,3,0,2026-06-21T17:29:26.650825,False,retry_link;reminder;discount_offer;escalate_to_human;no_action,discount_offer,True,347.54,7.65,1
TXN002111,CUST00328,212,1717.82,0.5,116.63,0,75,154.75,payment_failed,bank_decline,2026-07-02T08:49:10.261627,8,3,0,,False,retry_link;reminder;discount_offer;escalate_to_human;no_action,retry_link,False,0.0,,0
TXN002112,CUST00229,265,88.83,0.5,539.94,0,100,427.11,payment_failed,otp_timeout,2026-07-02T08:49:23.285841,8,3,0,,False,retry_link;reminder;discount_offer;escalate_to_human;no_action,no_action,True,427.11,1.23,0
TXN002113,CUST01076,1067,3428.79,0.0,430.67,0,53,756.05,payment_failed,insufficient_funds,2026-07-02T09:13:46.048741,9,3,1,2026-07-01T15:14:00.260296,False,retry_link;reminder;discount_offer;escalate_to_human;no_action,discount_offer,True,756.05,15.39,1
TXN002114,CUST00430,127,6017.72,0.0,175.14,0,115,164.91,checkout_abandoned,insufficient_funds,2026-07-02T09:35:59.512387,9,3,0,,False,retry_link;reminder;discount_offer;escalate_to_human;no_action,no_action,False,0.0,,1
TXN002115,CUST00412,419,2311.29,0.5,319.45,0,76,269.2,checkout_abandoned,bank_decline,2026-07-02T09:37:19.169024,9,3,0,,False,retry_link;reminder;discount_offer;escalate_to_human;no_action,retry_link,False,0.0,,0
TXN002116,CUST01299,45,8302.1,1.0,489.85,4,3,352.04,checkout_abandoned,price_hesitation,2026-07-02T10:17:34.658789,10,3,0,2026-06-29T03:30:07.974836,False,retry_link;reminder;discount_offer;escalate_to_human;no_action,escalate_to_human,True,352.04,3.52,0
TXN002117,CUST00909,138,16084.76,0.0,412.33,0,66,435.28,checkout_abandoned,price_hesitation,2026-07-02T10:28:00.170061,10,3,0,2026-06-26T01:02:22.254308,False,retry_link;reminder;discount_offer;escalate_to_human;no_action,escalate_to_human,False,0.0,,5
TXN002118,CUST01325,282,1646.21,0.5,223.76,0,111,438.97,checkout_abandoned,otp_timeout,2026-07-02T11:08:57.250224,11,3,0,,False,retry_link;reminder;discount_offer;escalate_to_human;no_action,no_action,True,438.97,1.52,0
TXN002119,CUST00743,406,8149.21,1.0,212.35,1,25,188.55,checkout_abandoned,insufficient_funds,2026-07-02T11:25:25.179213,11,3,0,2026-06-06T16:58:07.509193,False,retry_link;reminder;discount_offer;escalate_to_human;no_action,discount_offer,False,0.0,,0
TXN002120,CUST01377,1128,2028.44,0.5,234.47,0,93,294.9,payment_failed,gateway_error,2026-07-02T11:39:27.950248,11,3,0,,False,retry_link;reminder;discount_offer;escalate_to_human;no_action,no_action,True,294.9,1.03,0
TXN002121,CUST01012,369,3882.32,0.5,173.27,0,40,206.8,checkout_abandoned,otp_timeout,2026-07-02T12:06:36.536214,12,3,0,,False,retry_link;reminder;discount_offer;escalate_to_human;no_action,escalate_to_human,True,206.8,0.81,0
TXN002122,CUST00390,1120,25238.81,0.5,121.41,1,16,126.4,payment_failed,gateway_error,2026-07-02T12:12:45.631917,12,3,0,2026-06-16T04:38:26.085580,False,retry_link;reminder;discount_offer;escalate_to_human;no_action,no_action,True,126.4,15.81,1
TXN002123,CUST00582,161,9659.5,0.5,558.12,1,19,287.29,payment_failed,gateway_error,2026-07-02T12:14:14.037647,12,3,0,2026-06-12T12:51:47.574305,False,retry_link;reminder;discount_offer;escalate_to_human;no_action,retry_link,False,0.0,,1
TXN002124,CUST00811,1318,6907.28,0.667,465.5,2,5,705.96,payment_failed,bank_decline,2026-07-02T12:56:25.758729,12,3,0,2026-06-27T04:12:48.379168,False,retry_link;reminder;discount_offer;escalate_to_human;no_action,retry_link,False,0.0,,1
TXN002125,CUST00573,74,472.43,1.0,242.31,1,4,225.02,payment_failed,gateway_error,2026-07-02T13:25:27.586387,13,3,0,,False,retry_link;reminder;discount_offer;escalate_to_human;no_action,discount_offer,True,225.02,0.07,0
TXN002126,CUST01292,666,10144.4,0.0,226.93,0,104,169.79,checkout_abandoned,otp_timeout,2026-07-02T13:59:55.826886,13,3,0,2026-06-23T09:42:39.504157,False,retry_link;reminder;discount_offer;escalate_to_human;no_action,escalate_to_human,False,0.0,,1
TXN002127,CUST00533,427,6851.12,0.0,353.66,0,82,508.85,payment_failed,insufficient_funds,2026-07-02T14:17:52.439475,14,3,0,2026-06-26T18:21:45.292693,False,retry_link;reminder;discount_offer;escalate_to_human;no_action,reminder,False,0.0,,2
TXN002128,CUST01128,834,3219.54,1.0,456.5,1,23,288.21,payment_failed,insufficient_funds,2026-07-02T14:54:10.512835,14,3,0,2026-06-09T09:52:16.274911,False,retry_link;reminder;discount_offer;escalate_to_human;no_action,retry_link,False,0.0,,0
TXN002129,CUST00711,784,1768.9,0.0,556.58,0,138,568.01,payment_failed,insufficient_funds,2026-07-02T15:00:47.247680,15,3,0,2026-06-03T10:12:45.186559,False,retry_link;reminder;discount_offer;escalate_to_human;no_action,escalate_to_human,False,0.0,,1
TXN002130,CUST00332,465,5544.78,1.0,254.63,1,8,128.26,payment_failed,insufficient_funds,2026-07-02T15:27:00.625870,15,3,0,2026-06-24T09:47:26.199157,False,retry_link;reminder;discount_offer;escalate_to_human;no_action,retry_link,False,0.0,,0
TXN002131,CUST01360,124,7692.42,0.667,486.39,2,6,482.55,payment_failed,insufficient_funds,2026-07-02T15:44:21.368221,15,3,0,2026-06-26T14:55:34.665056,False,retry_link;reminder;discount_offer;escalate_to_human;no_action,reminder,False,0.0,,1
TXN002132,CUST00279,125,12162.69,0.0,691.68,0,77,338.78,checkout_abandoned,price_hesitation,2026-07-02T15:51:39.578366,15,3,0,2026-06-29T05:08:26.415650,False,retry_link;reminder;discount_offer;escalate_to_human;no_action,reminder,False,0.0,,2
TXN002133,CUST00218,671,13826.17,0.0,600.24,0,104,299.16,payment_failed,insufficient_funds,2026-07-02T15:55:42.865037,15,3,0,2026-06-22T16:58:10.074754,False,retry_link;reminder;discount_offer;escalate_to_human;no_action,retry_link,True,299.16,6.22,1
TXN002134,CUST00906,617,372.89,0.0,321.95,0,34,426.04,payment_failed,price_hesitation,2026-07-02T16:22:21.980704,16,3,0,2026-06-08T01:53:12.877416,False,retry_link;reminder;discount_offer;escalate_to_human;no_action,discount_offer,True,426.04,1.88,1
TXN002135,CUST00442,199,3714.25,0.5,268.16,0,108,265.81,payment_failed,price_hesitation,2026-07-02T16:23:20.981041,16,3,0,,False,retry_link;reminder;discount_offer;escalate_to_human;no_action,discount_offer,False,0.0,,0
TXN002136,CUST00295,781,1598.55,1.0,232.31,2,11,104.41,payment_failed,otp_timeout,2026-07-02T16:26:30.418170,16,3,0,2026-06-20T16:47:01.814973,False,retry_link;reminder;discount_offer;escalate_to_human;no_action,discount_offer,True,104.41,9.44,0
TXN002137,CUST00593,1469,7664.46,0.5,239.78,1,30,206.06,checkout_abandoned,price_hesitation,2026-07-02T16:40:42.008916,16,3,0,2026-06-04T13:40:29.191529,False,retry_link;reminder;discount_offer;escalate_to_human;no_action,reminder,True,206.06,11.01,1
TXN002138,CUST00910,1155,1284.52,0.25,493.27,1,26,275.22,payment_failed,price_hesitation,2026-07-02T17:21:52.377469,17,3,0,2026-07-01T14:21:23.987376,False,retry_link;reminder;discount_offer;escalate_to_human;no_action,discount_offer,False,0.0,,3
TXN002139,CUST00802,773,3798.88,1.0,420.38,1,10,499.33,payment_failed,price_hesitation,2026-07-02T18:12:03.362056,18,3,0,2026-06-21T18:47:55.594335,False,retry_link;reminder;discount_offer;escalate_to_human;no_action,discount_offer,True,499.33,27.85,0
TXN002140,CUST01285,74,16897.92,0.5,887.91,1,28,1079.9,payment_failed,price_hesitation,2026-07-02T18:54:18.601689,18,3,0,2026-06-27T02:22:19.835307,False,retry_link;reminder;discount_offer;escalate_to_human;no_action,no_action,False,0.0,,1
TXN002141,CUST01342,179,6635.23,0.0,155.46,0,42,261.28,payment_failed,gateway_error,2026-07-02T19:14:43.457219,19,3,0,2026-06-30T21:23:49.160224,False,retry_link;reminder;discount_offer;escalate_to_human;no_action,discount_offer,True,261.28,7.66,3
TXN002142,CUST00442,199,3714.25,0.0,268.16,0,108,166.75,payment_failed,otp_timeout,2026-07-02T19:17:37.271741,19,3,1,2026-07-02T16:23:20.981041,False,retry_link;reminder;discount_offer;escalate_to_human;no_action,no_action,False,0.0,,1
TXN002143,CUST00534,866,2212.92,0.0,631.06,0,58,566.14,payment_failed,price_hesitation,2026-07-02T20:00:01.304446,20,3,1,2026-07-02T02:46:27.592996,False,retry_link;reminder;discount_offer;escalate_to_human;no_action,retry_link,False,0.0,,2
TXN002144,CUST00184,743,2478.9,0.0,196.46,0,107,173.95,payment_failed,bank_decline,2026-07-02T20:10:34.085919,20,3,0,2026-06-28T21:31:22.571461,False,retry_link;reminder;discount_offer;escalate_to_human;no_action,no_action,False,0.0,,2
TXN002145,CUST01247,697,4458.31,0.0,105.89,0,81,168.91,payment_failed,price_hesitation,2026-07-02T20:11:13.298794,20,3,0,2026-06-17T18:22:08.028327,False,retry_link;reminder;discount_offer;escalate_to_human;no_action,retry_link,False,0.0,,1
TXN002146,CUST00626,508,7041.16,0.0,234.95,0,74,123.66,payment_failed,insufficient_funds,2026-07-02T20:38:52.159030,20,3,0,2026-06-11T10:28:12.512301,False,retry_link;reminder;discount_offer;escalate_to_human;no_action,no_action,False,0.0,,2
TXN002147,CUST01349,893,3961.57,0.5,550.33,0,41,751.15,payment_failed,price_hesitation,2026-07-02T21:11:09.371514,21,3,0,,False,retry_link;reminder;discount_offer;escalate_to_human;no_action,discount_offer,False,0.0,,0
TXN002148,CUST01388,1336,2042.71,0.5,529.49,0,70,556.17,payment_failed,insufficient_funds,2026-07-02T21:12:01.719003,21,3,0,,False,retry_link;reminder;discount_offer;escalate_to_human;no_action,reminder,True,556.17,3.31,0
TXN002149,CUST01179,38,1505.21,0.0,245.52,0,86,408.79,checkout_abandoned,gateway_error,2026-07-02T21:19:12.205511,21,3,0,2026-07-01T20:14:40.236281,False,retry_link;reminder;discount_offer;escalate_to_human;no_action,discount_offer,False,0.0,,1
TXN002150,CUST00741,1144,2214.82,0.5,324.91,0,65,337.73,checkout_abandoned,otp_timeout,2026-07-02T21:50:41.176376,21,3,0,,False,retry_link;reminder;discount_offer;escalate_to_human;no_action,discount_offer,False,0.0,,0
TXN002151,CUST01114,292,9288.46,0.0,341.63,0,126,282.91,payment_failed,bank_decline,2026-07-02T22:15:49.125355,22,3,0,2026-06-01T23:41:25.629412,False,retry_link;reminder;discount_offer;escalate_to_human;no_action,no_action,False,0.0,,1
TXN002152,CUST01398,38,6226.74,0.333,407.04,1,14,292.65,payment_failed,bank_decline,2026-07-02T22:59:09.423014,22,3,0,2026-06-18T12:23:55.145220,False,retry_link;reminder;discount_offer;escalate_to_human;no_action,discount_offer,True,292.65,5.92,2
TXN002153,CUST00419,759,4935.34,0.0,232.5,0,91,219.25,payment_failed,gateway_error,2026-07-02T23:14:40.655686,23,3,0,,False,retry_link;reminder;discount_offer;escalate_to_human;no_action,escalate_to_human,False,0.0,,1
TXN002154,CUST01305,1007,973.61,0.0,846.34,0,139,609.03,payment_failed,insufficient_funds,2026-07-02T23:43:38.395462,23,3,0,,False,retry_link;reminder;discount_offer;escalate_to_human;no_action,no_action,False,0.0,,1
TXN002155,CUST01199,930,979.65,0.5,690.24,0,101,328.92,checkout_abandoned,gateway_error,2026-07-02T23:47:57.716239,23,3,0,,False,retry_link;reminder;discount_offer;escalate_to_human;no_action,retry_link,True,328.92,0.41,0
TXN002156,CUST00999,769,1127.52,1.0,602.51,1,8,461.59,payment_failed,insufficient_funds,2026-07-03T00:03:53.642355,0,4,0,2026-06-24T10:24:07.390773,False,retry_link;reminder;discount_offer;escalate_to_human;no_action,reminder,True,461.59,0.38,0
TXN002157,CUST00095,433,6922.96,0.25,411.5,1,25,274.95,payment_failed,bank_decline,2026-07-03T00:13:43.434062,0,4,0,2026-06-07T08:22:29.552029,True,no_action,no_action,False,0.0,,3
TXN002158,CUST00674,933,627.45,0.5,221.99,0,72,342.61,checkout_abandoned,insufficient_funds,2026-07-03T00:26:27.542379,0,4,0,,False,retry_link;reminder;discount_offer;escalate_to_human;no_action,discount_offer,False,0.0,,0
TXN002159,CUST01087,1485,4911.73,0.0,503.92,0,54,275.99,checkout_abandoned,insufficient_funds,2026-07-03T00:38:47.543401,0,4,0,,False,retry_link;reminder;discount_offer;escalate_to_human;no_action,reminder,False,0.0,,1
TXN002160,CUST00016,770,11562.75,0.0,322.64,0,81,360.72,payment_failed,insufficient_funds,2026-07-03T01:04:30.776965,1,4,0,2026-07-01T20:50:29.802151,False,retry_link;reminder;discount_offer;escalate_to_human;no_action,reminder,False,0.0,,1
TXN002161,CUST00918,382,4959.75,0.0,455.99,0,119,395.82,payment_failed,bank_decline,2026-07-03T01:10:35.716112,1,4,0,2026-06-05T23:43:59.396322,False,retry_link;reminder;discount_offer;escalate_to_human;no_action,escalate_to_human,False,0.0,,2
TXN002162,CUST00828,1295,9011.99,1.0,563.06,1,23,844.86,checkout_abandoned,price_hesitation,2026-07-03T01:29:47.076419,1,4,0,2026-06-09T09:53:51.365208,False,retry_link;reminder;discount_offer;escalate_to_human;no_action,no_action,True,844.86,1.12,0
TXN002163,CUST01454,858,7104.95,0.5,145.97,0,13,142.47,payment_failed,gateway_error,2026-07-03T01:47:50.327350,1,4,0,,False,retry_link;reminder;discount_offer;escalate_to_human;no_action,escalate_to_human,False,0.0,,0
TXN002164,CUST00909,138,16084.76,0.0,412.33,0,66,644.07,checkout_abandoned,bank_decline,2026-07-03T02:04:26.112909,2,4,1,2026-07-02T10:28:00.170061,False,retry_link;reminder;discount_offer;escalate_to_human;no_action,escalate_to_human,False,0.0,,6
TXN002165,CUST00904,688,6073.34,1.0,382.06,3,7,337.33,payment_failed,gateway_error,2026-07-03T02:55:28.889107,2,4,0,2026-06-25T23:55:37.964652,False,retry_link;reminder;discount_offer;escalate_to_human;no_action,discount_offer,True,337.33,1.6,0
TXN002166,CUST00909,138,16084.76,0.0,412.33,0,66,394.9,checkout_abandoned,bank_decline,2026-07-03T03:19:13.796268,3,4,2,2026-07-03T02:04:26.112909,False,escalate_to_human;no_action,no_action,False,0.0,,7
TXN002167,CUST00414,27,4099.29,0.5,654.67,1,20,1372.61,checkout_abandoned,bank_decline,2026-07-03T03:55:45.967365,3,4,0,2026-06-13T00:35:12.781695,False,retry_link;reminder;discount_offer;escalate_to_human;no_action,reminder,False,0.0,,1
TXN002168,CUST00644,1155,3236.81,0.0,172.15,0,126,262.98,payment_failed,insufficient_funds,2026-07-03T04:14:28.178843,4,4,0,2026-06-06T17:17:20.931748,True,no_action,no_action,False,0.0,,2
TXN002169,CUST00145,1280,12260.46,0.0,802.76,0,108,893.9,payment_failed,price_hesitation,2026-07-03T04:16:39.986794,4,4,0,2026-06-26T16:45:35.765267,False,retry_link;reminder;discount_offer;escalate_to_human;no_action,escalate_to_human,False,0.0,,4
TXN002170,CUST00366,704,1055.83,0.0,347.11,0,140,339.61,checkout_abandoned,bank_decline,2026-07-03T04:30:27.348898,4,4,0,,False,retry_link;reminder;discount_offer;escalate_to_human;no_action,no_action,False,0.0,,1
TXN002171,CUST00675,1088,38122.1,0.5,159.77,0,103,187.0,payment_failed,otp_timeout,2026-07-03T05:03:49.173341,5,4,0,,False,retry_link;reminder;discount_offer;escalate_to_human;no_action,no_action,True,187.0,5.0,0
TXN002172,CUST00933,974,3215.72,1.0,304.78,1,29,229.83,payment_failed,otp_timeout,2026-07-03T06:43:13.562004,6,4,0,2026-06-03T12:37:18.612835,False,retry_link;reminder;discount_offer;escalate_to_human;no_action,no_action,False,0.0,,0
TXN002173,CUST00861,1391,4153.35,1.0,169.82,2,9,301.44,checkout_abandoned,gateway_error,2026-07-03T08:27:48.799100,8,4,0,2026-06-24T06:50:18.902989,False,retry_link;reminder;discount_offer;escalate_to_human;no_action,escalate_to_human,True,301.44,12.7,0
TXN002174,CUST00829,44,7593.59,0.5,775.99,1,24,1158.14,checkout_abandoned,bank_decline,2026-07-03T08:31:04.996107,8,4,0,2026-06-13T22:29:32.404341,False,retry_link;reminder;discount_offer;escalate_to_human;no_action,no_action,False,0.0,,1
TXN002175,CUST00170,160,1965.81,0.0,101.85,0,60,81.13,payment_failed,otp_timeout,2026-07-03T09:28:44.649412,9,4,0,2026-06-10T21:58:58.074344,False,retry_link;reminder;discount_offer;escalate_to_human;no_action,no_action,False,0.0,,1
TXN002176,CUST00655,799,7339.22,0.333,100.0,1,24,59.43,payment_failed,price_hesitation,2026-07-03T09:29:32.465382,9,4,0,2026-06-22T16:00:45.785701,False,retry_link;reminder;discount_offer;escalate_to_human;no_action,discount_offer,True,59.43,15.11,2
TXN002177,CUST00248,1180,13585.98,1.0,491.36,1,20,571.22,payment_failed,insufficient_funds,2026-07-03T09:32:25.551401,9,4,0,2026-06-13T02:45:28.625621,False,retry_link;reminder;discount_offer;escalate_to_human;no_action,escalate_to_human,True,571.22,17.86,0
TXN002178,CUST01440,1169,2769.18,0.5,333.26,0,55,154.76,payment_failed,insufficient_funds,2026-07-03T10:26:12.010965,10,4,0,,False,retry_link;reminder;discount_offer;escalate_to_human;no_action,escalate_to_human,True,154.76,1.21,0
TXN002179,CUST00965,882,9939.13,0.5,145.36,0,48,78.75,payment_failed,price_hesitation,2026-07-03T10:38:25.756016,10,4,0,,False,retry_link;reminder;discount_offer;escalate_to_human;no_action,retry_link,True,78.75,0.65,0
TXN002180,CUST00716,777,3029.08,1.0,114.41,1,28,115.07,checkout_abandoned,price_hesitation,2026-07-03T10:57:31.730509,10,4,0,2026-06-04T20:55:09.924885,False,retry_link;reminder;discount_offer;escalate_to_human;no_action,reminder,False,0.0,,0
TXN002181,CUST00520,537,20023.84,0.333,197.99,1,4,147.67,payment_failed,price_hesitation,2026-07-03T11:44:14.943840,11,4,0,2026-06-29T04:30:43.543799,False,retry_link;reminder;discount_offer;escalate_to_human;no_action,retry_link,True,147.67,13.02,2
TXN002182,CUST00140,1474,1668.66,1.0,847.25,1,2,901.87,checkout_abandoned,insufficient_funds,2026-07-03T12:19:02.991429,12,4,0,2026-07-01T09:49:01.645604,False,retry_link;reminder;discount_offer;escalate_to_human;no_action,discount_offer,False,0.0,,0
TXN002183,CUST01424,384,2227.36,0.0,280.23,0,58,228.81,payment_failed,insufficient_funds,2026-07-03T12:32:53.849829,12,4,0,2026-06-19T15:53:29.334226,False,retry_link;reminder;discount_offer;escalate_to_human;no_action,discount_offer,True,228.81,1.67,1
TXN002184,CUST00504,411,1824.41,0.0,232.47,0,133,346.38,payment_failed,insufficient_funds,2026-07-03T12:56:24.800642,12,4,0,2026-06-18T17:43:40.676450,True,no_action,no_action,False,0.0,,2
TXN002185,CUST00194,1439,14561.64,0.5,642.9,2,2,786.14,checkout_abandoned,price_hesitation,2026-07-03T13:23:46.865268,13,4,0,2026-07-01T11:03:45.514233,False,retry_link;reminder;discount_offer;escalate_to_human;no_action,escalate_to_human,False,0.0,,2
TXN002186,CUST01243,735,3790.51,0.0,144.21,0,37,105.6,payment_failed,otp_timeout,2026-07-03T13:28:18.933814,13,4,0,2026-06-29T08:57:24.145763,False,retry_link;reminder;discount_offer;escalate_to_human;no_action,reminder,True,105.6,3.5,2
TXN002187,CUST01296,395,4765.27,0.0,431.76,0,94,462.81,payment_failed,gateway_error,2026-07-03T13:58:40.699258,13,4,0,2026-06-22T17:40:22.230731,True,no_action,no_action,False,0.0,,3
TXN002188,CUST00737,501,5430.66,0.0,353.64,0,143,325.68,checkout_abandoned,price_hesitation,2026-07-03T14:11:28.590642,14,4,0,2026-06-03T01:22:17.245333,False,retry_link;reminder;discount_offer;escalate_to_human;no_action,escalate_to_human,True,325.68,1.34,1
TXN002189,CUST00230,695,738.18,0.667,239.59,2,8,160.07,checkout_abandoned,price_hesitation,2026-07-03T14:53:42.208917,14,4,0,2026-06-24T18:57:55.941421,False,retry_link;reminder;discount_offer;escalate_to_human;no_action,retry_link,False,0.0,,1
TXN002190,CUST00825,136,3788.31,0.5,263.98,0,103,265.85,payment_failed,insufficient_funds,2026-07-03T14:58:03.159678,14,4,0,,False,retry_link;reminder;discount_offer;escalate_to_human;no_action,discount_offer,False,0.0,,0
TXN002191,CUST00440,1459,1331.71,0.5,180.37,0,33,128.21,payment_failed,insufficient_funds,2026-07-03T15:10:20.990749,15,4,0,,False,retry_link;reminder;discount_offer;escalate_to_human;no_action,discount_offer,False,0.0,,0
TXN002192,CUST00042,1051,11092.4,0.0,358.86,0,58,667.78,payment_failed,gateway_error,2026-07-03T15:12:08.198999,15,4,0,2026-06-25T05:03:13.912865,False,retry_link;reminder;discount_offer;escalate_to_human;no_action,escalate_to_human,True,667.78,4.78,2
TXN002193,CUST00968,1380,4206.83,0.75,266.56,3,2,601.57,payment_failed,insufficient_funds,2026-07-03T16:01:53.462624,16,4,0,2026-07-01T04:38:58.358169,False,retry_link;reminder;discount_offer;escalate_to_human;no_action,discount_offer,True,601.57,2.12,1
TXN002194,CUST01408,3,7820.61,0.5,689.64,1,29,691.12,checkout_abandoned,insufficient_funds,2026-07-03T16:07:34.911746,16,4,0,2026-06-19T09:38:22.722070,False,retry_link;reminder;discount_offer;escalate_to_human;no_action,escalate_to_human,False,0.0,,1
TXN002195,CUST00796,1452,2238.67,0.0,226.2,0,29,145.34,checkout_abandoned,otp_timeout,2026-07-03T16:13:43.734805,16,4,0,2026-06-19T17:52:56.658347,False,retry_link;reminder;discount_offer;escalate_to_human;no_action,retry_link,True,145.34,0.91,1
TXN002196,CUST01432,257,1936.39,0.0,551.11,0,113,466.9,checkout_abandoned,price_hesitation,2026-07-03T16:23:11.768058,16,4,0,,False,retry_link;reminder;discount_offer;escalate_to_human;no_action,retry_link,True,466.9,0.55,1
TXN002197,CUST00338,304,5598.1,0.0,781.33,0,78,779.06,payment_failed,bank_decline,2026-07-03T16:29:00.752862,16,4,0,,False,retry_link;reminder;discount_offer;escalate_to_human;no_action,no_action,False,0.0,,1
TXN002198,CUST01461,469,6360.58,0.0,462.63,0,44,661.0,payment_failed,otp_timeout,2026-07-03T17:47:18.311637,17,4,0,2026-06-16T16:28:05.562332,False,retry_link;reminder;discount_offer;escalate_to_human;no_action,no_action,False,0.0,,2
TXN002199,CUST00361,1336,4161.49,0.5,590.4,0,25,445.02,checkout_abandoned,otp_timeout,2026-07-03T17:52:05.588173,17,4,0,,False,retry_link;reminder;discount_offer;escalate_to_human;no_action,no_action,False,0.0,,0
TXN002200,CUST00798,473,3474.86,0.75,414.55,3,12,225.85,payment_failed,insufficient_funds,2026-07-03T17:59:38.540452,17,4,0,2026-06-20T22:16:50.986826,False,retry_link;reminder;discount_offer;escalate_to_human;no_action,no_action,False,0.0,,1
TXN002201,CUST00312,179,2834.45,1.0,382.53,1,31,356.17,payment_failed,otp_timeout,2026-07-03T20:02:08.441828,20,4,0,2026-06-01T23:07:14.984945,False,retry_link;reminder;discount_offer;escalate_to_human;no_action,reminder,True,356.17,2.2,0
TXN002202,CUST00959,618,3609.55,0.0,414.89,0,28,437.2,payment_failed,price_hesitation,2026-07-03T20:17:47.773248,20,4,0,2026-06-11T22:00:17.706689,False,retry_link;reminder;discount_offer;escalate_to_human;no_action,retry_link,False,0.0,,1
TXN002203,CUST00608,1450,4289.0,0.0,121.68,0,87,96.04,checkout_abandoned,otp_timeout,2026-07-03T20:21:33.783209,20,4,0,,False,retry_link;reminder;discount_offer;escalate_to_human;no_action,discount_offer,True,96.04,0.61,1
TXN002204,CUST01191,417,8611.06,0.0,100.0,0,58,79.44,payment_failed,gateway_error,2026-07-03T20:48:24.180693,20,4,0,,False,retry_link;reminder;discount_offer;escalate_to_human;no_action,discount_offer,True,79.44,16.57,1
TXN002205,CUST01162,1272,2973.54,0.0,1019.46,0,108,690.8,payment_failed,price_hesitation,2026-07-03T20:52:54.464109,20,4,0,,False,retry_link;reminder;discount_offer;escalate_to_human;no_action,reminder,False,0.0,,1
TXN002206,CUST01295,772,5856.03,1.0,275.15,1,5,204.43,payment_failed,price_hesitation,2026-07-03T20:56:53.767773,20,4,0,2026-06-28T00:38:30.976106,False,retry_link;reminder;discount_offer;escalate_to_human;no_action,reminder,False,0.0,,0
TXN002207,CUST00983,972,380.73,1.0,640.79,1,18,537.06,payment_failed,insufficient_funds,2026-07-03T22:22:11.380534,22,4,0,2026-06-15T01:33:44.477270,False,retry_link;reminder;discount_offer;escalate_to_human;no_action,no_action,False,0.0,,0
TXN002208,CUST00240,211,29101.99,0.5,155.14,1,1,134.06,checkout_abandoned,otp_timeout,2026-07-03T22:42:51.704191,22,4,0,2026-07-02T00:11:38.458906,False,retry_link;reminder;discount_offer;escalate_to_human;no_action,retry_link,True,134.06,12.86,1
TXN002209,CUST01180,912,2670.36,0.0,419.64,0,80,414.83,payment_failed,price_hesitation,2026-07-03T23:06:07.434840,23,4,0,2026-06-25T18:55:38.611021,False,retry_link;reminder;discount_offer;escalate_to_human;no_action,discount_offer,False,0.0,,3
TXN002210,CUST01125,1265,522.43,0.5,287.32,0,5,253.88,checkout_abandoned,gateway_error,2026-07-03T23:34:53.179088,23,4,0,,False,retry_link;reminder;discount_offer;escalate_to_human;no_action,discount_offer,True,253.88,0.6,0
TXN002211,CUST01324,1299,1078.08,0.0,281.51,0,106,213.29,checkout_abandoned,bank_decline,2026-07-04T00:07:18.811870,0,5,0,2026-06-30T02:23:53.484839,False,retry_link;reminder;discount_offer;escalate_to_human;no_action,no_action,False,0.0,,2
TXN002212,CUST00155,993,569.95,0.5,100.0,0,92,73.71,checkout_abandoned,gateway_error,2026-07-04T00:11:35.540895,0,5,0,,False,retry_link;reminder;discount_offer;escalate_to_human;no_action,reminder,True,73.71,1.81,0
TXN002213,CUST00802,773,3798.88,1.0,420.38,2,1,248.81,payment_failed,gateway_error,2026-07-04T00:26:45.877785,0,5,0,2026-07-02T18:12:03.362056,False,retry_link;reminder;discount_offer;escalate_to_human;no_action,retry_link,True,248.81,2.62,0
TXN002214,CUST00012,1103,8987.7,0.5,152.61,0,53,123.27,payment_failed,otp_timeout,2026-07-04T00:32:26.657255,0,5,0,,False,retry_link;reminder;discount_offer;escalate_to_human;no_action,reminder,True,123.27,0.94,0
TXN002215,CUST01160,874,10908.96,0.0,378.24,0,39,406.21,payment_failed,price_hesitation,2026-07-04T01:35:17.959595,1,5,0,2026-06-01T12:12:44.801684,False,retry_link;reminder;discount_offer;escalate_to_human;no_action,discount_offer,False,0.0,,2
TXN002216,CUST00921,859,8547.15,0.0,2036.64,0,53,1721.87,payment_failed,bank_decline,2026-07-04T01:58:11.515807,1,5,0,2026-06-30T19:25:01.384733,False,retry_link;reminder;discount_offer;escalate_to_human;no_action,no_action,False,0.0,,2
TXN002217,CUST01190,623,2082.91,0.5,100.0,1,29,123.54,checkout_abandoned,bank_decline,2026-07-04T02:04:33.007051,2,5,0,2026-06-21T01:51:28.788766,False,retry_link;reminder;discount_offer;escalate_to_human;no_action,escalate_to_human,True,123.54,7.83,1
TXN002218,CUST00555,757,5042.67,1.0,1604.94,1,9,969.04,checkout_abandoned,price_hesitation,2026-07-04T02:05:39.133614,2,5,0,2026-06-24T03:38:23.300138,False,retry_link;reminder;discount_offer;escalate_to_human;no_action,no_action,False,0.0,,0
TXN002219,CUST01253,1190,31768.97,0.0,459.56,0,49,352.88,payment_failed,insufficient_funds,2026-07-04T02:17:23.662310,2,5,0,2026-06-10T03:39:58.005181,True,no_action,no_action,False,0.0,,2
TXN002220,CUST00212,1183,17709.18,1.0,179.29,1,28,143.05,payment_failed,insufficient_funds,2026-07-04T02:18:54.398805,2,5,0,2026-06-05T09:13:00.297383,False,retry_link;reminder;discount_offer;escalate_to_human;no_action,discount_offer,True,143.05,4.44,0
TXN002221,CUST00013,1141,3998.05,1.0,853.8,1,22,632.17,checkout_abandoned,insufficient_funds,2026-07-04T03:30:31.766574,3,5,0,2026-06-11T18:11:23.044751,False,retry_link;reminder;discount_offer;escalate_to_human;no_action,no_action,False,0.0,,0
TXN002222,CUST01001,1105,1056.32,0.0,347.66,0,33,448.51,checkout_abandoned,bank_decline,2026-07-04T03:38:07.281988,3,5,0,,False,retry_link;reminder;discount_offer;escalate_to_human;no_action,reminder,False,0.0,,1
TXN002223,CUST00722,1267,1064.48,0.5,335.18,0,81,483.94,payment_failed,insufficient_funds,2026-07-04T03:57:35.309364,3,5,0,,False,retry_link;reminder;discount_offer;escalate_to_human;no_action,escalate_to_human,True,483.94,0.9,0
TXN002224,CUST01468,1166,44892.17,0.0,1597.01,0,87,1765.38,payment_failed,gateway_error,2026-07-04T04:06:14.983772,4,5,0,,False,retry_link;reminder;discount_offer;escalate_to_human;no_action,reminder,False,0.0,,1
TXN002225,CUST01328,1012,5499.88,0.0,209.24,0,121,326.47,payment_failed,bank_decline,2026-07-04T04:09:20.789540,4,5,0,2026-06-08T16:52:25.135890,False,retry_link;reminder;discount_offer;escalate_to_human;no_action,reminder,False,0.0,,1
TXN002226,CUST01331,1076,1277.71,1.0,162.26,1,10,228.11,payment_failed,insufficient_funds,2026-07-04T04:26:45.205606,4,5,0,,False,retry_link;reminder;discount_offer;escalate_to_human;no_action,retry_link,False,0.0,,0
TXN002227,CUST01467,577,2935.79,0.5,426.87,1,10,523.15,checkout_abandoned,gateway_error,2026-07-04T06:28:29.737001,6,5,0,2026-06-23T22:49:28.122670,False,retry_link;reminder;discount_offer;escalate_to_human;no_action,escalate_to_human,False,0.0,,1
TXN002228,CUST00815,1255,1710.65,0.5,442.35,1,13,450.43,checkout_abandoned,price_hesitation,2026-07-04T07:07:11.669608,7,5,0,2026-06-20T22:47:54.075903,False,retry_link;reminder;discount_offer;escalate_to_human;no_action,retry_link,True,450.43,14.96,1
TXN002229,CUST00829,44,7593.59,0.333,775.99,1,25,1324.09,checkout_abandoned,bank_decline,2026-07-04T07:16:58.586592,7,5,0,2026-06-13T22:29:32.404341,False,retry_link;reminder;discount_offer;escalate_to_human;no_action,discount_offer,True,1324.09,1.03,2
TXN002230,CUST00189,452,1504.37,0.5,239.5,1,23,233.81,checkout_abandoned,gateway_error,2026-07-04T07:19:10.212282,7,5,0,2026-06-15T04:07:55.778499,False,retry_link;reminder;discount_offer;escalate_to_human;no_action,retry_link,True,233.81,1.74,1
TXN002231,CUST00557,1312,29204.48,0.5,250.06,0,28,203.05,checkout_abandoned,insufficient_funds,2026-07-04T07:37:50.722152,7,5,0,,False,retry_link;reminder;discount_offer;escalate_to_human;no_action,discount_offer,True,203.05,2.29,0
TXN002232,CUST00900,7,9275.6,0.0,403.48,0,50,306.86,payment_failed,price_hesitation,2026-07-04T07:45:22.328189,7,5,0,2026-06-19T07:50:10.179706,False,retry_link;reminder;discount_offer;escalate_to_human;no_action,reminder,False,0.0,,3
TXN002233,CUST00139,655,10231.54,1.0,847.93,1,11,1116.65,payment_failed,otp_timeout,2026-07-04T08:01:46.316828,8,5,0,2026-06-22T16:17:11.119859,False,retry_link;reminder;discount_offer;escalate_to_human;no_action,reminder,False,0.0,,0
TXN002234,CUST00770,978,2495.08,1.0,485.14,1,9,896.12,payment_failed,gateway_error,2026-07-04T08:04:57.896362,8,5,0,2026-06-25T07:18:19.585326,False,retry_link;reminder;discount_offer;escalate_to_human;no_action,retry_link,True,896.12,3.68,0
TXN002235,CUST00782,184,21113.36,0.0,1074.57,0,106,1329.04,checkout_abandoned,otp_timeout,2026-07-04T08:54:31.249252,8,5,0,2026-06-11T20:22:05.235191,False,retry_link;reminder;discount_offer;escalate_to_human;no_action,reminder,False,0.0,,1
TXN002236,CUST01088,976,5134.12,0.0,180.3,0,100,240.03,payment_failed,price_hesitation,2026-07-04T09:11:31.330892,9,5,0,,False,retry_link;reminder;discount_offer;escalate_to_human;no_action,retry_link,False,0.0,,1
TXN002237,CUST00622,248,7965.62,0.0,467.89,0,117,443.35,checkout_abandoned,otp_timeout,2026-07-04T09:29:14.243430,9,5,0,2026-06-24T13:26:09.322100,False,retry_link;reminder;discount_offer;escalate_to_human;no_action,escalate_to_human,False,0.0,,1
TXN002238,CUST01478,346,3879.01,0.25,174.65,1,11,140.08,checkout_abandoned,otp_timeout,2026-07-04T09:30:57.207329,9,5,0,2026-06-25T22:00:29.793971,False,retry_link;reminder;discount_offer;escalate_to_human;no_action,escalate_to_human,False,0.0,,3
TXN002239,CUST00368,34,10082.63,0.5,397.68,2,4,367.09,checkout_abandoned,price_hesitation,2026-07-04T09:39:12.162975,9,5,0,2026-06-29T09:44:57.687458,False,retry_link;reminder;discount_offer;escalate_to_human;no_action,no_action,False,0.0,,2
TXN002240,CUST00495,619,1079.43,0.5,343.96,0,109,297.46,payment_failed,otp_timeout,2026-07-04T10:01:34.242993,10,5,0,,False,retry_link;reminder;discount_offer;escalate_to_human;no_action,retry_link,True,297.46,4.85,0
TXN002241,CUST00943,711,35529.42,0.2,495.7,1,7,741.48,checkout_abandoned,insufficient_funds,2026-07-04T10:07:07.664152,10,5,0,2026-06-27T08:44:38.533512,False,retry_link;reminder;discount_offer;escalate_to_human;no_action,reminder,False,0.0,,4
TXN002242,CUST00862,181,9002.19,0.5,379.05,0,41,977.29,checkout_abandoned,gateway_error,2026-07-04T10:13:00.688020,10,5,0,,False,retry_link;reminder;discount_offer;escalate_to_human;no_action,retry_link,True,977.29,2.67,0
TXN002243,CUST00892,784,4689.89,0.25,870.95,1,5,820.08,checkout_abandoned,price_hesitation,2026-07-04T11:12:07.241689,11,5,0,2026-06-28T23:44:13.396071,False,retry_link;reminder;discount_offer;escalate_to_human;no_action,discount_offer,True,820.08,0.31,3
TXN002244,CUST00389,230,12385.01,0.667,148.63,2,7,125.48,checkout_abandoned,price_hesitation,2026-07-04T11:15:15.806289,11,5,0,2026-06-26T18:22:45.523472,False,retry_link;reminder;discount_offer;escalate_to_human;no_action,retry_link,True,125.48,15.71,1
TXN002245,CUST01487,2,7953.93,0.667,472.56,2,8,386.48,payment_failed,insufficient_funds,2026-07-04T11:17:59.713997,11,5,0,2026-06-27T11:46:17.238512,True,no_action,no_action,False,0.0,,1
TXN002246,CUST00199,1442,620.87,0.667,100.0,2,4,105.59,checkout_abandoned,gateway_error,2026-07-04T12:18:57.674632,12,5,0,2026-06-29T20:30:14.876996,False,retry_link;reminder;discount_offer;escalate_to_human;no_action,retry_link,True,105.59,0.17,1
TXN002247,CUST00059,1024,1172.72,0.0,100.44,0,98,147.95,checkout_abandoned,price_hesitation,2026-07-04T12:49:37.171103,12,5,0,2026-06-11T09:08:31.882777,False,retry_link;reminder;discount_offer;escalate_to_human;no_action,retry_link,False,0.0,,2
TXN002248,CUST00839,1366,4186.45,0.5,273.29,1,2,309.69,checkout_abandoned,otp_timeout,2026-07-04T13:10:35.880991,13,5,0,2026-07-01T22:22:21.586963,False,retry_link;reminder;discount_offer;escalate_to_human;no_action,discount_offer,False,0.0,,1
TXN002249,CUST01145,724,5842.75,0.0,153.07,0,56,100.03,payment_failed,bank_decline,2026-07-04T14:39:04.601611,14,5,0,2026-06-03T16:29:03.213705,False,retry_link;reminder;discount_offer;escalate_to_human;no_action,no_action,False,0.0,,1
TXN002250,CUST01323,1329,2122.22,0.0,421.04,0,111,513.82,payment_failed,gateway_error,2026-07-04T15:18:59.588568,15,5,0,2026-06-11T11:13:35.412152,False,retry_link;reminder;discount_offer;escalate_to_human;no_action,escalate_to_human,False,0.0,,2
TXN002251,CUST00847,78,5873.85,1.0,428.87,1,27,294.07,payment_failed,insufficient_funds,2026-07-04T15:26:37.651606,15,5,0,2026-06-06T17:49:32.706560,False,retry_link;reminder;discount_offer;escalate_to_human;no_action,reminder,True,294.07,7.13,0
TXN002252,CUST00610,1250,622.79,0.0,190.73,0,121,97.85,payment_failed,gateway_error,2026-07-04T15:39:58.396748,15,5,0,2026-06-24T20:30:09.147256,False,retry_link;reminder;discount_offer;escalate_to_human;no_action,retry_link,True,97.85,4.64,1
TXN002253,CUST01359,548,1796.08,0.0,148.04,0,47,249.67,checkout_abandoned,otp_timeout,2026-07-04T15:43:23.637214,15,5,0,2026-06-18T04:54:40.505941,False,retry_link;reminder;discount_offer;escalate_to_human;no_action,discount_offer,False,0.0,,1
TXN002254,CUST00707,859,13538.14,0.0,389.98,0,67,444.5,payment_failed,price_hesitation,2026-07-04T15:54:38.168473,15,5,0,2026-06-06T00:40:47.482905,False,retry_link;reminder;discount_offer;escalate_to_human;no_action,no_action,False,0.0,,1
TXN002255,CUST00717,738,190.34,0.5,775.09,0,105,718.07,payment_failed,otp_timeout,2026-07-04T15:58:20.853999,15,5,0,,False,retry_link;reminder;discount_offer;escalate_to_human;no_action,reminder,False,0.0,,0
TXN002256,CUST00480,432,1147.34,0.5,552.43,0,65,831.37,payment_failed,insufficient_funds,2026-07-04T16:09:10.838549,16,5,0,,False,retry_link;reminder;discount_offer;escalate_to_human;no_action,no_action,False,0.0,,0
TXN002257,CUST00745,546,5137.3,0.5,126.47,0,107,117.05,payment_failed,otp_timeout,2026-07-04T16:17:34.281990,16,5,0,,False,retry_link;reminder;discount_offer;escalate_to_human;no_action,escalate_to_human,True,117.05,1.79,0
TXN002258,CUST00248,1180,13585.98,1.0,491.36,2,1,497.04,payment_failed,insufficient_funds,2026-07-04T16:27:33.720314,16,5,0,2026-07-03T09:32:25.551401,False,retry_link;reminder;discount_offer;escalate_to_human;no_action,reminder,True,497.04,1.52,0
TXN002259,CUST00230,695,738.18,0.5,239.59,2,9,215.15,checkout_abandoned,bank_decline,2026-07-04T17:29:38.506293,17,5,0,2026-07-03T14:53:42.208917,False,retry_link;reminder;discount_offer;escalate_to_human;no_action,escalate_to_human,True,215.15,1.21,2
TXN002260,CUST00423,872,2704.07,1.0,186.03,1,28,157.46,payment_failed,gateway_error,2026-07-04T18:03:01.851910,18,5,0,2026-06-06T03:33:01.745548,True,no_action,no_action,False,0.0,,0
TXN002261,CUST00798,473,3474.86,0.6,414.55,3,13,645.94,checkout_abandoned,price_hesitation,2026-07-04T18:32:12.911603,18,5,0,2026-06-20T22:16:50.986826,False,retry_link;reminder;discount_offer;escalate_to_human;no_action,no_action,False,0.0,,2
TXN002262,CUST00062,550,35501.04,0.5,640.96,0,42,528.31,payment_failed,otp_timeout,2026-07-04T18:42:55.306751,18,5,0,,True,no_action,no_action,False,0.0,,0
TXN002263,CUST00190,1025,2149.67,0.5,192.36,0,74,194.81,payment_failed,bank_decline,2026-07-04T18:49:26.923168,18,5,0,,False,retry_link;reminder;discount_offer;escalate_to_human;no_action,retry_link,False,0.0,,0
TXN002264,CUST00755,657,4108.94,0.5,399.73,0,76,321.55,checkout_abandoned,otp_timeout,2026-07-04T19:06:01.435647,19,5,0,,False,retry_link;reminder;discount_offer;escalate_to_human;no_action,discount_offer,True,321.55,0.91,0
TXN002265,CUST00678,785,9256.68,0.0,196.83,0,75,326.36,payment_failed,price_hesitation,2026-07-04T20:02:18.089813,20,5,0,2026-06-29T06:56:16.805416,False,retry_link;reminder;discount_offer;escalate_to_human;no_action,escalate_to_human,False,0.0,,1
TXN002266,CUST01197,1472,15182.26,0.333,582.1,1,32,578.55,payment_failed,gateway_error,2026-07-04T20:32:23.081842,20,5,0,2026-07-01T02:00:30.646225,False,retry_link;reminder;discount_offer;escalate_to_human;no_action,retry_link,True,578.55,4.05,2
TXN002267,CUST01388,1336,2042.71,1.0,529.49,1,1,236.12,payment_failed,otp_timeout,2026-07-04T20:34:59.539582,20,5,0,2026-07-02T21:12:01.719003,False,retry_link;reminder;discount_offer;escalate_to_human;no_action,escalate_to_human,True,236.12,4.73,0
TXN002268,CUST00153,441,5267.46,0.5,858.98,1,30,1487.54,payment_failed,insufficient_funds,2026-07-04T20:55:40.913923,20,5,0,2026-06-27T02:21:28.947156,False,retry_link;reminder;discount_offer;escalate_to_human;no_action,no_action,True,1487.54,31.8,1
TXN002269,CUST01095,120,2956.2,0.0,554.4,0,119,478.78,payment_failed,price_hesitation,2026-07-04T21:05:43.231085,21,5,0,2026-06-18T04:50:14.975369,False,retry_link;reminder;discount_offer;escalate_to_human;no_action,reminder,False,0.0,,2
TXN002270,CUST00254,991,1636.5,0.333,191.6,1,30,301.92,payment_failed,gateway_error,2026-07-04T21:06:07.510113,21,5,0,2026-06-11T12:01:41.342468,False,retry_link;reminder;discount_offer;escalate_to_human;no_action,escalate_to_human,False,0.0,,2
TXN002271,CUST00907,260,28268.33,0.5,423.15,1,7,289.24,payment_failed,price_hesitation,2026-07-04T21:37:20.019816,21,5,0,2026-06-27T12:47:15.502074,False,retry_link;reminder;discount_offer;escalate_to_human;no_action,discount_offer,True,289.24,16.87,1
TXN002272,CUST00468,273,9645.65,0.0,714.87,0,52,663.57,checkout_abandoned,insufficient_funds,2026-07-04T21:38:48.673926,21,5,0,2026-06-03T11:29:05.156159,False,retry_link;reminder;discount_offer;escalate_to_human;no_action,retry_link,False,0.0,,1
TXN002273,CUST00320,481,1719.4,0.0,440.6,0,77,541.95,checkout_abandoned,gateway_error,2026-07-04T22:11:53.856712,22,5,0,2026-06-11T20:05:46.102860,False,retry_link;reminder;discount_offer;escalate_to_human;no_action,reminder,True,541.95,1.44,2
TXN002274,CUST00444,763,1662.91,0.0,256.33,0,133,306.38,checkout_abandoned,price_hesitation,2026-07-04T22:18:14.737609,22,5,0,2026-06-28T06:41:01.598625,False,retry_link;reminder;discount_offer;escalate_to_human;no_action,reminder,True,306.38,3.89,2
TXN002275,CUST00113,688,3236.39,0.0,323.71,0,137,262.17,payment_failed,gateway_error,2026-07-04T22:24:57.712941,22,5,0,2026-06-16T08:21:01.838996,False,retry_link;reminder;discount_offer;escalate_to_human;no_action,reminder,False,0.0,,1
TXN002276,CUST01491,734,14436.92,1.0,493.2,2,3,479.0,checkout_abandoned,bank_decline,2026-07-04T23:24:06.550164,23,5,0,2026-07-01T18:50:54.265746,False,retry_link;reminder;discount_offer;escalate_to_human;no_action,no_action,False,0.0,,0
TXN002277,CUST00265,872,9849.54,0.5,308.4,0,101,273.05,payment_failed,gateway_error,2026-07-04T23:57:55.637212,23,5,0,,False,retry_link;reminder;discount_offer;escalate_to_human;no_action,reminder,False,0.0,,0
TXN002278,CUST01274,1144,5413.52,1.0,784.06,1,26,571.7,payment_failed,bank_decline,2026-07-05T00:53:35.318603,0,6,0,2026-06-08T09:08:29.898212,False,retry_link;reminder;discount_offer;escalate_to_human;no_action,no_action,False,0.0,,0
TXN002279,CUST00309,163,15523.12,1.0,238.61,1,34,265.86,payment_failed,price_hesitation,2026-07-05T01:09:47.799998,1,6,0,2026-06-01T00:10:47.515489,False,retry_link;reminder;discount_offer;escalate_to_human;no_action,no_action,False,0.0,,0
TXN002280,CUST00196,514,23859.36,0.5,211.24,0,48,167.6,payment_failed,gateway_error,2026-07-05T01:39:03.346581,1,6,0,,False,retry_link;reminder;discount_offer;escalate_to_human;no_action,escalate_to_human,False,0.0,,0
TXN002281,CUST00613,578,6615.07,1.0,181.74,1,4,183.06,payment_failed,price_hesitation,2026-07-05T01:40:26.605677,1,6,0,2026-06-30T06:03:40.056531,False,retry_link;reminder;discount_offer;escalate_to_human;no_action,escalate_to_human,True,183.06,9.55,0
TXN002282,CUST01022,1302,8580.45,0.667,385.96,2,13,289.28,checkout_abandoned,price_hesitation,2026-07-05T02:32:04.121949,2,6,0,2026-06-10T21:25:22.892751,False,retry_link;reminder;discount_offer;escalate_to_human;no_action,reminder,True,289.28,4.22,1
TXN002283,CUST00677,127,4020.86,0.25,346.25,1,24,356.56,checkout_abandoned,gateway_error,2026-07-05T02:46:58.025513,2,6,0,2026-06-28T04:19:03.409503,False,retry_link;reminder;discount_offer;escalate_to_human;no_action,no_action,False,0.0,,3
TXN002284,CUST01179,38,1505.21,0.0,245.52,0,88,162.43,checkout_abandoned,bank_decline,2026-07-05T02:47:59.517174,2,6,0,2026-07-02T21:19:12.205511,False,retry_link;reminder;discount_offer;escalate_to_human;no_action,reminder,False,0.0,,2
TXN002285,CUST01055,1493,6813.13,0.5,167.47,0,96,176.76,checkout_abandoned,gateway_error,2026-07-05T03:15:53.181146,3,6,0,,False,retry_link;reminder;discount_offer;escalate_to_human;no_action,discount_offer,False,0.0,,0
TXN002286,CUST00427,1206,3220.62,0.5,242.7,0,112,118.22,payment_failed,gateway_error,2026-07-05T03:59:48.160435,3,6,0,,False,retry_link;reminder;discount_offer;escalate_to_human;no_action,reminder,True,118.22,18.39,0
TXN002287,CUST00031,341,3536.2,0.5,313.97,0,48,370.89,payment_failed,gateway_error,2026-07-05T04:24:45.335068,4,6,0,,False,retry_link;reminder;discount_offer;escalate_to_human;no_action,reminder,False,0.0,,0
TXN002288,CUST00249,63,5105.5,1.0,333.51,1,10,315.4,payment_failed,price_hesitation,2026-07-05T05:23:01.161488,5,6,0,2026-06-24T07:58:27.993384,False,retry_link;reminder;discount_offer;escalate_to_human;no_action,no_action,False,0.0,,0
TXN002289,CUST01451,62,1502.16,1.0,453.06,1,26,667.67,payment_failed,bank_decline,2026-07-05T06:14:52.760519,6,6,0,2026-06-08T23:52:27.306602,False,retry_link;reminder;discount_offer;escalate_to_human;no_action,no_action,False,0.0,,0
TXN002290,CUST00393,899,3772.6,1.0,261.04,2,13,161.6,checkout_abandoned,price_hesitation,2026-07-05T06:33:19.696898,6,6,0,2026-06-21T21:26:01.355347,False,retry_link;reminder;discount_offer;escalate_to_human;no_action,discount_offer,True,161.6,10.41,0
TXN002291,CUST00501,978,20325.27,1.0,716.2,2,8,916.16,payment_failed,gateway_error,2026-07-05T08:04:19.849880,8,6,0,2026-06-26T09:53:00.530330,False,retry_link;reminder;discount_offer;escalate_to_human;no_action,discount_offer,True,916.16,2.85,0
TXN002292,CUST01428,401,3291.78,0.5,750.28,1,20,706.27,payment_failed,price_hesitation,2026-07-05T08:19:16.290814,8,6,0,2026-06-16T18:05:51.021434,False,retry_link;reminder;discount_offer;escalate_to_human;no_action,reminder,True,706.27,2.03,1
TXN002293,CUST00380,8,17036.43,1.0,238.35,3,16,273.39,payment_failed,otp_timeout,2026-07-05T08:43:09.648599,8,6,0,2026-06-19T05:55:51.905222,False,retry_link;reminder;discount_offer;escalate_to_human;no_action,retry_link,True,273.39,5.0,0
TXN002294,CUST01048,1003,1790.9,0.0,273.74,0,50,390.39,payment_failed,price_hesitation,2026-07-05T08:51:09.912176,8,6,0,2026-06-01T22:18:31.268214,False,retry_link;reminder;discount_offer;escalate_to_human;no_action,escalate_to_human,False,0.0,,2
TXN002295,CUST00754,832,3984.49,0.5,354.77,0,108,673.54,checkout_abandoned,price_hesitation,2026-07-05T09:05:16.364655,9,6,0,,False,retry_link;reminder;discount_offer;escalate_to_human;no_action,discount_offer,False,0.0,,0
TXN002296,CUST00422,1149,543.65,0.5,184.63,1,13,151.53,checkout_abandoned,insufficient_funds,2026-07-05T09:09:27.814339,9,6,0,2026-06-22T04:57:54.637724,False,retry_link;reminder;discount_offer;escalate_to_human;no_action,retry_link,False,0.0,,1
TXN002297,CUST01226,161,2148.71,1.0,256.52,1,24,521.1,payment_failed,otp_timeout,2026-07-05T09:11:08.268722,9,6,0,2026-06-10T22:05:58.682929,False,retry_link;reminder;discount_offer;escalate_to_human;no_action,no_action,True,521.1,11.31,0
TXN002298,CUST00916,814,705.04,0.0,705.89,0,132,694.69,checkout_abandoned,price_hesitation,2026-07-05T09:29:49.175210,9,6,0,2026-06-08T02:21:59.964037,True,no_action,no_action,False,0.0,,3
TXN002299,CUST01301,602,2061.14,0.0,338.39,0,124,429.73,payment_failed,insufficient_funds,2026-07-05T09:34:06.249463,9,6,0,,False,retry_link;reminder;discount_offer;escalate_to_human;no_action,retry_link,True,429.73,12.79,1
TXN002300,CUST00776,636,7009.89,0.0,159.81,0,137,146.84,payment_failed,price_hesitation,2026-07-05T09:52:04.119798,9,6,0,2026-06-19T15:41:14.116118,False,retry_link;reminder;discount_offer;escalate_to_human;no_action,retry_link,True,146.84,4.17,2
TXN002301,CUST00340,952,4150.34,0.0,409.68,0,20,363.3,payment_failed,otp_timeout,2026-07-05T09:59:31.229978,9,6,0,2026-06-27T06:24:31.417670,False,retry_link;reminder;discount_offer;escalate_to_human;no_action,escalate_to_human,True,363.3,14.14,2
TXN002302,CUST00981,1053,2856.23,0.0,663.88,0,28,671.45,payment_failed,price_hesitation,2026-07-05T10:03:24.968950,10,6,0,2026-07-01T23:01:47.044613,False,retry_link;reminder;discount_offer;escalate_to_human;no_action,retry_link,False,0.0,,1
TXN002303,CUST01372,675,5682.01,1.0,973.2,1,23,880.04,checkout_abandoned,gateway_error,2026-07-05T10:12:03.550796,10,6,0,2026-06-11T21:09:40.856028,False,retry_link;reminder;discount_offer;escalate_to_human;no_action,reminder,True,880.04,2.33,0
TXN002304,CUST00202,743,5603.51,0.0,837.09,0,49,336.76,checkout_abandoned,insufficient_funds,2026-07-05T10:57:11.828511,10,6,0,2026-06-25T16:33:14.097559,False,retry_link;reminder;discount_offer;escalate_to_human;no_action,reminder,False,0.0,,2
TXN002305,CUST01183,672,4259.77,0.5,620.86,0,33,726.43,checkout_abandoned,bank_decline,2026-07-05T10:57:18.910418,10,6,0,,False,retry_link;reminder;discount_offer;escalate_to_human;no_action,escalate_to_human,True,726.43,2.1,0
TXN002306,CUST01448,1109,2181.54,0.5,116.67,0,40,134.04,checkout_abandoned,price_hesitation,2026-07-05T11:37:23.751418,11,6,0,,False,retry_link;reminder;discount_offer;escalate_to_human;no_action,reminder,False,0.0,,0
TXN002307,CUST00491,1301,2869.85,0.333,504.68,1,19,337.02,payment_failed,gateway_error,2026-07-05T12:14:43.090835,12,6,0,2026-06-15T20:43:39.026863,False,retry_link;reminder;discount_offer;escalate_to_human;no_action,reminder,True,337.02,2.07,2
TXN002308,CUST01181,1391,15969.49,0.0,541.84,0,98,519.12,payment_failed,otp_timeout,2026-07-05T13:43:28.277643,13,6,0,,False,retry_link;reminder;discount_offer;escalate_to_human;no_action,escalate_to_human,False,0.0,,1
TXN002309,CUST00478,995,25170.06,0.5,418.19,0,78,364.64,payment_failed,otp_timeout,2026-07-05T13:50:57.918502,13,6,0,,False,retry_link;reminder;discount_offer;escalate_to_human;no_action,no_action,False,0.0,,0
TXN002310,CUST00447,1433,35664.68,0.333,280.67,1,24,216.31,payment_failed,bank_decline,2026-07-05T14:04:42.798562,14,6,0,2026-06-14T11:14:18.109734,False,retry_link;reminder;discount_offer;escalate_to_human;no_action,discount_offer,False,0.0,,2
TXN002311,CUST00020,751,14793.16,0.0,690.64,0,20,1184.21,payment_failed,price_hesitation,2026-07-05T14:31:18.181375,14,6,0,,False,retry_link;reminder;discount_offer;escalate_to_human;no_action,no_action,True,1184.21,25.05,1
TXN002312,CUST00559,1276,3866.74,1.0,180.09,2,4,91.37,payment_failed,gateway_error,2026-07-05T14:40:50.005998,14,6,0,2026-07-01T10:52:21.761515,False,retry_link;reminder;discount_offer;escalate_to_human;no_action,escalate_to_human,True,91.37,5.56,0
TXN002313,CUST01027,421,6941.0,0.0,146.95,0,59,107.19,payment_failed,insufficient_funds,2026-07-05T14:45:57.521029,14,6,0,2026-06-28T06:45:04.580718,False,retry_link;reminder;discount_offer;escalate_to_human;no_action,retry_link,True,107.19,2.82,1
TXN002314,CUST00106,1170,5084.79,0.5,100.0,0,96,93.99,payment_failed,gateway_error,2026-07-05T14:56:54.129290,14,6,0,,False,retry_link;reminder;discount_offer;escalate_to_human;no_action,escalate_to_human,False,0.0,,0
TXN002315,CUST01153,1364,1321.07,0.0,232.68,0,76,214.53,payment_failed,otp_timeout,2026-07-05T15:26:32.830751,15,6,0,2026-06-05T17:59:33.611962,True,no_action,no_action,False,0.0,,4
TXN002316,CUST01064,1129,10472.81,0.5,211.81,0,9,196.92,payment_failed,otp_timeout,2026-07-05T15:28:59.942410,15,6,0,,False,retry_link;reminder;discount_offer;escalate_to_human;no_action,no_action,False,0.0,,0
TXN002317,CUST00681,206,3441.34,0.0,142.04,0,70,65.96,checkout_abandoned,gateway_error,2026-07-05T15:41:08.707814,15,6,0,,True,no_action,no_action,True,65.96,5.98,1
TXN002318,CUST00167,251,3058.03,0.0,493.31,0,49,592.35,checkout_abandoned,insufficient_funds,2026-07-05T15:50:45.428009,15,6,0,2026-06-25T15:29:02.877911,False,retry_link;reminder;discount_offer;escalate_to_human;no_action,discount_offer,False,0.0,,2
TXN002319,CUST00763,1404,7065.21,0.5,385.9,0,9,336.12,payment_failed,otp_timeout,2026-07-05T16:03:04.221144,16,6,0,,False,retry_link;reminder;discount_offer;escalate_to_human;no_action,reminder,False,0.0,,0
TXN002320,CUST01256,333,612.48,0.5,100.0,0,9,114.53,checkout_abandoned,price_hesitation,2026-07-05T16:09:56.354107,16,6,0,,False,retry_link;reminder;discount_offer;escalate_to_human;no_action,retry_link,True,114.53,0.35,0
TXN002321,CUST00647,803,21194.44,0.0,826.82,0,41,1789.42,checkout_abandoned,bank_decline,2026-07-05T16:28:27.198488,16,6,0,2026-06-27T11:51:03.774193,False,retry_link;reminder;discount_offer;escalate_to_human;no_action,discount_offer,True,1789.42,13.22,2
TXN002322,CUST01064,1129,10472.81,0.0,211.81,0,9,180.06,payment_failed,otp_timeout,2026-07-05T16:39:56.859657,16,6,0,,False,retry_link;reminder;discount_offer;escalate_to_human;no_action,discount_offer,True,180.06,2.72,1
TXN002323,CUST00767,719,1085.39,0.0,855.43,0,55,1057.61,checkout_abandoned,bank_decline,2026-07-05T18:15:32.598203,18,6,0,2026-06-30T22:19:28.902380,False,retry_link;reminder;discount_offer;escalate_to_human;no_action,reminder,False,0.0,,1
TXN002324,CUST01311,522,2856.02,0.5,295.29,0,13,293.32,checkout_abandoned,gateway_error,2026-07-05T18:15:32.745290,18,6,0,,False,retry_link;reminder;discount_offer;escalate_to_human;no_action,reminder,True,293.32,4.27,0
TXN002325,CUST00701,924,3903.58,1.0,377.88,2,13,588.14,payment_failed,bank_decline,2026-07-05T18:53:17.695944,18,6,0,2026-06-22T06:43:20.326955,False,retry_link;reminder;discount_offer;escalate_to_human;no_action,escalate_to_human,True,588.14,5.02,0
TXN002326,CUST01084,301,5440.3,0.0,2107.18,0,79,2575.08,payment_failed,bank_decline,2026-07-05T18:56:16.058243,18,6,0,2026-07-01T15:00:44.494173,False,retry_link;reminder;discount_offer;escalate_to_human;no_action,discount_offer,False,0.0,,2
TXN002327,CUST00136,904,7117.0,0.0,361.42,0,93,438.97,payment_failed,bank_decline,2026-07-05T19:32:14.151772,19,6,0,2026-06-21T05:04:44.897979,False,retry_link;reminder;discount_offer;escalate_to_human;no_action,no_action,False,0.0,,1
TXN002328,CUST00166,482,19330.55,0.0,125.8,0,125,102.12,payment_failed,bank_decline,2026-07-05T19:48:10.215301,19,6,0,2026-06-11T13:17:07.065629,False,retry_link;reminder;discount_offer;escalate_to_human;no_action,retry_link,False,0.0,,1
TXN002329,CUST01488,167,9623.17,0.333,303.32,1,30,358.83,payment_failed,insufficient_funds,2026-07-05T19:48:40.578202,19,6,0,2026-06-27T14:10:09.014593,False,retry_link;reminder;discount_offer;escalate_to_human;no_action,retry_link,True,358.83,11.8,2
TXN002330,CUST00544,1246,4654.01,0.0,238.6,0,106,383.12,checkout_abandoned,insufficient_funds,2026-07-05T19:52:38.930904,19,6,0,2026-06-07T01:44:12.564650,False,retry_link;reminder;discount_offer;escalate_to_human;no_action,reminder,False,0.0,,4
TXN002331,CUST01092,1264,6642.11,0.5,297.52,0,109,274.05,payment_failed,price_hesitation,2026-07-05T20:34:49.631400,20,6,0,,False,retry_link;reminder;discount_offer;escalate_to_human;no_action,reminder,True,274.05,5.86,0
TXN002332,CUST00854,432,993.31,0.5,706.68,0,39,557.19,checkout_abandoned,price_hesitation,2026-07-05T20:57:51.881700,20,6,0,,False,retry_link;reminder;discount_offer;escalate_to_human;no_action,no_action,False,0.0,,0
TXN002333,CUST00075,714,4294.31,0.5,576.31,1,15,465.37,checkout_abandoned,insufficient_funds,2026-07-05T22:42:49.793966,22,6,0,2026-06-20T05:00:44.871453,False,retry_link;reminder;discount_offer;escalate_to_human;no_action,escalate_to_human,False,0.0,,1
TXN002334,CUST00096,360,3158.36,0.0,277.84,0,130,337.83,checkout_abandoned,gateway_error,2026-07-05T23:26:25.477473,23,6,0,2026-06-27T05:59:08.648034,False,retry_link;reminder;discount_offer;escalate_to_human;no_action,no_action,False,0.0,,2
TXN002335,CUST00418,445,4457.41,0.5,492.05,1,15,490.64,checkout_abandoned,insufficient_funds,2026-07-05T23:39:38.018627,23,6,0,2026-06-20T12:23:39.384443,False,retry_link;reminder;discount_offer;escalate_to_human;no_action,escalate_to_human,False,0.0,,1
TXN002336,CUST00764,541,11560.74,0.0,149.48,0,34,207.2,payment_failed,bank_decline,2026-07-06T00:21:52.989314,0,0,0,,False,retry_link;reminder;discount_offer;escalate_to_human;no_action,escalate_to_human,False,0.0,,1
TXN002337,CUST01415,1175,3338.65,0.5,152.25,0,8,135.31,checkout_abandoned,insufficient_funds,2026-07-06T00:30:05.337236,0,0,0,,False,retry_link;reminder;discount_offer;escalate_to_human;no_action,discount_offer,True,135.31,8.1,0
TXN002338,CUST00076,495,14695.13,0.0,1546.13,0,25,2509.44,payment_failed,price_hesitation,2026-07-06T00:42:10.673536,0,0,0,2026-06-25T05:31:18.001348,False,retry_link;reminder;discount_offer;escalate_to_human;no_action,escalate_to_human,False,0.0,,1
TXN002339,CUST01025,84,2096.2,0.5,404.31,0,108,255.75,checkout_abandoned,gateway_error,2026-07-06T00:58:56.752083,0,0,0,,False,retry_link;reminder;discount_offer;escalate_to_human;no_action,escalate_to_human,True,255.75,21.32,0
TXN002340,CUST01479,625,2008.76,0.667,158.21,2,18,110.52,payment_failed,bank_decline,2026-07-06T01:09:28.682492,1,0,0,2026-06-17T04:37:15.331326,False,retry_link;reminder;discount_offer;escalate_to_human;no_action,retry_link,False,0.0,,1
TXN002341,CUST01438,479,10355.09,0.6,191.68,3,6,125.41,checkout_abandoned,insufficient_funds,2026-07-06T01:14:28.264607,1,0,0,2026-06-29T02:59:01.581465,False,retry_link;reminder;discount_offer;escalate_to_human;no_action,escalate_to_human,False,0.0,,2
TXN002342,CUST01160,874,10908.96,0.0,378.24,0,41,589.09,checkout_abandoned,insufficient_funds,2026-07-06T01:31:10.200120,1,0,0,2026-07-04T01:35:17.959595,True,no_action,no_action,False,0.0,,3
TXN002343,CUST00089,1248,6241.37,0.0,386.39,0,71,446.71,payment_failed,otp_timeout,2026-07-06T01:31:32.994455,1,0,0,2026-06-25T06:51:14.067368,False,retry_link;reminder;discount_offer;escalate_to_human;no_action,retry_link,False,0.0,,1
TXN002344,CUST01159,511,821.64,0.0,279.54,0,136,220.95,payment_failed,price_hesitation,2026-07-06T01:40:03.603156,1,0,0,2026-06-23T09:45:19.795278,False,retry_link;reminder;discount_offer;escalate_to_human;no_action,escalate_to_human,False,0.0,,3
TXN002345,CUST00454,895,4476.8,0.0,286.07,0,93,239.98,payment_failed,price_hesitation,2026-07-06T01:58:39.643662,1,0,0,2026-07-02T04:51:56.313180,False,retry_link;reminder;discount_offer;escalate_to_human;no_action,escalate_to_human,True,239.98,8.73,5
TXN002346,CUST00791,682,8981.67,1.0,267.22,1,10,182.17,payment_failed,insufficient_funds,2026-07-06T02:00:30.754550,2,0,0,2026-06-25T02:42:06.926162,False,retry_link;reminder;discount_offer;escalate_to_human;no_action,no_action,False,0.0,,0
TXN002347,CUST00499,639,21108.93,0.0,172.15,0,87,99.91,checkout_abandoned,gateway_error,2026-07-06T02:06:37.783996,2,0,0,2026-06-15T19:16:48.839357,False,retry_link;reminder;discount_offer;escalate_to_human;no_action,escalate_to_human,False,0.0,,1
TXN002348,CUST00175,693,15588.26,0.0,164.7,0,52,257.94,payment_failed,otp_timeout,2026-07-06T02:38:06.954174,2,0,0,2026-06-28T05:12:35.992976,False,retry_link;reminder;discount_offer;escalate_to_human;no_action,discount_offer,False,0.0,,2
TXN002349,CUST00429,1073,15263.43,0.5,1387.98,0,38,1619.46,payment_failed,bank_decline,2026-07-06T02:47:14.823182,2,0,0,,False,retry_link;reminder;discount_offer;escalate_to_human;no_action,reminder,False,0.0,,0
TXN002350,CUST01466,953,4298.47,0.0,159.55,0,60,86.21,payment_failed,price_hesitation,2026-07-06T03:14:17.157695,3,0,0,,False,retry_link;reminder;discount_offer;escalate_to_human;no_action,escalate_to_human,False,0.0,,1
TXN002351,CUST00882,673,19751.68,1.0,527.8,1,12,374.25,payment_failed,otp_timeout,2026-07-06T03:18:40.870666,3,0,0,2026-06-23T21:57:35.005413,False,retry_link;reminder;discount_offer;escalate_to_human;no_action,no_action,True,374.25,5.31,0
TXN002352,CUST00993,647,4339.5,0.0,178.55,0,93,231.85,payment_failed,bank_decline,2026-07-06T03:33:03.340956,3,0,0,2026-06-25T21:38:44.491716,False,retry_link;reminder;discount_offer;escalate_to_human;no_action,reminder,False,0.0,,2
TXN002353,CUST00420,1391,32554.62,0.0,470.21,0,83,480.48,payment_failed,insufficient_funds,2026-07-06T04:03:58.692733,4,0,0,,False,retry_link;reminder;discount_offer;escalate_to_human;no_action,reminder,False,0.0,,1
TXN002354,CUST00285,1406,7145.45,1.0,573.44,2,4,491.76,payment_failed,otp_timeout,2026-07-06T04:59:01.438520,4,0,0,2026-07-01T22:13:36.227880,False,retry_link;reminder;discount_offer;escalate_to_human;no_action,discount_offer,True,491.76,0.08,0
TXN002355,CUST00056,820,1476.13,1.0,153.42,3,8,186.3,checkout_abandoned,gateway_error,2026-07-06T05:29:16.264548,5,0,0,2026-06-28T04:14:37.164416,False,retry_link;reminder;discount_offer;escalate_to_human;no_action,no_action,True,186.3,9.3,0
TXN002356,CUST01055,1493,6813.13,0.0,167.47,0,97,176.37,checkout_abandoned,otp_timeout,2026-07-06T06:27:55.477681,6,0,0,2026-07-05T03:15:53.181146,False,retry_link;reminder;discount_offer;escalate_to_human;no_action,discount_offer,False,0.0,,1
TXN002357,CUST00631,491,9122.51,1.0,779.42,1,32,1071.64,payment_failed,bank_decline,2026-07-06T07:17:51.445321,7,0,0,2026-06-04T06:47:48.099738,False,retry_link;reminder;discount_offer;escalate_to_human;no_action,discount_offer,False,0.0,,0
TXN002358,CUST00802,773,3798.88,1.0,420.38,3,2,455.21,checkout_abandoned,bank_decline,2026-07-06T08:30:50.767321,8,0,0,2026-07-04T00:26:45.877785,False,retry_link;reminder;discount_offer;escalate_to_human;no_action,escalate_to_human,False,0.0,,0
TXN002359,CUST00493,905,2241.93,1.0,166.65,2,5,272.78,payment_failed,bank_decline,2026-07-06T08:36:31.851346,8,0,0,2026-06-30T18:14:48.725214,False,retry_link;reminder;discount_offer;escalate_to_human;no_action,reminder,True,272.78,1.61,0
TXN002360,CUST01428,401,3291.78,0.667,750.28,2,1,812.38,payment_failed,otp_timeout,2026-07-06T09:14:51.158357,9,0,0,2026-07-05T08:19:16.290814,False,retry_link;reminder;discount_offer;escalate_to_human;no_action,retry_link,True,812.38,11.5,1
TXN002361,CUST00800,19,1218.27,0.0,158.34,0,117,118.73,checkout_abandoned,insufficient_funds,2026-07-06T09:48:01.513883,9,0,0,2026-06-09T06:01:17.083307,False,retry_link;reminder;discount_offer;escalate_to_human;no_action,no_action,False,0.0,,1
TXN002362,CUST01096,1253,10206.59,1.0,299.76,1,25,497.64,payment_failed,bank_decline,2026-07-06T09:48:34.752456,9,0,0,2026-06-11T00:38:54.251215,False,retry_link;reminder;discount_offer;escalate_to_human;no_action,reminder,False,0.0,,0
TXN002363,CUST00178,1351,8322.88,1.0,224.41,1,8,313.48,checkout_abandoned,bank_decline,2026-07-06T09:52:36.653877,9,0,0,2026-06-27T11:43:03.654334,False,retry_link;reminder;discount_offer;escalate_to_human;no_action,no_action,True,313.48,11.91,0
TXN002364,CUST01048,1003,1790.9,0.0,273.74,0,51,339.47,payment_failed,bank_decline,2026-07-06T09:52:51.250397,9,0,0,2026-07-05T08:51:09.912176,False,retry_link;reminder;discount_offer;escalate_to_human;no_action,retry_link,False,0.0,,3
TXN002365,CUST00485,349,2341.08,0.5,297.16,0,71,180.38,checkout_abandoned,price_hesitation,2026-07-06T10:09:09.880314,10,0,0,,False,retry_link;reminder;discount_offer;escalate_to_human;no_action,retry_link,True,180.38,4.15,0
TXN002366,CUST00407,216,4410.35,0.5,796.1,0,100,656.08,checkout_abandoned,insufficient_funds,2026-07-06T10:11:33.254406,10,0,0,,False,retry_link;reminder;discount_offer;escalate_to_human;no_action,discount_offer,False,0.0,,0
TXN002367,CUST00245,127,1095.3,0.5,207.59,0,118,364.62,payment_failed,bank_decline,2026-07-06T10:30:47.059445,10,0,0,,False,retry_link;reminder;discount_offer;escalate_to_human;no_action,discount_offer,False,0.0,,0
TXN002368,CUST00153,441,5267.46,0.667,858.98,2,1,857.15,payment_failed,insufficient_funds,2026-07-06T11:19:40.861273,11,0,0,2026-06-27T02:21:28.947156,False,retry_link;reminder;discount_offer;escalate_to_human;no_action,retry_link,False,0.0,,1
TXN002369,CUST00721,1396,7307.46,0.667,705.63,2,11,871.15,payment_failed,bank_decline,2026-07-06T11:32:23.844580,11,0,0,2026-06-26T20:50:18.647418,False,retry_link;reminder;discount_offer;escalate_to_human;no_action,reminder,False,0.0,,1
TXN002370,CUST00409,21,489.22,0.0,322.0,0,112,361.4,checkout_abandoned,bank_decline,2026-07-06T11:57:35.822141,11,0,0,2026-06-14T19:34:31.549746,True,no_action,no_action,False,0.0,,2
TXN002371,CUST01027,421,6941.0,0.5,146.95,1,0,120.06,payment_failed,price_hesitation,2026-07-06T12:04:39.202046,12,0,1,2026-07-05T14:45:57.521029,False,retry_link;reminder;discount_offer;escalate_to_human;no_action,discount_offer,True,120.06,14.29,1
TXN002372,CUST01173,267,458.69,0.0,176.22,0,118,118.97,checkout_abandoned,insufficient_funds,2026-07-06T12:08:13.121910,12,0,0,2026-06-11T18:44:20.776366,False,retry_link;reminder;discount_offer;escalate_to_human;no_action,reminder,False,0.0,,1
TXN002373,CUST01194,789,18202.9,0.5,170.12,0,34,241.44,checkout_abandoned,price_hesitation,2026-07-06T12:29:29.631021,12,0,0,,False,retry_link;reminder;discount_offer;escalate_to_human;no_action,retry_link,True,241.44,5.59,0
TXN002374,CUST00743,406,8149.21,0.5,212.35,1,29,116.31,payment_failed,gateway_error,2026-07-06T12:42:59.882015,12,0,0,2026-07-02T11:25:25.179213,False,retry_link;reminder;discount_offer;escalate_to_human;no_action,reminder,False,0.0,,1
TXN002375,CUST00495,619,1079.43,1.0,343.96,1,2,366.74,checkout_abandoned,otp_timeout,2026-07-06T12:51:51.553392,12,0,0,2026-07-04T10:01:34.242993,False,retry_link;reminder;discount_offer;escalate_to_human;no_action,escalate_to_human,True,366.74,4.63,0
TXN002376,CUST00086,146,4249.47,0.0,1054.93,0,58,1334.2,checkout_abandoned,insufficient_funds,2026-07-06T13:15:15.171749,13,0,0,2026-07-01T09:47:24.703751,False,retry_link;reminder;discount_offer;escalate_to_human;no_action,discount_offer,False,0.0,,2
TXN002377,CUST01338,1163,2532.62,0.5,468.12,1,18,543.49,payment_failed,bank_decline,2026-07-06T13:54:38.943332,13,0,0,2026-06-18T02:02:25.424738,False,retry_link;reminder;discount_offer;escalate_to_human;no_action,no_action,False,0.0,,1
TXN002378,CUST01465,168,5009.38,0.0,387.87,0,97,406.8,checkout_abandoned,otp_timeout,2026-07-06T14:08:57.295731,14,0,0,2026-06-03T01:13:21.783302,False,retry_link;reminder;discount_offer;escalate_to_human;no_action,no_action,False,0.0,,1
TXN002379,CUST00743,406,8149.21,0.333,212.35,1,29,417.18,payment_failed,otp_timeout,2026-07-06T16:05:26.722313,16,0,1,2026-07-06T12:42:59.882015,True,no_action,no_action,False,0.0,,2
TXN002380,CUST00314,366,2749.82,0.5,297.38,0,8,245.47,payment_failed,price_hesitation,2026-07-06T16:07:56.389783,16,0,0,,False,retry_link;reminder;discount_offer;escalate_to_human;no_action,reminder,False,0.0,,0
TXN002381,CUST01122,404,12924.1,0.5,909.17,0,106,1719.91,checkout_abandoned,price_hesitation,2026-07-06T16:31:08.580539,16,0,0,,False,retry_link;reminder;discount_offer;escalate_to_human;no_action,retry_link,False,0.0,,0
TXN002382,CUST00571,624,3032.19,0.0,309.48,0,80,241.46,checkout_abandoned,insufficient_funds,2026-07-06T16:36:38.898498,16,0,0,2026-06-17T02:03:49.915763,False,retry_link;reminder;discount_offer;escalate_to_human;no_action,escalate_to_human,False,0.0,,2
TXN002383,CUST00915,688,16203.24,0.5,168.18,0,98,196.61,payment_failed,insufficient_funds,2026-07-06T17:16:13.901520,17,0,0,,False,retry_link;reminder;discount_offer;escalate_to_human;no_action,reminder,False,0.0,,0
TXN002384,CUST00912,565,5770.6,0.0,340.73,0,147,406.99,payment_failed,price_hesitation,2026-07-06T18:10:59.321553,18,0,0,2026-06-06T07:12:38.810308,False,retry_link;reminder;discount_offer;escalate_to_human;no_action,no_action,True,406.99,8.39,3
TXN002385,CUST01132,1191,3535.92,0.5,542.07,0,117,238.06,checkout_abandoned,gateway_error,2026-07-06T18:16:47.549846,18,0,0,,False,retry_link;reminder;discount_offer;escalate_to_human;no_action,discount_offer,True,238.06,2.79,0
TXN002386,CUST00841,984,5732.56,1.0,372.24,1,21,363.22,payment_failed,price_hesitation,2026-07-06T18:17:19.630755,18,0,0,2026-06-14T21:14:32.034832,False,retry_link;reminder;discount_offer;escalate_to_human;no_action,no_action,False,0.0,,0
TXN002387,CUST00567,374,4790.75,1.0,319.3,2,17,305.12,payment_failed,price_hesitation,2026-07-06T18:18:38.952013,18,0,0,2026-06-18T21:53:33.538955,False,retry_link;reminder;discount_offer;escalate_to_human;no_action,retry_link,False,0.0,,0
TXN002388,CUST00425,300,10499.84,0.0,300.71,0,126,266.09,checkout_abandoned,price_hesitation,2026-07-06T19:28:40.624197,19,0,0,2026-06-24T01:34:35.012414,False,retry_link;reminder;discount_offer;escalate_to_human;no_action,no_action,False,0.0,,2
TXN002389,CUST00644,1155,3236.81,0.0,172.15,0,130,288.6,checkout_abandoned,bank_decline,2026-07-06T19:42:31.850280,19,0,0,2026-06-06T17:17:20.931748,True,no_action,no_action,False,0.0,,3
TXN002390,CUST00532,234,2045.5,0.0,125.03,0,87,140.47,checkout_abandoned,otp_timeout,2026-07-06T19:53:39.083203,19,0,0,2026-06-24T23:21:29.879997,False,retry_link;reminder;discount_offer;escalate_to_human;no_action,retry_link,False,0.0,,1
TXN002391,CUST00830,369,876.76,0.5,600.35,1,11,478.31,checkout_abandoned,price_hesitation,2026-07-06T20:47:44.886257,20,0,0,2026-06-25T06:05:29.527524,False,retry_link;reminder;discount_offer;escalate_to_human;no_action,discount_offer,True,478.31,5.67,1
TXN002392,CUST00508,403,9095.13,0.0,997.0,0,109,1124.64,payment_failed,price_hesitation,2026-07-06T21:40:23.044555,21,0,0,2026-06-01T09:00:52.016379,False,retry_link;reminder;discount_offer;escalate_to_human;no_action,retry_link,False,0.0,,1
TXN002393,CUST00155,993,569.95,1.0,100.0,1,2,124.53,payment_failed,price_hesitation,2026-07-06T22:21:39.072126,22,0,0,2026-07-04T00:11:35.540895,False,retry_link;reminder;discount_offer;escalate_to_human;no_action,retry_link,True,124.53,1.74,0
TXN002394,CUST00702,252,7552.12,0.0,153.89,0,119,87.17,payment_failed,bank_decline,2026-07-06T22:47:31.507016,22,0,0,2026-06-13T08:18:01.377400,False,retry_link;reminder;discount_offer;escalate_to_human;no_action,no_action,False,0.0,,3
TXN002395,CUST01143,1266,15161.41,0.5,189.24,0,45,86.98,payment_failed,price_hesitation,2026-07-06T23:12:46.234564,23,0,0,,False,retry_link;reminder;discount_offer;escalate_to_human;no_action,no_action,False,0.0,,0
TXN002396,CUST01095,120,2956.2,0.0,554.4,0,121,486.87,checkout_abandoned,bank_decline,2026-07-06T23:15:21.231661,23,0,0,2026-07-04T21:05:43.231085,False,retry_link;reminder;discount_offer;escalate_to_human;no_action,retry_link,False,0.0,,3
TXN002397,CUST00488,1147,60463.56,1.0,395.98,1,5,321.87,payment_failed,gateway_error,2026-07-06T23:38:50.172544,23,0,0,2026-07-01T02:24:53.546522,False,retry_link;reminder;discount_offer;escalate_to_human;no_action,reminder,True,321.87,3.01,0
TXN002398,CUST01094,493,5926.53,1.0,634.27,1,27,752.19,payment_failed,price_hesitation,2026-07-07T00:53:38.634088,0,1,0,2026-06-09T06:51:23.382135,False,retry_link;reminder;discount_offer;escalate_to_human;no_action,escalate_to_human,True,752.19,2.16,0
TXN002399,CUST00189,452,1504.37,0.667,239.5,2,2,134.99,payment_failed,insufficient_funds,2026-07-07T02:08:59.522602,2,1,0,2026-07-04T07:19:10.212282,False,retry_link;reminder;discount_offer;escalate_to_human;no_action,no_action,False,0.0,,1
TXN002400,CUST00255,217,1562.83,0.5,337.61,1,22,157.68,checkout_abandoned,insufficient_funds,2026-07-07T03:19:19.868654,3,1,0,2026-06-25T19:56:41.030569,False,retry_link;reminder;discount_offer;escalate_to_human;no_action,discount_offer,True,157.68,3.55,1
TXN002401,CUST00853,358,4845.31,0.0,524.49,0,83,670.39,payment_failed,bank_decline,2026-07-07T04:07:59.311797,4,1,0,,False,retry_link;reminder;discount_offer;escalate_to_human;no_action,discount_offer,False,0.0,,1
TXN002402,CUST00905,1064,17073.07,0.333,461.26,1,25,307.83,payment_failed,otp_timeout,2026-07-07T04:09:48.620240,4,1,0,2026-06-15T18:35:24.845790,False,retry_link;reminder;discount_offer;escalate_to_human;no_action,no_action,False,0.0,,2
TXN002403,CUST00806,817,18368.12,0.0,513.6,0,95,617.36,payment_failed,insufficient_funds,2026-07-07T05:01:03.254461,5,1,0,2026-06-23T04:04:46.341381,False,retry_link;reminder;discount_offer;escalate_to_human;no_action,escalate_to_human,False,0.0,,2
TXN002404,CUST00899,924,2129.82,0.5,156.14,0,108,189.39,payment_failed,price_hesitation,2026-07-07T05:19:31.671803,5,1,0,,False,retry_link;reminder;discount_offer;escalate_to_human;no_action,reminder,False,0.0,,0
TXN002405,CUST00132,136,13352.53,0.5,323.0,0,89,412.3,payment_failed,insufficient_funds,2026-07-07T05:43:31.307995,5,1,0,,False,retry_link;reminder;discount_offer;escalate_to_human;no_action,no_action,False,0.0,,0
TXN002406,CUST00646,691,1422.7,1.0,448.58,2,29,891.04,payment_failed,otp_timeout,2026-07-07T06:00:35.145089,6,1,0,2026-06-08T02:16:05.130335,False,retry_link;reminder;discount_offer;escalate_to_human;no_action,reminder,True,891.04,9.03,0
TXN002407,CUST00131,830,2867.73,0.0,479.6,0,28,212.5,payment_failed,bank_decline,2026-07-07T06:11:48.978152,6,1,0,,False,retry_link;reminder;discount_offer;escalate_to_human;no_action,escalate_to_human,True,212.5,4.12,1
TXN002408,CUST01400,1282,9051.27,0.0,402.21,0,39,654.35,checkout_abandoned,bank_decline,2026-07-07T06:11:52.783844,6,1,0,2026-06-09T12:33:23.252998,False,retry_link;reminder;discount_offer;escalate_to_human;no_action,retry_link,False,0.0,,1
TXN002409,CUST01078,627,2644.35,1.0,253.45,4,5,303.58,payment_failed,gateway_error,2026-07-07T06:26:32.866155,6,1,0,2026-07-01T19:02:26.968455,False,retry_link;reminder;discount_offer;escalate_to_human;no_action,retry_link,True,303.58,0.69,0
TXN002410,CUST00183,1044,28200.75,0.0,217.34,0,139,158.12,payment_failed,insufficient_funds,2026-07-07T06:59:13.763871,6,1,0,2026-06-23T14:41:57.607531,False,retry_link;reminder;discount_offer;escalate_to_human;no_action,no_action,False,0.0,,2
TXN002411,CUST00135,456,4990.96,0.0,100.0,0,124,140.53,checkout_abandoned,insufficient_funds,2026-07-07T07:12:39.045484,7,1,0,2026-06-21T11:53:50.008013,False,retry_link;reminder;discount_offer;escalate_to_human;no_action,no_action,False,0.0,,2
TXN002412,CUST01031,260,2487.81,0.0,321.55,0,38,271.71,payment_failed,bank_decline,2026-07-07T07:39:29.674665,7,1,0,2026-06-03T19:38:24.750706,False,retry_link;reminder;discount_offer;escalate_to_human;no_action,escalate_to_human,True,271.71,5.98,2
TXN002413,CUST01026,117,2605.3,0.5,199.08,0,48,341.58,checkout_abandoned,insufficient_funds,2026-07-07T08:14:59.511663,8,1,0,,False,retry_link;reminder;discount_offer;escalate_to_human;no_action,reminder,False,0.0,,0
TXN002414,CUST00551,591,24204.15,1.0,466.86,1,27,567.89,payment_failed,bank_decline,2026-07-07T08:19:22.029361,8,1,0,2026-06-09T09:51:00.688866,False,retry_link;reminder;discount_offer;escalate_to_human;no_action,escalate_to_human,True,567.89,0.35,0
TXN002415,CUST01202,1477,593.68,0.5,625.52,0,102,839.81,payment_failed,price_hesitation,2026-07-07T08:23:58.035997,8,1,0,,False,retry_link;reminder;discount_offer;escalate_to_human;no_action,retry_link,True,839.81,5.81,0
TXN002416,CUST00450,1440,1388.36,0.5,500.01,1,34,1233.21,payment_failed,gateway_error,2026-07-07T08:29:13.782491,8,1,0,2026-07-02T04:25:15.585374,False,retry_link;reminder;discount_offer;escalate_to_human;no_action,reminder,True,1233.21,2.73,1
TXN002417,CUST01070,1012,793.01,0.25,289.95,1,14,193.74,checkout_abandoned,price_hesitation,2026-07-07T09:32:50.264430,9,1,0,2026-06-22T23:37:29.415092,False,retry_link;reminder;discount_offer;escalate_to_human;no_action,retry_link,False,0.0,,3
TXN002418,CUST00549,1021,9441.88,1.0,524.23,1,16,509.82,payment_failed,insufficient_funds,2026-07-07T09:39:49.963863,9,1,0,2026-06-20T18:10:08.245129,False,retry_link;reminder;discount_offer;escalate_to_human;no_action,no_action,True,509.82,3.58,0
TXN002419,CUST00270,442,12805.26,1.0,538.72,1,17,557.55,payment_failed,gateway_error,2026-07-07T10:01:54.159816,10,1,0,2026-06-20T08:47:55.693153,False,retry_link;reminder;discount_offer;escalate_to_human;no_action,no_action,True,557.55,4.69,0
TXN002420,CUST01358,155,458.7,1.0,461.53,2,9,758.37,checkout_abandoned,gateway_error,2026-07-07T10:20:10.825026,10,1,0,2026-06-27T12:36:08.692031,False,retry_link;reminder;discount_offer;escalate_to_human;no_action,retry_link,True,758.37,6.34,0
TXN002421,CUST01056,674,1117.13,0.5,587.96,0,5,565.01,payment_failed,price_hesitation,2026-07-07T10:27:24.656426,10,1,0,,False,retry_link;reminder;discount_offer;escalate_to_human;no_action,retry_link,True,565.01,0.42,0
TXN002422,CUST01426,1007,1742.46,1.0,775.77,1,28,1503.66,checkout_abandoned,bank_decline,2026-07-07T10:40:13.934208,10,1,0,,False,retry_link;reminder;discount_offer;escalate_to_human;no_action,no_action,True,1503.66,2.39,0
TXN002423,CUST00915,688,16203.24,0.0,168.18,0,98,229.63,checkout_abandoned,insufficient_funds,2026-07-07T10:51:36.570002,10,1,1,2026-07-06T17:16:13.901520,False,retry_link;reminder;discount_offer;escalate_to_human;no_action,discount_offer,False,0.0,,1
TXN002424,CUST01006,1275,1746.58,0.5,190.81,0,93,305.07,checkout_abandoned,insufficient_funds,2026-07-07T10:55:43.708611,10,1,0,,False,retry_link;reminder;discount_offer;escalate_to_human;no_action,retry_link,False,0.0,,0
TXN002425,CUST00316,1095,14541.33,1.0,196.53,1,20,205.65,checkout_abandoned,insufficient_funds,2026-07-07T10:59:51.258185,10,1,0,2026-06-17T00:27:42.982184,False,retry_link;reminder;discount_offer;escalate_to_human;no_action,escalate_to_human,True,205.65,0.68,0
TXN002426,CUST01361,101,7523.33,0.0,1133.12,0,136,1484.16,payment_failed,bank_decline,2026-07-07T11:04:42.126745,11,1,0,,False,retry_link;reminder;discount_offer;escalate_to_human;no_action,discount_offer,False,0.0,,1
TXN002427,CUST00105,1180,5074.69,1.0,450.35,1,7,580.24,payment_failed,price_hesitation,2026-07-07T11:14:19.393847,11,1,0,2026-06-29T22:06:30.470605,False,retry_link;reminder;discount_offer;escalate_to_human;no_action,escalate_to_human,True,580.24,1.11,0
TXN002428,CUST00846,235,1366.73,0.0,385.25,0,126,570.12,payment_failed,gateway_error,2026-07-07T11:36:28.236620,11,1,0,2026-06-12T02:35:45.661315,False,retry_link;reminder;discount_offer;escalate_to_human;no_action,escalate_to_human,False,0.0,,1
TXN002429,CUST01242,1444,3648.3,1.0,150.05,3,20,128.55,payment_failed,otp_timeout,2026-07-07T11:42:05.052492,11,1,0,2026-06-16T21:02:52.330395,True,no_action,no_action,False,0.0,,0
TXN002430,CUST00943,711,35529.42,0.167,495.7,1,10,735.67,checkout_abandoned,bank_decline,2026-07-07T11:49:12.922615,11,1,0,2026-07-04T10:07:07.664152,False,retry_link;reminder;discount_offer;escalate_to_human;no_action,discount_offer,False,0.0,,5
TXN002431,CUST00006,129,6706.59,0.5,361.61,0,69,434.63,checkout_abandoned,insufficient_funds,2026-07-07T12:34:37.656093,12,1,0,,False,retry_link;reminder;discount_offer;escalate_to_human;no_action,escalate_to_human,True,434.63,0.49,0
TXN002432,CUST01063,1058,1666.1,1.0,722.49,5,12,1158.53,payment_failed,otp_timeout,2026-07-07T12:40:31.485254,12,1,0,2026-06-21T16:17:43.174255,False,retry_link;reminder;discount_offer;escalate_to_human;no_action,retry_link,True,1158.53,3.18,0
TXN002433,CUST01055,1493,6813.13,0.0,167.47,0,98,81.92,payment_failed,gateway_error,2026-07-07T12:46:20.098931,12,1,0,2026-07-06T06:27:55.477681,False,retry_link;reminder;discount_offer;escalate_to_human;no_action,discount_offer,True,81.92,0.54,2
TXN002434,CUST00066,1358,5159.7,0.0,501.95,0,67,328.29,checkout_abandoned,otp_timeout,2026-07-07T12:52:23.266584,12,1,0,2026-06-20T22:25:50.601391,True,no_action,no_action,True,328.29,4.0,3
TXN002435,CUST01398,38,6226.74,0.5,407.04,2,4,224.13,payment_failed,otp_timeout,2026-07-07T13:10:54.759938,13,1,0,2026-07-02T22:59:09.423014,False,retry_link;reminder;discount_offer;escalate_to_human;no_action,discount_offer,False,0.0,,2
TXN002436,CUST00189,452,1504.37,0.5,239.5,2,3,291.84,checkout_abandoned,insufficient_funds,2026-07-07T13:13:39.984250,13,1,0,2026-07-04T07:19:10.212282,False,retry_link;reminder;discount_offer;escalate_to_human;no_action,discount_offer,False,0.0,,2
TXN002437,CUST00989,1181,4103.73,0.0,237.7,0,23,323.6,checkout_abandoned,price_hesitation,2026-07-07T13:45:30.707861,13,1,0,2026-06-24T17:56:07.476254,False,retry_link;reminder;discount_offer;escalate_to_human;no_action,discount_offer,True,323.6,12.48,2
TXN002438,CUST00797,688,20810.81,1.0,622.85,1,25,635.04,checkout_abandoned,otp_timeout,2026-07-07T13:50:25.358850,13,1,0,2026-06-12T06:26:59.320922,False,retry_link;reminder;discount_offer;escalate_to_human;no_action,discount_offer,False,0.0,,0
TXN002439,CUST00074,1030,688.57,0.0,664.45,0,36,1257.29,payment_failed,price_hesitation,2026-07-07T15:02:18.449904,15,1,0,2026-06-20T08:11:11.458705,False,retry_link;reminder;discount_offer;escalate_to_human;no_action,reminder,True,1257.29,7.43,2
TXN002440,CUST01099,651,3688.92,0.333,525.49,1,6,260.36,payment_failed,insufficient_funds,2026-07-07T15:06:43.391942,15,1,0,2026-06-30T19:36:29.964052,False,retry_link;reminder;discount_offer;escalate_to_human;no_action,reminder,False,0.0,,2
TXN002441,CUST01435,153,9519.1,0.5,406.98,0,6,311.68,payment_failed,insufficient_funds,2026-07-07T15:32:23.492038,15,1,0,,False,retry_link;reminder;discount_offer;escalate_to_human;no_action,retry_link,False,0.0,,0
TXN002442,CUST01172,587,1407.24,0.5,204.91,0,59,222.15,payment_failed,insufficient_funds,2026-07-07T15:33:49.731226,15,1,0,,False,retry_link;reminder;discount_offer;escalate_to_human;no_action,no_action,False,0.0,,0
TXN002443,CUST00620,650,2043.32,0.5,298.65,0,84,236.11,payment_failed,gateway_error,2026-07-07T15:35:52.581892,15,1,0,,False,retry_link;reminder;discount_offer;escalate_to_human;no_action,no_action,False,0.0,,0
TXN002444,CUST00201,1362,1893.71,0.0,279.1,0,142,292.74,checkout_abandoned,otp_timeout,2026-07-07T15:36:05.112751,15,1,0,2026-06-07T08:06:45.668621,False,retry_link;reminder;discount_offer;escalate_to_human;no_action,discount_offer,True,292.74,0.37,1
TXN002445,CUST01443,650,9865.15,0.0,398.95,0,42,255.18,payment_failed,price_hesitation,2026-07-07T15:46:20.566263,15,1,0,2026-06-21T16:22:51.257963,False,retry_link;reminder;discount_offer;escalate_to_human;no_action,no_action,True,255.18,7.61,2
TXN002446,CUST00787,1029,4687.02,0.0,624.03,0,154,663.75,checkout_abandoned,insufficient_funds,2026-07-07T15:46:58.783909,15,1,0,2026-06-02T11:09:29.881228,False,retry_link;reminder;discount_offer;escalate_to_human;no_action,no_action,False,0.0,,1
TXN002447,CUST00935,1410,876.65,0.5,207.29,0,39,204.32,payment_failed,price_hesitation,2026-07-07T16:07:26.810472,16,1,0,,False,retry_link;reminder;discount_offer;escalate_to_human;no_action,reminder,False,0.0,,0
TXN002448,CUST01176,475,892.37,0.0,192.03,0,125,286.98,payment_failed,bank_decline,2026-07-07T16:55:53.233371,16,1,0,2026-07-01T05:39:57.305265,False,retry_link;reminder;discount_offer;escalate_to_human;no_action,escalate_to_human,True,286.98,3.27,1
TXN002449,CUST00412,419,2311.29,0.0,319.45,0,81,307.65,checkout_abandoned,bank_decline,2026-07-07T17:04:25.935134,17,1,0,2026-07-02T09:37:19.169024,False,retry_link;reminder;discount_offer;escalate_to_human;no_action,discount_offer,True,307.65,6.44,1
TXN002450,CUST00595,1203,37043.51,0.75,239.57,3,13,160.74,checkout_abandoned,price_hesitation,2026-07-07T18:02:25.985362,18,1,0,2026-06-23T21:22:55.460159,False,retry_link;reminder;discount_offer;escalate_to_human;no_action,discount_offer,True,160.74,7.21,1
TXN002451,CUST00929,867,2290.32,1.0,381.26,1,11,396.02,payment_failed,otp_timeout,2026-07-07T18:10:00.459787,18,1,0,2026-06-26T00:05:24.404955,False,retry_link;reminder;discount_offer;escalate_to_human;no_action,escalate_to_human,True,396.02,2.22,0
TXN002452,CUST00094,1347,2462.98,0.5,444.82,0,84,586.77,checkout_abandoned,gateway_error,2026-07-07T18:10:15.561048,18,1,0,,False,retry_link;reminder;discount_offer;escalate_to_human;no_action,retry_link,True,586.77,2.15,0
TXN002453,CUST00776,636,7009.89,0.333,159.81,1,2,99.8,payment_failed,insufficient_funds,2026-07-07T18:10:29.746066,18,1,0,2026-07-05T09:52:04.119798,False,retry_link;reminder;discount_offer;escalate_to_human;no_action,reminder,True,99.8,1.28,2
TXN002454,CUST00825,136,3788.31,0.0,263.98,0,107,270.19,payment_failed,insufficient_funds,2026-07-07T18:26:24.617445,18,1,0,2026-07-03T14:58:03.159678,False,retry_link;reminder;discount_offer;escalate_to_human;no_action,escalate_to_human,False,0.0,,1
TXN002455,CUST00669,199,1794.7,0.5,270.57,0,90,293.83,payment_failed,otp_timeout,2026-07-07T18:38:47.120746,18,1,0,,False,retry_link;reminder;discount_offer;escalate_to_human;no_action,reminder,True,293.83,4.5,0
TXN002456,CUST00733,1161,3181.89,0.5,100.0,0,105,200.89,payment_failed,otp_timeout,2026-07-07T19:20:10.254820,19,1,0,,False,retry_link;reminder;discount_offer;escalate_to_human;no_action,retry_link,True,200.89,6.59,0
TXN002457,CUST00568,964,44527.42,0.5,233.69,0,11,237.56,checkout_abandoned,bank_decline,2026-07-07T19:48:17.040328,19,1,0,,False,retry_link;reminder;discount_offer;escalate_to_human;no_action,reminder,False,0.0,,0
TXN002458,CUST00103,12,478.99,0.0,332.63,0,139,302.32,payment_failed,bank_decline,2026-07-07T19:52:50.032473,19,1,0,2026-06-12T17:09:14.717324,False,retry_link;reminder;discount_offer;escalate_to_human;no_action,escalate_to_human,True,302.32,1.2,2
TXN002459,CUST00656,1149,9060.53,0.0,149.41,0,30,231.97,checkout_abandoned,price_hesitation,2026-07-07T20:17:13.408917,20,1,0,2026-07-02T02:56:41.807416,False,retry_link;reminder;discount_offer;escalate_to_human;no_action,discount_offer,True,231.97,1.91,2
TXN002460,CUST01306,382,9151.46,0.5,416.06,0,100,443.87,checkout_abandoned,insufficient_funds,2026-07-07T20:35:18.527241,20,1,0,,False,retry_link;reminder;discount_offer;escalate_to_human;no_action,reminder,False,0.0,,0
TXN002461,CUST00818,998,1766.42,1.0,200.15,1,6,186.53,payment_failed,otp_timeout,2026-07-07T20:38:12.810475,20,1,0,2026-07-01T15:31:53.400546,False,retry_link;reminder;discount_offer;escalate_to_human;no_action,retry_link,True,186.53,8.12,0
TXN002462,CUST00154,652,613.3,1.0,266.98,1,5,325.74,checkout_abandoned,otp_timeout,2026-07-07T21:03:21.380169,21,1,0,2026-07-02T02:35:41.807059,False,retry_link;reminder;discount_offer;escalate_to_human;no_action,retry_link,True,325.74,12.82,0
TXN002463,CUST00945,179,2285.1,0.5,405.15,0,28,536.52,checkout_abandoned,bank_decline,2026-07-07T21:08:20.538031,21,1,0,,False,retry_link;reminder;discount_offer;escalate_to_human;no_action,retry_link,False,0.0,,0
TXN002464,CUST00777,178,1387.01,0.5,1337.58,0,32,1467.08,checkout_abandoned,price_hesitation,2026-07-07T23:18:32.098448,23,1,0,,False,retry_link;reminder;discount_offer;escalate_to_human;no_action,escalate_to_human,False,0.0,,0
TXN002465,CUST00656,1149,9060.53,0.333,149.41,1,0,103.25,payment_failed,bank_decline,2026-07-07T23:29:17.951574,23,1,1,2026-07-07T20:17:13.408917,False,retry_link;reminder;discount_offer;escalate_to_human;no_action,no_action,False,0.0,,2
TXN002466,CUST01315,449,11053.7,0.5,148.2,1,18,137.7,checkout_abandoned,bank_decline,2026-07-07T23:50:14.316901,23,1,0,2026-07-01T13:02:38.922877,False,retry_link;reminder;discount_offer;escalate_to_human;no_action,escalate_to_human,False,0.0,,1
TXN002467,CUST00123,707,4435.39,0.5,294.96,0,78,365.81,payment_failed,insufficient_funds,2026-07-07T23:52:15.581404,23,1,0,,False,retry_link;reminder;discount_offer;escalate_to_human;no_action,discount_offer,True,365.81,1.69,0
TXN002468,CUST00986,925,2984.59,0.5,440.46,0,49,506.54,payment_failed,price_hesitation,2026-07-08T00:35:38.449153,0,2,0,,False,retry_link;reminder;discount_offer;escalate_to_human;no_action,discount_offer,True,506.54,1.12,0
TXN002469,CUST01264,358,2070.25,0.5,558.14,0,16,653.45,payment_failed,insufficient_funds,2026-07-08T00:36:17.433591,0,2,0,,False,retry_link;reminder;discount_offer;escalate_to_human;no_action,no_action,False,0.0,,0
TXN002470,CUST01428,401,3291.78,0.75,750.28,3,1,606.72,checkout_abandoned,gateway_error,2026-07-08T00:44:46.653515,0,2,0,2026-07-06T09:14:51.158357,False,retry_link;reminder;discount_offer;escalate_to_human;no_action,reminder,False,0.0,,1
TXN002471,CUST00850,1470,5052.52,0.5,553.04,0,111,799.45,payment_failed,gateway_error,2026-07-08T01:08:55.675528,1,2,0,,False,retry_link;reminder;discount_offer;escalate_to_human;no_action,discount_offer,True,799.45,0.68,0
TXN002472,CUST01465,168,5009.38,0.0,387.87,0,99,288.96,checkout_abandoned,price_hesitation,2026-07-08T01:31:30.673748,1,2,0,2026-06-03T01:13:21.783302,False,retry_link;reminder;discount_offer;escalate_to_human;no_action,no_action,False,0.0,,2
TXN002473,CUST00934,664,3789.2,0.5,229.31,0,98,218.66,payment_failed,gateway_error,2026-07-08T01:41:42.480303,1,2,0,,False,retry_link;reminder;discount_offer;escalate_to_human;no_action,reminder,False,0.0,,0
TXN002474,CUST01221,830,5455.12,0.5,339.65,0,105,282.96,payment_failed,gateway_error,2026-07-08T03:03:59.642518,3,2,0,,False,retry_link;reminder;discount_offer;escalate_to_human;no_action,retry_link,True,282.96,0.66,0
TXN002475,CUST01040,1059,1347.73,0.0,352.3,0,104,316.35,checkout_abandoned,bank_decline,2026-07-08T03:31:22.405099,3,2,0,2026-06-22T18:47:40.022088,False,retry_link;reminder;discount_offer;escalate_to_human;no_action,no_action,False,0.0,,1
TXN002476,CUST00299,33,9717.39,0.5,118.29,0,61,240.62,payment_failed,otp_timeout,2026-07-08T04:05:46.411155,4,2,0,,False,retry_link;reminder;discount_offer;escalate_to_human;no_action,reminder,False,0.0,,0
TXN002477,CUST00910,1155,1284.52,0.2,493.27,1,32,940.33,payment_failed,insufficient_funds,2026-07-08T04:39:25.384447,4,2,0,2026-07-02T17:21:52.377469,False,retry_link;reminder;discount_offer;escalate_to_human;no_action,escalate_to_human,False,0.0,,4
TXN002478,CUST00384,48,1469.87,1.0,670.06,1,25,878.99,payment_failed,otp_timeout,2026-07-08T04:59:18.398656,4,2,0,2026-06-12T16:00:28.066278,False,retry_link;reminder;discount_offer;escalate_to_human;no_action,no_action,False,0.0,,0
TXN002479,CUST00021,556,18151.3,0.0,203.65,0,103,320.89,checkout_abandoned,bank_decline,2026-07-08T05:03:06.989254,5,2,0,2026-06-19T16:14:31.469973,False,retry_link;reminder;discount_offer;escalate_to_human;no_action,escalate_to_human,False,0.0,,1
TXN002480,CUST01423,1012,7582.98,1.0,223.98,1,24,212.72,checkout_abandoned,price_hesitation,2026-07-08T05:06:03.967795,5,2,0,2026-06-13T09:44:38.726658,False,retry_link;reminder;discount_offer;escalate_to_human;no_action,discount_offer,True,212.72,8.23,0
TXN002481,CUST01105,272,10313.14,0.5,391.64,0,64,352.59,payment_failed,price_hesitation,2026-07-08T05:16:29.638985,5,2,0,,False,retry_link;reminder;discount_offer;escalate_to_human;no_action,retry_link,False,0.0,,0
TXN002482,CUST00430,127,6017.72,0.0,175.14,0,121,163.96,checkout_abandoned,gateway_error,2026-07-08T05:20:30.995014,5,2,0,,False,retry_link;reminder;discount_offer;escalate_to_human;no_action,retry_link,True,163.96,0.91,2
TXN002483,CUST00208,396,3806.65,1.0,326.98,2,8,353.85,payment_failed,insufficient_funds,2026-07-08T06:03:37.521930,6,2,0,2026-06-29T10:03:32.468515,False,retry_link;reminder;discount_offer;escalate_to_human;no_action,no_action,False,0.0,,0
TXN002484,CUST00846,235,1366.73,0.0,385.25,0,127,261.39,payment_failed,insufficient_funds,2026-07-08T07:01:32.187458,7,2,1,2026-07-07T11:36:28.236620,False,retry_link;reminder;discount_offer;escalate_to_human;no_action,discount_offer,False,0.0,,2
TXN002485,CUST01352,744,558.07,1.0,410.74,2,22,204.32,checkout_abandoned,price_hesitation,2026-07-08T07:15:58.538692,7,2,0,2026-06-16T00:21:42.328230,False,retry_link;reminder;discount_offer;escalate_to_human;no_action,retry_link,True,204.32,2.5,0
TXN002486,CUST00565,355,6473.62,1.0,349.56,2,9,367.45,checkout_abandoned,price_hesitation,2026-07-08T07:16:06.702879,7,2,0,2026-06-28T18:09:44.556817,False,retry_link;reminder;discount_offer;escalate_to_human;no_action,retry_link,True,367.45,9.68,0
TXN002487,CUST00582,161,9659.5,0.333,558.12,1,25,534.54,payment_failed,otp_timeout,2026-07-08T07:34:21.922033,7,2,0,2026-07-02T12:14:14.037647,True,no_action,no_action,True,534.54,7.41,2
TXN002488,CUST01369,952,8222.27,0.5,237.89,0,32,439.72,checkout_abandoned,insufficient_funds,2026-07-08T07:58:52.392699,7,2,0,,False,retry_link;reminder;discount_offer;escalate_to_human;no_action,no_action,False,0.0,,0
TXN002489,CUST00427,1206,3220.62,1.0,242.7,1,3,157.84,payment_failed,otp_timeout,2026-07-08T08:05:46.870357,8,2,0,2026-07-05T03:59:48.160435,False,retry_link;reminder;discount_offer;escalate_to_human;no_action,discount_offer,False,0.0,,0
TXN002490,CUST01136,1087,4082.57,0.0,227.49,0,111,133.7,checkout_abandoned,price_hesitation,2026-07-08T08:47:13.634975,8,2,0,2026-06-23T11:29:24.965348,False,retry_link;reminder;discount_offer;escalate_to_human;no_action,discount_offer,True,133.7,1.17,3
TXN002491,CUST01078,627,2644.35,1.0,253.45,5,1,144.67,checkout_abandoned,otp_timeout,2026-07-08T09:17:48.282057,9,2,0,2026-07-07T06:26:32.866155,False,retry_link;reminder;discount_offer;escalate_to_human;no_action,escalate_to_human,True,144.67,3.66,0
TXN002492,CUST00604,1239,6321.09,0.0,332.12,0,89,735.95,payment_failed,insufficient_funds,2026-07-08T10:01:38.600450,10,2,0,2026-07-02T00:39:54.767221,False,retry_link;reminder;discount_offer;escalate_to_human;no_action,escalate_to_human,False,0.0,,3
TXN002493,CUST01170,943,15168.31,1.0,173.43,1,34,288.85,checkout_abandoned,price_hesitation,2026-07-08T10:13:41.438749,10,2,0,,False,retry_link;reminder;discount_offer;escalate_to_human;no_action,escalate_to_human,False,0.0,,0
TXN002494,CUST00760,264,8062.48,1.0,312.99,1,30,469.71,checkout_abandoned,otp_timeout,2026-07-08T10:16:21.073630,10,2,0,2026-06-07T23:33:41.589007,False,retry_link;reminder;discount_offer;escalate_to_human;no_action,reminder,False,0.0,,0
TXN002495,CUST01373,631,12096.12,0.5,432.2,1,7,494.61,checkout_abandoned,otp_timeout,2026-07-08T10:39:03.116832,10,2,0,2026-06-30T15:53:37.932801,False,retry_link;reminder;discount_offer;escalate_to_human;no_action,reminder,True,494.61,24.75,1
TXN002496,CUST00396,68,17103.67,1.0,328.8,2,19,507.94,payment_failed,gateway_error,2026-07-08T10:51:07.598096,10,2,0,2026-06-18T13:35:18.617068,False,retry_link;reminder;discount_offer;escalate_to_human;no_action,retry_link,True,507.94,10.6,0
TXN002497,CUST00597,1169,7432.73,0.0,527.38,0,120,857.71,checkout_abandoned,insufficient_funds,2026-07-08T11:45:06.088372,11,2,0,2026-06-11T09:45:38.969739,True,no_action,no_action,False,0.0,,3
TXN002498,CUST00309,163,15523.12,0.5,238.61,1,37,161.23,payment_failed,gateway_error,2026-07-08T12:12:43.154282,12,2,0,2026-06-01T00:10:47.515489,False,retry_link;reminder;discount_offer;escalate_to_human;no_action,no_action,True,161.23,7.56,1
TXN002499,CUST00259,881,8007.98,0.5,279.21,0,58,164.5,payment_failed,bank_decline,2026-07-08T12:30:56.600013,12,2,0,,False,retry_link;reminder;discount_offer;escalate_to_human;no_action,reminder,True,164.5,6.41,0
TXN002500,CUST00526,1385,3123.27,1.0,618.71,1,37,744.15,payment_failed,otp_timeout,2026-07-08T12:31:54.080349,12,2,0,2026-06-01T06:24:26.408345,False,retry_link;reminder;discount_offer;escalate_to_human;no_action,escalate_to_human,True,744.15,2.11,0
TXN002501,CUST00756,1106,49296.02,0.333,206.32,1,22,157.65,checkout_abandoned,insufficient_funds,2026-07-08T12:42:47.809844,12,2,0,2026-06-18T03:30:28.447702,False,retry_link;reminder;discount_offer;escalate_to_human;no_action,no_action,False,0.0,,2
TXN002502,CUST00550,1204,26653.14,0.0,590.3,0,74,360.62,payment_failed,price_hesitation,2026-07-08T12:46:30.804248,12,2,0,2026-06-28T07:09:33.814871,False,retry_link;reminder;discount_offer;escalate_to_human;no_action,retry_link,False,0.0,,2
TXN002503,CUST00553,477,7408.31,0.667,299.39,2,8,185.87,payment_failed,otp_timeout,2026-07-08T12:46:41.183860,12,2,0,2026-06-30T12:18:26.306990,False,retry_link;reminder;discount_offer;escalate_to_human;no_action,retry_link,True,185.87,2.42,1
TXN002504,CUST01074,700,640.74,1.0,232.81,1,20,216.16,checkout_abandoned,otp_timeout,2026-07-08T13:20:51.210578,13,2,0,2026-06-18T13:07:48.664033,False,retry_link;reminder;discount_offer;escalate_to_human;no_action,escalate_to_human,True,216.16,2.87,0
TXN002505,CUST00666,755,19411.74,0.5,448.95,0,48,413.34,payment_failed,gateway_error,2026-07-08T14:00:57.773335,14,2,0,,False,retry_link;reminder;discount_offer;escalate_to_human;no_action,discount_offer,True,413.34,0.81,0
TXN002506,CUST00372,615,11783.15,0.333,437.86,1,25,483.03,checkout_abandoned,gateway_error,2026-07-08T15:38:45.156140,15,2,0,2026-06-24T00:48:05.284244,False,retry_link;reminder;discount_offer;escalate_to_human;no_action,escalate_to_human,True,483.03,1.94,2
TXN002507,CUST00273,1437,20874.61,0.0,209.1,0,115,125.03,payment_failed,insufficient_funds,2026-07-08T15:38:45.914890,15,2,0,2026-06-01T04:21:31.915516,False,retry_link;reminder;discount_offer;escalate_to_human;no_action,escalate_to_human,True,125.03,11.95,1
TXN002508,CUST00050,1140,32921.95,0.0,424.04,0,117,408.34,payment_failed,bank_decline,2026-07-08T15:51:30.204909,15,2,0,,True,no_action,no_action,True,408.34,5.37,2
TXN002509,CUST00387,1246,2050.71,0.0,293.57,0,145,254.04,payment_failed,gateway_error,2026-07-08T16:37:37.538306,16,2,0,,False,retry_link;reminder;discount_offer;escalate_to_human;no_action,escalate_to_human,True,254.04,8.56,1
TXN002510,CUST00159,1176,4765.79,1.0,313.56,1,21,313.06,checkout_abandoned,gateway_error,2026-07-08T16:44:43.782540,16,2,0,2026-06-17T10:09:58.821213,False,retry_link;reminder;discount_offer;escalate_to_human;no_action,retry_link,True,313.06,1.19,0
TXN002511,CUST01411,842,64320.24,0.0,674.76,0,100,683.67,checkout_abandoned,insufficient_funds,2026-07-08T17:00:20.604900,17,2,0,2026-06-13T03:04:24.746495,False,retry_link;reminder;discount_offer;escalate_to_human;no_action,no_action,False,0.0,,1
TXN002512,CUST00834,1281,1081.92,0.5,251.97,0,80,295.69,payment_failed,price_hesitation,2026-07-08T17:03:20.311681,17,2,0,,False,retry_link;reminder;discount_offer;escalate_to_human;no_action,escalate_to_human,True,295.69,5.67,0
TXN002513,CUST01199,930,979.65,1.0,690.24,1,5,805.21,checkout_abandoned,price_hesitation,2026-07-08T17:07:41.110454,17,2,0,2026-07-02T23:47:57.716239,False,retry_link;reminder;discount_offer;escalate_to_human;no_action,no_action,False,0.0,,0
TXN002514,CUST01278,13,2741.05,1.0,287.47,1,32,748.58,checkout_abandoned,otp_timeout,2026-07-08T17:20:39.546697,17,2,0,2026-06-06T01:55:29.652033,False,retry_link;reminder;discount_offer;escalate_to_human;no_action,escalate_to_human,False,0.0,,0
TXN002515,CUST00693,1419,19673.56,0.5,100.0,0,7,55.9,payment_failed,insufficient_funds,2026-07-08T17:33:58.633610,17,2,0,,False,retry_link;reminder;discount_offer;escalate_to_human;no_action,reminder,False,0.0,,0
TXN002516,CUST00661,1102,209.82,1.0,564.69,1,15,689.51,payment_failed,insufficient_funds,2026-07-08T17:43:30.321132,17,2,0,2026-06-23T15:06:50.016227,False,retry_link;reminder;discount_offer;escalate_to_human;no_action,escalate_to_human,True,689.51,2.78,0
TXN002517,CUST00015,1179,5848.44,0.0,176.56,0,63,214.47,payment_failed,price_hesitation,2026-07-08T17:48:22.569662,17,2,0,2026-06-26T19:02:03.616166,False,retry_link;reminder;discount_offer;escalate_to_human;no_action,discount_offer,False,0.0,,2
TXN002518,CUST01204,976,4625.72,0.0,1787.67,0,129,1138.19,payment_failed,insufficient_funds,2026-07-08T17:50:55.217054,17,2,0,,False,retry_link;reminder;discount_offer;escalate_to_human;no_action,discount_offer,False,0.0,,1
TXN002519,CUST00602,1108,4795.95,0.0,495.51,0,135,550.17,payment_failed,bank_decline,2026-07-08T17:51:32.089687,17,2,0,2026-06-05T07:01:45.083805,False,retry_link;reminder;discount_offer;escalate_to_human;no_action,no_action,False,0.0,,1
TXN002520,CUST00531,249,26068.21,0.667,260.82,2,22,171.39,checkout_abandoned,otp_timeout,2026-07-08T18:00:28.522595,18,2,0,2026-06-18T05:57:53.141855,False,retry_link;reminder;discount_offer;escalate_to_human;no_action,escalate_to_human,True,171.39,16.42,1
TXN002521,CUST00847,78,5873.85,1.0,428.87,2,4,864.59,checkout_abandoned,otp_timeout,2026-07-08T18:28:45.885975,18,2,0,2026-07-04T15:26:37.651606,False,retry_link;reminder;discount_offer;escalate_to_human;no_action,discount_offer,False,0.0,,0
TXN002522,CUST01024,1233,10284.06,0.0,441.9,0,61,296.38,payment_failed,insufficient_funds,2026-07-08T18:37:46.240705,18,2,0,2026-06-07T09:47:30.282035,False,retry_link;reminder;discount_offer;escalate_to_human;no_action,discount_offer,False,0.0,,1
TXN002523,CUST00135,456,4990.96,0.0,100.0,0,125,59.97,payment_failed,gateway_error,2026-07-08T19:28:01.643019,19,2,0,2026-06-21T11:53:50.008013,False,retry_link;reminder;discount_offer;escalate_to_human;no_action,retry_link,False,0.0,,3
TXN002524,CUST00209,1168,5341.62,0.5,985.58,1,8,979.46,checkout_abandoned,price_hesitation,2026-07-08T20:06:03.651141,20,2,0,2026-06-30T08:07:32.255711,False,retry_link;reminder;discount_offer;escalate_to_human;no_action,discount_offer,True,979.46,3.45,1
TXN002525,CUST00273,1437,20874.61,0.5,209.1,1,0,162.18,payment_failed,insufficient_funds,2026-07-08T20:06:19.934985,20,2,1,2026-07-08T15:38:45.914890,False,retry_link;reminder;discount_offer;escalate_to_human;no_action,reminder,False,0.0,,1
TXN002526,CUST00349,247,4513.86,0.0,437.74,0,85,308.29,checkout_abandoned,insufficient_funds,2026-07-08T20:19:04.198768,20,2,0,,True,no_action,no_action,False,0.0,,1
TXN002527,CUST00332,465,5544.78,0.5,254.63,1,14,227.35,checkout_abandoned,insufficient_funds,2026-07-08T20:39:15.248725,20,2,0,2026-07-02T15:27:00.625870,False,retry_link;reminder;discount_offer;escalate_to_human;no_action,escalate_to_human,True,227.35,4.88,1
TXN002528,CUST00053,700,21713.46,0.5,569.66,0,73,431.56,checkout_abandoned,otp_timeout,2026-07-08T20:46:56.597377,20,2,0,,False,retry_link;reminder;discount_offer;escalate_to_human;no_action,reminder,True,431.56,2.52,0
TXN002529,CUST00169,35,754.16,0.333,321.5,1,21,229.84,payment_failed,insufficient_funds,2026-07-08T20:50:54.979398,20,2,0,2026-06-17T14:01:22.634005,False,retry_link;reminder;discount_offer;escalate_to_human;no_action,retry_link,False,0.0,,2
TXN002530,CUST00374,1329,2388.31,0.0,125.85,0,51,139.31,checkout_abandoned,otp_timeout,2026-07-08T21:20:10.497691,21,2,0,2026-06-10T15:32:16.607579,False,retry_link;reminder;discount_offer;escalate_to_human;no_action,discount_offer,False,0.0,,1
TXN002531,CUST00187,572,1206.26,0.0,267.0,0,127,177.66,checkout_abandoned,insufficient_funds,2026-07-08T21:21:07.265739,21,2,0,2026-06-01T15:34:30.843213,False,retry_link;reminder;discount_offer;escalate_to_human;no_action,escalate_to_human,True,177.66,7.75,1
TXN002532,CUST01369,952,8222.27,0.0,237.89,0,32,199.86,payment_failed,gateway_error,2026-07-08T21:23:02.831197,21,2,0,,False,retry_link;reminder;discount_offer;escalate_to_human;no_action,no_action,True,199.86,13.8,1
TXN002533,CUST00897,82,695.98,0.5,301.29,0,10,310.67,checkout_abandoned,otp_timeout,2026-07-08T21:41:49.656476,21,2,0,,False,retry_link;reminder;discount_offer;escalate_to_human;no_action,escalate_to_human,False,0.0,,0
TXN002534,CUST00559,1276,3866.74,1.0,180.09,3,3,145.5,payment_failed,bank_decline,2026-07-08T21:42:35.899738,21,2,0,2026-07-05T14:40:50.005998,False,retry_link;reminder;discount_offer;escalate_to_human;no_action,no_action,False,0.0,,0
TXN002535,CUST01046,359,1288.98,0.0,100.0,0,109,102.26,checkout_abandoned,bank_decline,2026-07-08T21:52:30.178952,21,2,0,2026-07-01T11:21:41.876076,False,retry_link;reminder;discount_offer;escalate_to_human;no_action,escalate_to_human,False,0.0,,3
TXN002536,CUST00118,368,37090.84,0.5,619.99,1,11,434.48,payment_failed,gateway_error,2026-07-08T22:23:55.859552,22,2,0,2026-06-27T19:38:33.228060,False,retry_link;reminder;discount_offer;escalate_to_human;no_action,retry_link,True,434.48,3.06,1
TXN002537,CUST01318,674,1647.37,0.667,554.38,2,23,499.03,payment_failed,insufficient_funds,2026-07-08T22:31:44.315842,22,2,0,2026-06-20T06:35:32.826328,False,retry_link;reminder;discount_offer;escalate_to_human;no_action,escalate_to_human,False,0.0,,1
TXN002538,CUST00708,714,10098.33,1.0,146.9,3,27,149.15,checkout_abandoned,otp_timeout,2026-07-08T23:25:18.122013,23,2,0,2026-06-11T07:06:03.986625,False,retry_link;reminder;discount_offer;escalate_to_human;no_action,no_action,False,0.0,,0
TXN002539,CUST00430,127,6017.72,0.333,175.14,1,0,89.51,payment_failed,otp_timeout,2026-07-08T23:39:27.760149,23,2,1,2026-07-08T05:20:30.995014,False,retry_link;reminder;discount_offer;escalate_to_human;no_action,discount_offer,False,0.0,,2
TXN002540,CUST00561,66,451.39,0.0,222.15,0,57,319.94,checkout_abandoned,gateway_error,2026-07-09T00:02:01.862986,0,3,0,2026-06-25T08:40:57.242309,False,retry_link;reminder;discount_offer;escalate_to_human;no_action,retry_link,False,0.0,,1
TXN002541,CUST01122,404,12924.1,0.0,909.17,0,108,917.47,checkout_abandoned,price_hesitation,2026-07-09T00:50:44.722615,0,3,0,2026-07-06T16:31:08.580539,False,retry_link;reminder;discount_offer;escalate_to_human;no_action,discount_offer,False,0.0,,1
TXN002542,CUST00916,814,705.04,0.0,705.89,0,135,1365.04,payment_failed,price_hesitation,2026-07-09T00:56:05.768597,0,3,0,2026-06-08T02:21:59.964037,True,no_action,no_action,False,0.0,,4
TXN002543,CUST00158,758,4386.28,1.0,338.86,4,23,564.98,checkout_abandoned,otp_timeout,2026-07-09T00:57:56.616567,0,3,0,2026-06-15T21:31:44.985286,False,retry_link;reminder;discount_offer;escalate_to_human;no_action,no_action,False,0.0,,0
TXN002544,CUST00876,810,6994.89,0.0,732.96,0,129,662.14,checkout_abandoned,otp_timeout,2026-07-09T01:34:12.110692,1,3,0,2026-06-12T14:07:37.626929,False,retry_link;reminder;discount_offer;escalate_to_human;no_action,discount_offer,False,0.0,,2
TXN002545,CUST01124,1261,1162.9,1.0,136.87,2,7,97.83,payment_failed,insufficient_funds,2026-07-09T01:56:33.919524,1,3,0,2026-07-01T13:16:55.101429,False,retry_link;reminder;discount_offer;escalate_to_human;no_action,no_action,False,0.0,,0
TXN002546,CUST01114,292,9288.46,0.0,341.63,0,133,406.05,checkout_abandoned,bank_decline,2026-07-09T02:20:58.364447,2,3,0,2026-06-01T23:41:25.629412,False,retry_link;reminder;discount_offer;escalate_to_human;no_action,no_action,False,0.0,,2
TXN002547,CUST00232,30,8310.56,0.0,457.0,0,79,449.21,payment_failed,price_hesitation,2026-07-09T02:32:01.008895,2,3,0,2026-06-05T14:50:02.984858,True,no_action,no_action,False,0.0,,3
TXN002548,CUST01330,675,11424.94,0.5,211.54,0,117,259.66,payment_failed,bank_decline,2026-07-09T02:37:29.317178,2,3,0,,False,retry_link;reminder;discount_offer;escalate_to_human;no_action,discount_offer,False,0.0,,0
TXN002549,CUST00107,997,4318.35,1.0,797.88,1,29,1668.63,payment_failed,price_hesitation,2026-07-09T02:47:26.018896,2,3,0,2026-06-09T09:31:32.953951,False,retry_link;reminder;discount_offer;escalate_to_human;no_action,discount_offer,True,1668.63,10.01,0
TXN002550,CUST01486,244,2975.68,1.0,296.74,1,17,245.99,payment_failed,gateway_error,2026-07-09T02:49:59.059087,2,3,0,2026-06-21T20:37:22.212309,False,retry_link;reminder;discount_offer;escalate_to_human;no_action,retry_link,False,0.0,,0
TXN002551,CUST00413,198,22468.7,0.0,331.36,0,46,312.86,payment_failed,price_hesitation,2026-07-09T02:56:32.556878,2,3,0,,False,retry_link;reminder;discount_offer;escalate_to_human;no_action,discount_offer,False,0.0,,1
TXN002552,CUST00252,283,6281.94,0.5,402.08,1,13,676.8,checkout_abandoned,otp_timeout,2026-07-09T03:03:20.063861,3,3,0,2026-06-25T21:04:08.038382,False,retry_link;reminder;discount_offer;escalate_to_human;no_action,reminder,False,0.0,,1
TXN002553,CUST00477,27,1773.68,0.5,360.46,2,17,277.1,payment_failed,insufficient_funds,2026-07-09T03:26:28.833118,3,3,0,2026-06-21T08:03:16.763670,True,no_action,no_action,False,0.0,,2
TXN002554,CUST01173,267,458.69,0.0,176.22,0,121,50.0,checkout_abandoned,price_hesitation,2026-07-09T03:30:01.244150,3,3,0,2026-07-06T12:08:13.121910,False,retry_link;reminder;discount_offer;escalate_to_human;no_action,retry_link,False,0.0,,2
TXN002555,CUST01189,11,7934.73,0.333,322.4,1,7,142.08,payment_failed,otp_timeout,2026-07-09T04:00:05.338774,4,3,0,2026-07-01T17:59:16.529497,False,retry_link;reminder;discount_offer;escalate_to_human;no_action,discount_offer,True,142.08,6.31,2
TXN002556,CUST00595,1203,37043.51,0.8,239.57,4,1,558.81,payment_failed,insufficient_funds,2026-07-09T04:17:14.184939,4,3,0,2026-07-07T18:02:25.985362,False,retry_link;reminder;discount_offer;escalate_to_human;no_action,discount_offer,False,0.0,,1
TXN002557,CUST01486,244,2975.68,0.5,296.74,1,17,234.08,checkout_abandoned,insufficient_funds,2026-07-09T04:22:21.346250,4,3,1,2026-07-09T02:49:59.059087,False,retry_link;reminder;discount_offer;escalate_to_human;no_action,no_action,False,0.0,,1
TXN002558,CUST01273,1013,14209.81,0.5,381.79,1,20,304.54,payment_failed,insufficient_funds,2026-07-09T04:30:07.984830,4,3,0,2026-06-18T18:00:58.565968,False,retry_link;reminder;discount_offer;escalate_to_human;no_action,reminder,False,0.0,,1
TXN002559,CUST00766,919,12911.38,1.0,374.77,2,24,532.97,payment_failed,gateway_error,2026-07-09T04:36:02.487827,4,3,0,2026-06-14T20:24:46.559465,False,retry_link;reminder;discount_offer;escalate_to_human;no_action,no_action,False,0.0,,0
TXN002560,CUST00620,650,2043.32,0.0,298.65,0,85,659.14,payment_failed,gateway_error,2026-07-09T04:57:21.704224,4,3,0,,False,retry_link;reminder;discount_offer;escalate_to_human;no_action,discount_offer,False,0.0,,1
TXN002561,CUST00949,417,2278.91,0.0,161.9,0,142,94.38,payment_failed,insufficient_funds,2026-07-09T05:04:18.386689,5,3,0,2026-06-04T14:59:12.878109,False,retry_link;reminder;discount_offer;escalate_to_human;no_action,escalate_to_human,False,0.0,,1
TXN002562,CUST01495,647,4990.48,1.0,197.08,3,25,147.44,checkout_abandoned,bank_decline,2026-07-09T05:19:25.105282,5,3,0,2026-06-14T00:34:55.933245,False,retry_link;reminder;discount_offer;escalate_to_human;no_action,retry_link,False,0.0,,0
TXN002563,CUST00016,770,11562.75,0.0,322.64,0,87,175.83,checkout_abandoned,gateway_error,2026-07-09T05:43:35.986140,5,3,0,2026-07-03T01:04:30.776965,False,retry_link;reminder;discount_offer;escalate_to_human;no_action,no_action,False,0.0,,2
TXN002564,CUST00504,411,1824.41,0.0,232.47,0,138,224.27,checkout_abandoned,gateway_error,2026-07-09T06:10:08.945019,6,3,0,2026-06-18T17:43:40.676450,True,no_action,no_action,False,0.0,,3
TXN002565,CUST00257,156,3122.63,0.5,375.04,0,51,255.73,payment_failed,gateway_error,2026-07-09T06:51:40.436973,6,3,0,,False,retry_link;reminder;discount_offer;escalate_to_human;no_action,retry_link,False,0.0,,0
TXN002566,CUST00921,859,8547.15,0.0,2036.64,0,58,2206.35,checkout_abandoned,insufficient_funds,2026-07-09T06:58:23.362602,6,3,0,2026-06-30T19:25:01.384733,False,retry_link;reminder;discount_offer;escalate_to_human;no_action,reminder,False,0.0,,3
TXN002567,CUST01168,1497,882.43,0.5,130.38,1,27,79.31,payment_failed,insufficient_funds,2026-07-09T07:18:13.085147,7,3,0,2026-06-11T18:28:51.840508,False,retry_link;reminder;discount_offer;escalate_to_human;no_action,no_action,False,0.0,,1
TXN002568,CUST00555,757,5042.67,0.5,1604.94,1,15,1806.96,payment_failed,otp_timeout,2026-07-09T07:18:37.186148,7,3,0,2026-06-24T03:38:23.300138,False,retry_link;reminder;discount_offer;escalate_to_human;no_action,retry_link,True,1806.96,12.02,1
TXN002569,CUST01110,948,11181.31,0.5,334.08,1,20,264.74,payment_failed,gateway_error,2026-07-09T07:21:39.006441,7,3,0,2026-06-19T02:47:11.149597,False,retry_link;reminder;discount_offer;escalate_to_human;no_action,escalate_to_human,False,0.0,,1
TXN002570,CUST00574,11,6525.05,1.0,639.2,2,21,472.95,payment_failed,bank_decline,2026-07-09T07:46:40.167129,7,3,0,2026-06-17T18:18:43.233439,False,retry_link;reminder;discount_offer;escalate_to_human;no_action,escalate_to_human,True,472.95,6.63,0
TXN002571,CUST01263,1234,3724.66,0.5,724.89,0,45,643.56,payment_failed,price_hesitation,2026-07-09T08:12:57.536453,8,3,0,,False,retry_link;reminder;discount_offer;escalate_to_human;no_action,reminder,True,643.56,2.64,0
TXN002572,CUST00857,86,15239.7,0.0,117.31,0,109,141.65,checkout_abandoned,price_hesitation,2026-07-09T08:47:57.457465,8,3,0,2026-06-28T00:10:28.283907,False,retry_link;reminder;discount_offer;escalate_to_human;no_action,reminder,False,0.0,,5
TXN002573,CUST00503,1301,11623.85,1.0,367.89,1,25,320.79,checkout_abandoned,bank_decline,2026-07-09T08:59:56.013964,8,3,0,2026-06-13T17:28:22.528593,False,retry_link;reminder;discount_offer;escalate_to_human;no_action,discount_offer,True,320.79,29.62,0
TXN002574,CUST00965,882,9939.13,1.0,145.36,1,5,58.4,payment_failed,insufficient_funds,2026-07-09T09:07:20.519705,9,3,0,2026-07-03T10:38:25.756016,False,retry_link;reminder;discount_offer;escalate_to_human;no_action,discount_offer,False,0.0,,0
TXN002575,CUST00791,682,8981.67,0.5,267.22,1,14,262.19,payment_failed,bank_decline,2026-07-09T10:01:01.090921,10,3,0,2026-06-25T02:42:06.926162,False,retry_link;reminder;discount_offer;escalate_to_human;no_action,reminder,True,262.19,0.77,1
TXN002576,CUST01240,762,5888.48,0.5,351.11,0,108,253.81,checkout_abandoned,bank_decline,2026-07-09T10:42:14.916649,10,3,0,,False,retry_link;reminder;discount_offer;escalate_to_human;no_action,reminder,False,0.0,,0
TXN002577,CUST00387,1246,2050.71,0.5,293.57,1,0,507.97,payment_failed,gateway_error,2026-07-09T12:22:23.148183,12,3,1,2026-07-08T16:37:37.538306,False,retry_link;reminder;discount_offer;escalate_to_human;no_action,discount_offer,True,507.97,4.22,1
TXN002578,CUST00969,55,12840.54,1.0,145.88,2,20,131.23,payment_failed,bank_decline,2026-07-09T12:43:54.995998,12,3,0,2026-06-18T15:31:46.127156,False,retry_link;reminder;discount_offer;escalate_to_human;no_action,discount_offer,True,131.23,6.94,0
TXN002579,CUST00461,211,12583.66,0.5,289.18,0,15,405.92,checkout_abandoned,bank_decline,2026-07-09T12:55:11.606731,12,3,0,,False,retry_link;reminder;discount_offer;escalate_to_human;no_action,retry_link,True,405.92,4.19,0
TXN002580,CUST01453,369,1289.15,0.0,103.59,0,47,91.71,payment_failed,insufficient_funds,2026-07-09T13:04:41.505073,13,3,0,2026-06-21T06:29:05.640102,False,retry_link;reminder;discount_offer;escalate_to_human;no_action,reminder,False,0.0,,3
TXN002581,CUST01111,350,5235.15,0.0,323.5,0,95,382.63,checkout_abandoned,gateway_error,2026-07-09T13:21:12.100753,13,3,0,2026-06-28T08:13:40.989891,False,retry_link;reminder;discount_offer;escalate_to_human;no_action,no_action,True,382.63,3.82,3
TXN002582,CUST01319,596,6795.75,0.0,202.65,0,147,274.3,checkout_abandoned,insufficient_funds,2026-07-09T14:03:02.547415,14,3,0,2026-06-18T13:51:06.318898,False,retry_link;reminder;discount_offer;escalate_to_human;no_action,reminder,True,274.3,4.87,2
TXN002583,CUST00458,1261,7352.76,0.0,113.97,0,56,168.7,payment_failed,gateway_error,2026-07-09T14:10:15.899812,14,3,0,2026-06-13T09:43:20.961286,True,no_action,no_action,False,0.0,,2
TXN002584,CUST00915,688,16203.24,0.0,168.18,0,100,235.5,payment_failed,bank_decline,2026-07-09T14:20:20.028572,14,3,0,2026-07-07T10:51:36.570002,False,retry_link;reminder;discount_offer;escalate_to_human;no_action,reminder,False,0.0,,2
TXN002585,CUST01343,862,7462.58,0.5,298.29,0,115,287.85,payment_failed,bank_decline,2026-07-09T14:28:31.743724,14,3,0,,False,retry_link;reminder;discount_offer;escalate_to_human;no_action,retry_link,False,0.0,,0
TXN002586,CUST00836,1212,2205.1,1.0,253.4,2,9,197.59,checkout_abandoned,price_hesitation,2026-07-09T15:03:29.113491,15,3,0,2026-06-30T04:07:19.610845,False,retry_link;reminder;discount_offer;escalate_to_human;no_action,escalate_to_human,True,197.59,1.42,0
TXN002587,CUST00661,1102,209.82,1.0,564.69,2,0,387.3,checkout_abandoned,insufficient_funds,2026-07-09T16:28:20.310468,16,3,1,2026-07-08T17:43:30.321132,False,retry_link;reminder;discount_offer;escalate_to_human;no_action,retry_link,True,387.3,0.53,0
TXN002588,CUST00170,160,1965.81,0.0,101.85,0,66,101.91,payment_failed,insufficient_funds,2026-07-09T16:30:51.768294,16,3,0,2026-06-10T21:58:58.074344,False,retry_link;reminder;discount_offer;escalate_to_human;no_action,discount_offer,False,0.0,,2
TXN002589,CUST01233,1125,2393.81,0.0,509.15,0,131,483.04,payment_failed,insufficient_funds,2026-07-09T16:55:04.188924,16,3,0,2026-06-28T01:33:46.175286,False,retry_link;reminder;discount_offer;escalate_to_human;no_action,reminder,False,0.0,,5
TXN002590,CUST00040,248,19431.13,0.0,100.0,0,124,71.39,checkout_abandoned,otp_timeout,2026-07-09T17:07:11.558103,17,3,0,2026-06-14T22:59:27.131736,False,retry_link;reminder;discount_offer;escalate_to_human;no_action,escalate_to_human,False,0.0,,1
TXN002591,CUST00062,550,35501.04,0.0,640.96,0,46,693.1,checkout_abandoned,bank_decline,2026-07-09T17:29:41.331103,17,3,0,,True,no_action,no_action,False,0.0,,1
TXN002592,CUST00916,814,705.04,0.0,705.89,0,136,954.74,checkout_abandoned,gateway_error,2026-07-09T17:36:06.799878,17,3,0,2026-06-08T02:21:59.964037,True,no_action,no_action,False,0.0,,5
TXN002593,CUST01107,1360,27301.53,0.333,343.26,1,17,524.51,payment_failed,otp_timeout,2026-07-09T17:49:54.636369,17,3,0,2026-06-21T23:32:49.452376,False,retry_link;reminder;discount_offer;escalate_to_human;no_action,reminder,False,0.0,,2
TXN002594,CUST01230,1232,5229.4,1.0,127.9,1,25,96.48,payment_failed,price_hesitation,2026-07-09T18:14:16.589876,18,3,0,2026-06-14T11:16:06.791720,False,retry_link;reminder;discount_offer;escalate_to_human;no_action,reminder,True,96.48,2.79,0
TXN002595,CUST00258,263,1034.29,0.0,521.8,0,126,217.75,payment_failed,gateway_error,2026-07-09T18:15:15.375396,18,3,0,2026-07-01T01:41:13.908814,False,retry_link;reminder;discount_offer;escalate_to_human;no_action,discount_offer,True,217.75,3.24,2
TXN002596,CUST01178,389,2996.0,0.5,108.32,1,18,103.33,payment_failed,price_hesitation,2026-07-09T18:53:13.624950,18,3,0,2026-06-21T14:54:42.901433,False,retry_link;reminder;discount_offer;escalate_to_human;no_action,reminder,True,103.33,1.43,1
TXN002597,CUST00910,1155,1284.52,0.167,493.27,1,34,425.51,payment_failed,gateway_error,2026-07-09T19:13:17.905345,19,3,0,2026-07-08T04:39:25.384447,False,retry_link;reminder;discount_offer;escalate_to_human;no_action,escalate_to_human,False,0.0,,5
TXN002598,CUST00979,849,6148.7,0.5,256.99,0,40,167.53,payment_failed,bank_decline,2026-07-09T19:57:00.190850,19,3,0,,False,retry_link;reminder;discount_offer;escalate_to_human;no_action,no_action,False,0.0,,0
TXN002599,CUST00082,241,7180.08,0.0,100.0,0,59,138.13,payment_failed,otp_timeout,2026-07-09T20:23:03.196961,20,3,0,2026-06-14T05:12:19.219840,False,retry_link;reminder;discount_offer;escalate_to_human;no_action,reminder,False,0.0,,3
TXN002600,CUST01195,951,172.02,0.5,343.55,1,13,539.72,payment_failed,insufficient_funds,2026-07-09T20:43:15.398855,20,3,0,2026-06-26T16:51:13.574325,False,retry_link;reminder;discount_offer;escalate_to_human;no_action,no_action,False,0.0,,1
TXN002601,CUST00645,493,7440.12,0.667,155.33,2,11,236.35,payment_failed,otp_timeout,2026-07-09T21:31:33.848141,21,3,0,2026-06-28T06:30:16.484270,False,retry_link;reminder;discount_offer;escalate_to_human;no_action,discount_offer,False,0.0,,1
TXN002602,CUST00631,491,9122.51,0.5,779.42,1,35,1213.41,checkout_abandoned,insufficient_funds,2026-07-09T22:08:24.795114,22,3,0,2026-07-06T07:17:51.445321,False,retry_link;reminder;discount_offer;escalate_to_human;no_action,reminder,False,0.0,,1
TXN002603,CUST00540,1063,14754.01,0.5,217.74,0,99,145.03,payment_failed,bank_decline,2026-07-09T22:12:43.419253,22,3,0,,False,retry_link;reminder;discount_offer;escalate_to_human;no_action,retry_link,True,145.03,2.39,0
TXN002604,CUST01319,596,6795.75,0.333,202.65,1,0,163.92,checkout_abandoned,price_hesitation,2026-07-09T22:31:26.331241,22,3,1,2026-07-09T14:03:02.547415,False,retry_link;reminder;discount_offer;escalate_to_human;no_action,retry_link,False,0.0,,2
TXN002605,CUST01429,1181,5653.89,0.0,340.7,0,85,303.2,payment_failed,otp_timeout,2026-07-09T22:33:32.154245,22,3,0,2026-06-03T10:10:24.366548,False,retry_link;reminder;discount_offer;escalate_to_human;no_action,escalate_to_human,True,303.2,2.77,1
TXN002606,CUST00843,55,1391.98,0.0,365.88,0,117,275.06,checkout_abandoned,price_hesitation,2026-07-09T22:34:20.316109,22,3,0,2026-06-09T08:37:42.144754,False,retry_link;reminder;discount_offer;escalate_to_human;no_action,escalate_to_human,False,0.0,,1
TXN002607,CUST01471,1047,1764.85,0.5,313.76,0,108,301.5,payment_failed,gateway_error,2026-07-09T22:34:44.966250,22,3,0,,False,retry_link;reminder;discount_offer;escalate_to_human;no_action,escalate_to_human,False,0.0,,0
TXN002608,CUST00550,1204,26653.14,0.0,590.3,0,76,690.77,checkout_abandoned,insufficient_funds,2026-07-09T22:35:37.335283,22,3,0,2026-07-08T12:46:30.804248,False,retry_link;reminder;discount_offer;escalate_to_human;no_action,reminder,False,0.0,,3
TXN002609,CUST00296,1274,5205.08,1.0,332.48,2,9,315.48,payment_failed,gateway_error,2026-07-09T22:42:28.161590,22,3,0,2026-06-30T06:25:24.795412,False,retry_link;reminder;discount_offer;escalate_to_human;no_action,discount_offer,True,315.48,1.24,0
TXN002610,CUST00254,991,1636.5,0.25,191.6,1,35,213.41,payment_failed,insufficient_funds,2026-07-10T00:28:14.864845,0,4,0,2026-07-04T21:06:07.510113,False,retry_link;reminder;discount_offer;escalate_to_human;no_action,discount_offer,True,213.41,3.44,3
TXN002611,CUST00257,156,3122.63,0.0,375.04,0,51,310.83,payment_failed,otp_timeout,2026-07-10T00:39:27.157720,0,4,1,2026-07-09T06:51:40.436973,False,retry_link;reminder;discount_offer;escalate_to_human;no_action,reminder,False,0.0,,1
TXN002612,CUST00891,1065,3723.38,0.5,684.91,0,43,1281.03,payment_failed,otp_timeout,2026-07-10T00:45:10.910982,0,4,0,,False,retry_link;reminder;discount_offer;escalate_to_human;no_action,no_action,True,1281.03,1.5,0
TXN002613,CUST01186,214,5092.92,0.667,505.63,2,7,468.31,checkout_abandoned,insufficient_funds,2026-07-10T00:48:15.604689,0,4,0,2026-06-29T04:52:05.632658,False,retry_link;reminder;discount_offer;escalate_to_human;no_action,reminder,True,468.31,7.08,1
TXN002614,CUST00425,300,10499.84,0.0,300.71,0,129,259.46,checkout_abandoned,bank_decline,2026-07-10T01:28:06.950370,1,4,0,2026-06-24T01:34:35.012414,False,retry_link;reminder;discount_offer;escalate_to_human;no_action,retry_link,False,0.0,,3
TXN002615,CUST00765,1170,2017.4,1.0,252.59,1,21,303.75,payment_failed,bank_decline,2026-07-10T01:59:53.995234,1,4,0,2026-06-19T01:41:58.202674,False,retry_link;reminder;discount_offer;escalate_to_human;no_action,no_action,False,0.0,,0
TXN002616,CUST01005,1381,5471.81,0.5,231.55,0,116,278.01,payment_failed,otp_timeout,2026-07-10T02:24:20.094705,2,4,0,,False,retry_link;reminder;discount_offer;escalate_to_human;no_action,no_action,True,278.01,9.71,0
TXN002617,CUST00649,1272,14122.85,0.667,465.61,2,8,576.99,payment_failed,price_hesitation,2026-07-10T02:29:51.518417,2,4,0,2026-07-01T07:57:56.584918,False,retry_link;reminder;discount_offer;escalate_to_human;no_action,reminder,True,576.99,0.75,1
TXN002618,CUST00930,806,2815.05,0.25,388.5,1,30,285.37,payment_failed,insufficient_funds,2026-07-10T02:49:22.936500,2,4,0,2026-06-20T11:32:25.434124,False,retry_link;reminder;discount_offer;escalate_to_human;no_action,no_action,False,0.0,,3
TXN002619,CUST01211,1173,3152.81,0.0,766.69,0,67,595.34,payment_failed,gateway_error,2026-07-10T02:51:10.618869,2,4,0,,False,retry_link;reminder;discount_offer;escalate_to_human;no_action,no_action,False,0.0,,2
TXN002620,CUST01113,438,7754.88,0.25,260.22,1,29,155.56,checkout_abandoned,bank_decline,2026-07-10T03:11:59.089666,3,4,0,2026-07-01T10:58:46.698239,False,retry_link;reminder;discount_offer;escalate_to_human;no_action,discount_offer,False,0.0,,3
TXN002621,CUST00262,450,6326.04,0.5,376.33,0,82,537.29,payment_failed,bank_decline,2026-07-10T03:17:55.949538,3,4,0,,False,retry_link;reminder;discount_offer;escalate_to_human;no_action,escalate_to_human,False,0.0,,0
TXN002622,CUST00040,248,19431.13,0.0,100.0,0,125,124.23,payment_failed,price_hesitation,2026-07-10T03:34:57.691658,3,4,1,2026-07-09T17:07:11.558103,False,retry_link;reminder;discount_offer;escalate_to_human;no_action,no_action,False,0.0,,2
TXN002623,CUST00013,1141,3998.05,0.5,853.8,1,28,1265.3,payment_failed,bank_decline,2026-07-10T03:57:00.189443,3,4,0,2026-06-11T18:11:23.044751,False,retry_link;reminder;discount_offer;escalate_to_human;no_action,escalate_to_human,False,0.0,,1
TXN002624,CUST00059,1024,1172.72,0.0,100.44,0,103,72.5,payment_failed,insufficient_funds,2026-07-10T03:57:08.341018,3,4,0,2026-07-04T12:49:37.171103,False,retry_link;reminder;discount_offer;escalate_to_human;no_action,retry_link,False,0.0,,3
TXN002625,CUST01362,526,1381.54,0.5,346.22,0,75,404.04,checkout_abandoned,price_hesitation,2026-07-10T04:08:07.275986,4,4,0,,False,retry_link;reminder;discount_offer;escalate_to_human;no_action,escalate_to_human,True,404.04,9.67,0
TXN002626,CUST01187,898,5779.4,0.0,900.25,0,96,730.74,checkout_abandoned,insufficient_funds,2026-07-10T04:08:30.945615,4,4,0,2026-06-23T23:09:47.900148,False,retry_link;reminder;discount_offer;escalate_to_human;no_action,no_action,False,0.0,,2
TXN002627,CUST00154,652,613.3,1.0,266.98,2,2,205.51,payment_failed,insufficient_funds,2026-07-10T04:22:02.173339,4,4,0,2026-07-07T21:03:21.380169,False,retry_link;reminder;discount_offer;escalate_to_human;no_action,retry_link,False,0.0,,0
TXN002628,CUST01400,1282,9051.27,0.0,402.21,0,42,514.4,payment_failed,gateway_error,2026-07-10T04:38:34.796992,4,4,0,2026-07-07T06:11:52.783844,False,retry_link;reminder;discount_offer;escalate_to_human;no_action,no_action,False,0.0,,2
TXN002629,CUST00982,821,5741.99,0.5,274.86,1,24,103.1,payment_failed,insufficient_funds,2026-07-10T04:59:34.917525,4,4,0,2026-06-25T09:26:46.183656,False,retry_link;reminder;discount_offer;escalate_to_human;no_action,reminder,False,0.0,,1
TXN002630,CUST01191,417,8611.06,0.5,100.0,1,6,69.57,checkout_abandoned,bank_decline,2026-07-10T05:01:34.591027,5,4,0,2026-07-03T20:48:24.180693,True,no_action,no_action,False,0.0,,1
TXN002631,CUST01258,811,27794.44,1.0,653.78,1,17,528.63,payment_failed,price_hesitation,2026-07-10T05:04:37.017943,5,4,0,2026-06-22T13:38:30.742571,False,retry_link;reminder;discount_offer;escalate_to_human;no_action,retry_link,True,528.63,4.76,0
TXN002632,CUST01325,282,1646.21,1.0,223.76,1,7,217.35,checkout_abandoned,price_hesitation,2026-07-10T05:37:33.938232,5,4,0,,False,retry_link;reminder;discount_offer;escalate_to_human;no_action,reminder,True,217.35,4.37,0
TXN002633,CUST00142,415,4608.91,0.0,267.37,0,132,283.36,payment_failed,price_hesitation,2026-07-10T05:46:55.412871,5,4,0,2026-06-11T16:59:45.420580,False,retry_link;reminder;discount_offer;escalate_to_human;no_action,retry_link,False,0.0,,1
TXN002634,CUST01008,1100,5327.32,0.0,477.88,0,116,442.3,payment_failed,otp_timeout,2026-07-10T05:49:41.286421,5,4,0,2026-06-11T19:49:25.870929,False,retry_link;reminder;discount_offer;escalate_to_human;no_action,retry_link,False,0.0,,2
TXN002635,CUST00030,676,4977.07,0.5,177.34,0,29,150.48,payment_failed,gateway_error,2026-07-10T06:24:16.961990,6,4,0,,False,retry_link;reminder;discount_offer;escalate_to_human;no_action,reminder,True,150.48,5.17,0
TXN002636,CUST00377,1120,8467.68,1.0,392.34,1,29,463.72,payment_failed,otp_timeout,2026-07-10T06:54:51.919296,6,4,0,,False,retry_link;reminder;discount_offer;escalate_to_human;no_action,escalate_to_human,True,463.72,4.14,0
TXN002637,CUST01061,1031,5458.79,0.5,523.83,1,8,796.79,checkout_abandoned,otp_timeout,2026-07-10T07:07:05.985246,7,4,0,2026-07-01T13:13:23.546356,False,retry_link;reminder;discount_offer;escalate_to_human;no_action,no_action,True,796.79,4.19,1
TXN002638,CUST01164,775,539.86,1.0,316.05,1,25,565.95,payment_failed,otp_timeout,2026-07-10T07:13:45.207187,7,4,0,2026-06-14T23:45:42.566016,False,retry_link;reminder;discount_offer;escalate_to_human;no_action,no_action,False,0.0,,0
TXN002639,CUST00504,411,1824.41,0.0,232.47,0,139,237.73,payment_failed,insufficient_funds,2026-07-10T07:15:02.762443,7,4,0,2026-06-18T17:43:40.676450,True,no_action,no_action,False,0.0,,4
TXN002640,CUST00420,1391,32554.62,0.0,470.21,0,87,271.26,payment_failed,price_hesitation,2026-07-10T07:24:25.431439,7,4,0,2026-07-06T04:03:58.692733,False,retry_link;reminder;discount_offer;escalate_to_human;no_action,no_action,False,0.0,,2
TXN002641,CUST00679,1403,1042.31,0.0,536.53,0,29,720.72,payment_failed,insufficient_funds,2026-07-10T07:47:14.033046,7,4,0,2026-06-15T10:18:20.583565,False,retry_link;reminder;discount_offer;escalate_to_human;no_action,escalate_to_human,True,720.72,4.71,1
TXN002642,CUST01038,655,1581.63,0.0,195.21,0,95,347.53,payment_failed,bank_decline,2026-07-10T07:48:23.963149,7,4,0,,False,retry_link;reminder;discount_offer;escalate_to_human;no_action,no_action,False,0.0,,1
TXN002643,CUST00173,1083,5127.84,0.75,397.53,3,16,584.04,checkout_abandoned,otp_timeout,2026-07-10T07:56:08.820467,7,4,0,2026-06-30T05:18:11.695236,False,retry_link;reminder;discount_offer;escalate_to_human;no_action,discount_offer,True,584.04,2.29,1
TXN002644,CUST00561,66,451.39,0.0,222.15,0,58,210.11,payment_failed,gateway_error,2026-07-10T07:59:18.292454,7,4,0,2026-07-09T00:02:01.862986,False,retry_link;reminder;discount_offer;escalate_to_human;no_action,no_action,False,0.0,,2
TXN002645,CUST01014,779,2784.54,0.0,246.94,0,88,184.94,payment_failed,insufficient_funds,2026-07-10T08:07:31.024968,8,4,0,2026-06-26T20:05:42.778311,False,retry_link;reminder;discount_offer;escalate_to_human;no_action,reminder,False,0.0,,1
TXN002646,CUST01182,1036,9539.83,0.0,215.33,0,91,336.34,payment_failed,price_hesitation,2026-07-10T08:20:35.313735,8,4,0,2026-06-28T08:38:37.975476,False,retry_link;reminder;discount_offer;escalate_to_human;no_action,escalate_to_human,True,336.34,0.12,2
TXN002647,CUST00144,1489,2291.92,0.0,1508.91,0,102,1377.13,payment_failed,otp_timeout,2026-07-10T08:22:12.198335,8,4,0,2026-06-03T10:57:35.573656,False,retry_link;reminder;discount_offer;escalate_to_human;no_action,discount_offer,False,0.0,,2
TXN002648,CUST01124,1261,1162.9,0.667,136.87,2,8,131.21,checkout_abandoned,otp_timeout,2026-07-10T08:31:29.020435,8,4,0,2026-07-01T13:16:55.101429,False,retry_link;reminder;discount_offer;escalate_to_human;no_action,retry_link,True,131.21,7.21,1
TXN002649,CUST00559,1276,3866.74,0.75,180.09,3,4,186.92,payment_failed,price_hesitation,2026-07-10T08:50:16.351280,8,4,0,2026-07-05T14:40:50.005998,False,retry_link;reminder;discount_offer;escalate_to_human;no_action,discount_offer,True,186.92,6.1,1
TXN002650,CUST00366,704,1055.83,0.0,347.11,0,147,272.39,payment_failed,insufficient_funds,2026-07-10T09:00:31.146079,9,4,0,,False,retry_link;reminder;discount_offer;escalate_to_human;no_action,no_action,False,0.0,,2
TXN002651,CUST01180,912,2670.36,0.0,419.64,0,87,209.29,checkout_abandoned,gateway_error,2026-07-10T09:20:43.322011,9,4,0,2026-07-03T23:06:07.434840,False,retry_link;reminder;discount_offer;escalate_to_human;no_action,retry_link,False,0.0,,4
TXN002652,CUST00481,1244,2878.97,0.25,169.49,1,14,127.1,payment_failed,insufficient_funds,2026-07-10T09:32:54.749560,9,4,0,2026-06-26T21:55:50.660234,False,retry_link;reminder;discount_offer;escalate_to_human;no_action,reminder,False,0.0,,3
TXN002653,CUST00177,242,1903.5,1.0,295.9,1,16,295.5,payment_failed,gateway_error,2026-07-10T09:33:30.421636,9,4,0,2026-06-23T14:09:31.554877,False,retry_link;reminder;discount_offer;escalate_to_human;no_action,no_action,True,295.5,1.91,0
TXN002654,CUST01318,674,1647.37,0.5,554.38,2,25,625.32,payment_failed,insufficient_funds,2026-07-10T09:57:57.294989,9,4,0,2026-07-08T22:31:44.315842,False,retry_link;reminder;discount_offer;escalate_to_human;no_action,discount_offer,False,0.0,,2
TXN002655,CUST01006,1275,1746.58,0.0,190.81,0,95,179.16,checkout_abandoned,gateway_error,2026-07-10T10:06:24.056040,10,4,0,2026-07-07T10:55:43.708611,False,retry_link;reminder;discount_offer;escalate_to_human;no_action,escalate_to_human,True,179.16,1.22,1
TXN002656,CUST01216,761,4738.03,1.0,223.45,1,13,110.19,payment_failed,gateway_error,2026-07-10T10:31:12.325412,10,4,0,2026-06-26T15:18:52.208918,False,retry_link;reminder;discount_offer;escalate_to_human;no_action,retry_link,True,110.19,1.04,0
TXN002657,CUST00828,1295,9011.99,1.0,563.06,2,7,686.46,payment_failed,gateway_error,2026-07-10T10:47:04.532736,10,4,0,2026-06-09T09:53:51.365208,False,retry_link;reminder;discount_offer;escalate_to_human;no_action,reminder,True,686.46,22.55,0
TXN002658,CUST00144,1489,2291.92,0.0,1508.91,0,102,1075.9,checkout_abandoned,bank_decline,2026-07-10T11:26:22.433293,11,4,1,2026-07-10T08:22:12.198335,False,retry_link;reminder;discount_offer;escalate_to_human;no_action,escalate_to_human,False,0.0,,3
TXN002659,CUST01458,396,9540.56,0.5,218.73,0,20,185.83,checkout_abandoned,otp_timeout,2026-07-10T12:10:02.837644,12,4,0,,False,retry_link;reminder;discount_offer;escalate_to_human;no_action,discount_offer,False,0.0,,0
TXN002660,CUST01494,615,1894.94,0.5,206.63,1,15,121.58,payment_failed,price_hesitation,2026-07-10T12:32:12.986289,12,4,0,2026-06-25T06:12:34.007341,False,retry_link;reminder;discount_offer;escalate_to_human;no_action,no_action,False,0.0,,1
TXN002661,CUST00880,129,4626.57,1.0,179.54,1,17,90.47,payment_failed,price_hesitation,2026-07-10T13:09:07.717283,13,4,0,,False,retry_link;reminder;discount_offer;escalate_to_human;no_action,discount_offer,True,90.47,3.52,0
TXN002662,CUST01415,1175,3338.65,1.0,152.25,1,4,126.3,payment_failed,price_hesitation,2026-07-10T13:25:18.181993,13,4,0,2026-07-06T00:30:05.337236,False,retry_link;reminder;discount_offer;escalate_to_human;no_action,escalate_to_human,True,126.3,4.86,0
TXN002663,CUST00577,786,2374.26,0.0,283.01,0,108,271.6,payment_failed,gateway_error,2026-07-10T13:41:52.285184,13,4,0,2026-06-22T01:36:46.447929,False,retry_link;reminder;discount_offer;escalate_to_human;no_action,discount_offer,False,0.0,,2
TXN002664,CUST00708,714,10098.33,0.75,146.9,3,29,263.78,checkout_abandoned,otp_timeout,2026-07-10T13:44:52.473638,13,4,0,2026-06-11T07:06:03.986625,False,retry_link;reminder;discount_offer;escalate_to_human;no_action,escalate_to_human,True,263.78,1.89,1
TXN002665,CUST01068,501,6847.97,0.0,258.87,0,112,154.74,checkout_abandoned,gateway_error,2026-07-10T13:55:43.310039,13,4,0,2026-07-02T03:00:28.123013,False,retry_link;reminder;discount_offer;escalate_to_human;no_action,escalate_to_human,True,154.74,7.24,1
TXN002666,CUST01022,1302,8580.45,0.75,385.96,3,5,389.84,checkout_abandoned,gateway_error,2026-07-10T14:27:45.428345,14,4,0,2026-07-05T02:32:04.121949,False,retry_link;reminder;discount_offer;escalate_to_human;no_action,discount_offer,True,389.84,1.2,1
TXN002667,CUST00567,374,4790.75,0.667,319.3,2,21,206.23,payment_failed,gateway_error,2026-07-10T14:59:57.471633,14,4,0,2026-07-06T18:18:38.952013,False,retry_link;reminder;discount_offer;escalate_to_human;no_action,retry_link,False,0.0,,1
TXN002668,CUST00567,374,4790.75,0.5,319.3,2,21,315.53,payment_failed,bank_decline,2026-07-10T15:07:04.243609,15,4,1,2026-07-10T14:59:57.471633,False,retry_link;reminder;discount_offer;escalate_to_human;no_action,retry_link,False,0.0,,2
TXN002669,CUST00836,1212,2205.1,1.0,253.4,3,1,287.11,checkout_abandoned,insufficient_funds,2026-07-10T15:32:26.992110,15,4,0,2026-07-09T15:03:29.113491,False,retry_link;reminder;discount_offer;escalate_to_human;no_action,no_action,False,0.0,,0
TXN002670,CUST00702,252,7552.12,0.0,153.89,0,123,159.5,payment_failed,insufficient_funds,2026-07-10T15:35:49.444351,15,4,0,2026-06-13T08:18:01.377400,False,retry_link;reminder;discount_offer;escalate_to_human;no_action,retry_link,False,0.0,,4
TXN002671,CUST00651,979,12234.72,1.0,219.97,1,30,126.95,checkout_abandoned,price_hesitation,2026-07-10T15:44:48.933545,15,4,0,2026-06-10T04:16:30.736404,False,retry_link;reminder;discount_offer;escalate_to_human;no_action,retry_link,True,126.95,12.59,0
TXN002672,CUST00323,1374,5497.88,0.0,529.79,0,78,546.82,payment_failed,insufficient_funds,2026-07-10T15:51:56.622736,15,4,0,2026-06-21T03:12:11.103191,False,retry_link;reminder;discount_offer;escalate_to_human;no_action,no_action,False,0.0,,1
TXN002673,CUST00455,833,845.37,0.5,411.29,0,57,275.22,checkout_abandoned,price_hesitation,2026-07-10T16:08:35.641381,16,4,0,,False,retry_link;reminder;discount_offer;escalate_to_human;no_action,discount_offer,True,275.22,1.89,0
TXN002674,CUST01111,350,5235.15,0.25,323.5,1,1,248.36,checkout_abandoned,insufficient_funds,2026-07-10T17:00:33.692376,17,4,0,2026-06-28T08:13:40.989891,False,retry_link;reminder;discount_offer;escalate_to_human;no_action,retry_link,True,248.36,10.5,3
TXN002675,CUST00301,1239,6958.04,0.5,962.35,0,106,947.89,payment_failed,insufficient_funds,2026-07-10T17:34:18.456202,17,4,0,,False,retry_link;reminder;discount_offer;escalate_to_human;no_action,discount_offer,False,0.0,,0
TXN002676,CUST00853,358,4845.31,0.0,524.49,0,86,732.1,payment_failed,insufficient_funds,2026-07-10T18:44:15.465398,18,4,0,2026-07-07T04:07:59.311797,False,retry_link;reminder;discount_offer;escalate_to_human;no_action,no_action,False,0.0,,2
TXN002677,CUST01487,2,7953.93,0.5,472.56,2,14,619.89,checkout_abandoned,price_hesitation,2026-07-10T18:44:24.093550,18,4,0,2026-06-27T11:46:17.238512,True,no_action,no_action,False,0.0,,2
TXN002678,CUST01083,834,3131.87,1.0,593.24,1,34,503.17,checkout_abandoned,gateway_error,2026-07-10T18:58:58.143261,18,4,0,,False,retry_link;reminder;discount_offer;escalate_to_human;no_action,discount_offer,True,503.17,0.2,0
TXN002679,CUST00545,81,4328.39,0.0,217.8,0,97,268.69,payment_failed,gateway_error,2026-07-10T19:26:51.141969,19,4,0,2026-06-24T21:00:24.570802,False,retry_link;reminder;discount_offer;escalate_to_human;no_action,discount_offer,False,0.0,,1
TXN002680,CUST01054,115,16838.96,0.0,104.58,0,96,201.16,checkout_abandoned,otp_timeout,2026-07-10T19:58:04.734714,19,4,0,2026-06-09T19:13:49.919021,False,retry_link;reminder;discount_offer;escalate_to_human;no_action,no_action,False,0.0,,2
TXN002681,CUST00384,48,1469.87,0.5,670.06,1,28,971.98,payment_failed,otp_timeout,2026-07-10T20:25:13.330760,20,4,0,2026-06-12T16:00:28.066278,False,retry_link;reminder;discount_offer;escalate_to_human;no_action,reminder,False,0.0,,1
TXN002682,CUST01122,404,12924.1,0.0,909.17,0,110,650.0,payment_failed,bank_decline,2026-07-10T20:37:38.634373,20,4,0,2026-07-09T00:50:44.722615,False,retry_link;reminder;discount_offer;escalate_to_human;no_action,retry_link,False,0.0,,2
TXN002683,CUST00028,818,3265.32,0.0,319.63,0,61,274.11,checkout_abandoned,otp_timeout,2026-07-10T20:42:48.068241,20,4,0,2026-07-01T09:44:52.695298,False,retry_link;reminder;discount_offer;escalate_to_human;no_action,discount_offer,False,0.0,,2
TXN002684,CUST01232,1455,696.43,0.5,1058.41,0,61,1502.54,payment_failed,otp_timeout,2026-07-10T20:53:51.971334,20,4,0,,False,retry_link;reminder;discount_offer;escalate_to_human;no_action,no_action,True,1502.54,4.32,0
TXN002685,CUST01028,848,2861.43,0.0,557.47,0,54,792.97,payment_failed,gateway_error,2026-07-10T21:15:08.940216,21,4,0,2026-06-14T00:56:07.761327,False,retry_link;reminder;discount_offer;escalate_to_human;no_action,retry_link,False,0.0,,1
TXN002686,CUST00271,35,25014.28,0.0,216.79,0,67,233.87,payment_failed,otp_timeout,2026-07-10T21:18:47.168429,21,4,0,2026-06-22T17:32:51.739539,False,retry_link;reminder;discount_offer;escalate_to_human;no_action,discount_offer,False,0.0,,2
TXN002687,CUST00177,242,1903.5,1.0,295.9,2,0,533.43,checkout_abandoned,otp_timeout,2026-07-10T21:58:38.693312,21,4,0,2026-06-23T14:09:31.554877,False,retry_link;reminder;discount_offer;escalate_to_human;no_action,reminder,False,0.0,,0
TXN002688,CUST01195,951,172.02,0.333,343.55,1,14,333.12,checkout_abandoned,insufficient_funds,2026-07-10T22:38:47.117273,22,4,0,2026-06-26T16:51:13.574325,False,retry_link;reminder;discount_offer;escalate_to_human;no_action,discount_offer,False,0.0,,2
TXN002689,CUST00200,550,3464.43,1.0,108.12,1,32,193.68,checkout_abandoned,insufficient_funds,2026-07-10T23:09:44.326092,23,4,0,2026-06-08T03:05:45.129425,False,retry_link;reminder;discount_offer;escalate_to_human;no_action,escalate_to_human,False,0.0,,0
TXN002690,CUST00721,1396,7307.46,0.5,705.63,2,15,1059.09,payment_failed,price_hesitation,2026-07-10T23:49:36.959212,23,4,0,2026-07-06T11:32:23.844580,False,retry_link;reminder;discount_offer;escalate_to_human;no_action,reminder,False,0.0,,2
TXN002691,CUST01286,1361,4431.02,0.0,296.27,0,155,382.55,payment_failed,bank_decline,2026-07-11T00:11:44.858272,0,5,0,2026-06-13T22:26:29.900909,True,no_action,no_action,False,0.0,,6
TXN002692,CUST00655,799,7339.22,0.5,100.0,2,7,90.07,payment_failed,insufficient_funds,2026-07-11T00:29:53.642261,0,5,0,2026-07-03T09:29:32.465382,False,retry_link;reminder;discount_offer;escalate_to_human;no_action,escalate_to_human,False,0.0,,2
TXN002693,CUST00101,300,23898.11,0.0,702.52,0,98,1164.89,payment_failed,otp_timeout,2026-07-11T00:39:34.810284,0,5,0,2026-06-10T19:27:49.764751,False,retry_link;reminder;discount_offer;escalate_to_human;no_action,no_action,False,0.0,,1
TXN002694,CUST00864,1269,4310.02,0.0,249.01,0,117,167.89,payment_failed,otp_timeout,2026-07-11T00:41:49.117617,0,5,0,2026-06-26T10:33:31.475192,False,retry_link;reminder;discount_offer;escalate_to_human;no_action,discount_offer,True,167.89,1.37,2
TXN002695,CUST00259,881,8007.98,1.0,279.21,1,2,152.98,payment_failed,price_hesitation,2026-07-11T01:00:49.086783,1,5,0,2026-07-08T12:30:56.600013,False,retry_link;reminder;discount_offer;escalate_to_human;no_action,retry_link,True,152.98,0.27,0
TXN002696,CUST00077,341,15758.67,0.0,210.61,0,48,164.66,payment_failed,otp_timeout,2026-07-11T01:18:47.467370,1,5,0,2026-06-15T00:32:04.979619,False,retry_link;reminder;discount_offer;escalate_to_human;no_action,retry_link,True,164.66,2.21,2
TXN002697,CUST00493,905,2241.93,1.0,166.65,3,4,233.45,checkout_abandoned,gateway_error,2026-07-11T01:27:09.358736,1,5,0,2026-07-06T08:36:31.851346,False,retry_link;reminder;discount_offer;escalate_to_human;no_action,retry_link,True,233.45,5.5,0
TXN002698,CUST00062,550,35501.04,0.0,640.96,0,48,659.21,payment_failed,insufficient_funds,2026-07-11T01:51:03.641936,1,5,0,,True,no_action,no_action,False,0.0,,2
TXN002699,CUST00010,790,8043.3,0.75,441.88,3,10,516.52,checkout_abandoned,insufficient_funds,2026-07-11T02:11:58.076767,2,5,0,2026-07-01T11:34:48.960764,False,retry_link;reminder;discount_offer;escalate_to_human;no_action,reminder,False,0.0,,1
TXN002700,CUST01130,610,2426.74,0.5,343.42,1,38,436.83,checkout_abandoned,otp_timeout,2026-07-11T02:36:42.382374,2,5,0,2026-06-02T16:41:53.842898,False,retry_link;reminder;discount_offer;escalate_to_human;no_action,discount_offer,False,0.0,,1
TXN002701,CUST00642,1281,730.31,0.0,206.43,0,66,282.15,checkout_abandoned,insufficient_funds,2026-07-11T03:04:07.720101,3,5,0,2026-06-29T16:21:44.287252,False,retry_link;reminder;discount_offer;escalate_to_human;no_action,retry_link,False,0.0,,3
TXN002702,CUST00983,972,380.73,0.5,640.79,1,26,1243.62,payment_failed,insufficient_funds,2026-07-11T03:10:47.039057,3,5,0,2026-06-15T01:33:44.477270,False,retry_link;reminder;discount_offer;escalate_to_human;no_action,escalate_to_human,True,1243.62,0.27,1
TXN002703,CUST00958,1457,2211.41,1.0,481.19,1,21,342.23,payment_failed,gateway_error,2026-07-11T03:36:38.022907,3,5,0,,False,retry_link;reminder;discount_offer;escalate_to_human;no_action,no_action,False,0.0,,0
TXN002704,CUST01030,731,2096.53,0.5,658.28,0,60,1242.44,payment_failed,otp_timeout,2026-07-11T03:37:06.915112,3,5,0,,False,retry_link;reminder;discount_offer;escalate_to_human;no_action,no_action,True,1242.44,7.86,0
TXN002705,CUST00773,1076,1511.91,0.5,1385.94,0,63,1207.95,checkout_abandoned,price_hesitation,2026-07-11T04:06:37.633553,4,5,0,,False,retry_link;reminder;discount_offer;escalate_to_human;no_action,no_action,True,1207.95,11.46,0
TXN002706,CUST00624,906,1578.71,0.0,221.68,0,158,316.19,checkout_abandoned,bank_decline,2026-07-11T04:08:11.641057,4,5,0,,False,retry_link;reminder;discount_offer;escalate_to_human;no_action,escalate_to_human,True,316.19,2.05,2
TXN002707,CUST00182,746,4178.94,0.5,391.0,0,117,384.39,checkout_abandoned,bank_decline,2026-07-11T04:17:42.020748,4,5,0,,False,retry_link;reminder;discount_offer;escalate_to_human;no_action,reminder,True,384.39,6.06,0
TXN002708,CUST00050,1140,32921.95,0.333,424.04,1,2,617.49,payment_failed,price_hesitation,2026-07-11T04:36:30.982073,4,5,0,,True,no_action,no_action,False,0.0,,2
TXN002709,CUST00521,220,1633.66,0.5,487.14,1,32,1056.19,payment_failed,price_hesitation,2026-07-11T04:52:58.930330,4,5,0,2026-06-17T01:30:10.324121,False,retry_link;reminder;discount_offer;escalate_to_human;no_action,retry_link,True,1056.19,14.69,1
TXN002710,CUST00010,790,8043.3,0.6,441.88,3,10,609.64,payment_failed,otp_timeout,2026-07-11T04:57:49.672661,4,5,1,2026-07-11T02:11:58.076767,False,retry_link;reminder;discount_offer;escalate_to_human;no_action,escalate_to_human,False,0.0,,2
TXN002711,CUST00954,1178,3827.01,0.5,526.41,1,12,564.95,payment_failed,otp_timeout,2026-07-11T05:19:31.457761,5,5,0,2026-06-28T09:03:54.453193,False,retry_link;reminder;discount_offer;escalate_to_human;no_action,discount_offer,True,564.95,4.56,1
TXN002712,CUST01219,660,2034.94,0.5,1048.39,1,27,1627.74,checkout_abandoned,bank_decline,2026-07-11T05:50:27.522762,5,5,0,2026-06-13T23:31:40.391744,False,retry_link;reminder;discount_offer;escalate_to_human;no_action,escalate_to_human,False,0.0,,1
TXN002713,CUST01362,526,1381.54,1.0,346.22,1,1,360.93,payment_failed,insufficient_funds,2026-07-11T06:19:16.227921,6,5,0,2026-07-10T04:08:07.275986,False,retry_link;reminder;discount_offer;escalate_to_human;no_action,retry_link,False,0.0,,0
TXN002714,CUST01259,1203,8413.02,0.25,333.97,1,14,255.16,payment_failed,bank_decline,2026-07-11T06:20:17.026154,6,5,0,2026-06-26T11:04:01.083989,False,retry_link;reminder;discount_offer;escalate_to_human;no_action,discount_offer,False,0.0,,3
TXN002715,CUST01154,458,1523.98,0.0,328.66,0,133,324.68,checkout_abandoned,insufficient_funds,2026-07-11T06:40:35.700615,6,5,0,,False,retry_link;reminder;discount_offer;escalate_to_human;no_action,no_action,False,0.0,,1
TXN002716,CUST00761,829,9132.95,1.0,834.76,1,35,1038.29,payment_failed,otp_timeout,2026-07-11T07:18:22.783075,7,5,0,2026-06-05T07:25:41.860501,False,retry_link;reminder;discount_offer;escalate_to_human;no_action,escalate_to_human,True,1038.29,2.34,0
TXN002717,CUST00311,1008,6142.9,0.5,457.29,0,40,779.91,checkout_abandoned,insufficient_funds,2026-07-11T07:28:00.337999,7,5,0,,False,retry_link;reminder;discount_offer;escalate_to_human;no_action,discount_offer,False,0.0,,0
TXN002718,CUST00506,796,10955.38,1.0,191.93,1,20,200.08,checkout_abandoned,insufficient_funds,2026-07-11T08:06:43.836805,8,5,0,2026-06-20T15:25:59.697366,False,retry_link;reminder;discount_offer;escalate_to_human;no_action,reminder,True,200.08,0.56,0
TXN002719,CUST00905,1064,17073.07,0.25,461.26,1,29,293.26,checkout_abandoned,gateway_error,2026-07-11T08:36:20.611770,8,5,0,2026-06-15T18:35:24.845790,False,retry_link;reminder;discount_offer;escalate_to_human;no_action,discount_offer,False,0.0,,3
TXN002720,CUST00546,644,1959.29,0.667,110.74,2,14,84.26,checkout_abandoned,insufficient_funds,2026-07-11T09:43:34.350621,9,5,0,2026-06-26T15:40:22.345429,False,retry_link;reminder;discount_offer;escalate_to_human;no_action,discount_offer,False,0.0,,1
TXN002721,CUST01035,1114,9815.09,0.5,405.53,0,46,462.44,payment_failed,price_hesitation,2026-07-11T09:53:43.188372,9,5,0,,False,retry_link;reminder;discount_offer;escalate_to_human;no_action,reminder,False,0.0,,0
TXN002722,CUST00089,1248,6241.37,0.0,386.39,0,77,144.63,checkout_abandoned,bank_decline,2026-07-11T10:24:29.521303,10,5,0,2026-07-06T01:31:32.994455,False,retry_link;reminder;discount_offer;escalate_to_human;no_action,discount_offer,False,0.0,,2
TXN002723,CUST00203,1049,2621.25,0.5,254.31,0,20,259.3,payment_failed,price_hesitation,2026-07-11T10:24:32.226772,10,5,0,,False,retry_link;reminder;discount_offer;escalate_to_human;no_action,reminder,True,259.3,9.41,0
TXN002724,CUST00285,1406,7145.45,1.0,573.44,3,5,442.05,checkout_abandoned,gateway_error,2026-07-11T10:42:36.101723,10,5,0,2026-07-06T04:59:01.438520,False,retry_link;reminder;discount_offer;escalate_to_human;no_action,discount_offer,True,442.05,5.84,0
TXN002725,CUST00768,210,7052.97,0.5,377.36,0,50,423.52,checkout_abandoned,price_hesitation,2026-07-11T10:45:59.780663,10,5,0,,False,retry_link;reminder;discount_offer;escalate_to_human;no_action,no_action,False,0.0,,0
TXN002726,CUST00333,1244,72376.95,0.5,100.0,0,8,94.0,payment_failed,bank_decline,2026-07-11T10:48:18.441860,10,5,0,,False,retry_link;reminder;discount_offer;escalate_to_human;no_action,discount_offer,False,0.0,,0
TXN002727,CUST01458,396,9540.56,0.0,218.73,0,20,158.47,payment_failed,insufficient_funds,2026-07-11T11:14:19.920104,11,5,1,2026-07-10T12:10:02.837644,False,retry_link;reminder;discount_offer;escalate_to_human;no_action,no_action,False,0.0,,1
TXN002728,CUST00221,684,13030.31,0.5,465.31,0,25,355.64,payment_failed,price_hesitation,2026-07-11T11:20:10.960072,11,5,0,,False,retry_link;reminder;discount_offer;escalate_to_human;no_action,discount_offer,True,355.64,6.65,0
TXN002729,CUST01007,755,2745.73,0.667,318.1,2,26,352.45,payment_failed,gateway_error,2026-07-11T11:32:48.303675,11,5,0,2026-06-23T07:47:40.275367,False,retry_link;reminder;discount_offer;escalate_to_human;no_action,retry_link,False,0.0,,1
TXN002730,CUST00305,211,3291.56,0.0,497.42,0,138,776.46,payment_failed,price_hesitation,2026-07-11T11:34:01.886247,11,5,0,2026-06-15T16:47:52.739080,False,retry_link;reminder;discount_offer;escalate_to_human;no_action,retry_link,False,0.0,,1
TXN002731,CUST00321,162,14346.82,0.0,421.84,0,85,523.06,checkout_abandoned,bank_decline,2026-07-11T11:42:28.372655,11,5,0,2026-06-22T13:15:04.375994,False,retry_link;reminder;discount_offer;escalate_to_human;no_action,no_action,False,0.0,,2
TXN002732,CUST01394,324,8419.64,0.5,108.68,0,45,112.85,payment_failed,gateway_error,2026-07-11T12:01:37.774755,12,5,0,,False,retry_link;reminder;discount_offer;escalate_to_human;no_action,escalate_to_human,False,0.0,,0
TXN002733,CUST01439,1433,2168.42,0.0,331.15,0,128,290.12,payment_failed,insufficient_funds,2026-07-11T13:14:15.650671,13,5,0,,False,retry_link;reminder;discount_offer;escalate_to_human;no_action,escalate_to_human,True,290.12,10.31,2
TXN002734,CUST01105,272,10313.14,0.0,391.64,0,67,417.59,checkout_abandoned,bank_decline,2026-07-11T13:23:27.260618,13,5,0,2026-07-08T05:16:29.638985,False,retry_link;reminder;discount_offer;escalate_to_human;no_action,no_action,False,0.0,,1
TXN002735,CUST01434,479,6290.07,0.5,480.09,0,79,270.84,payment_failed,gateway_error,2026-07-11T13:58:12.376160,13,5,0,,False,retry_link;reminder;discount_offer;escalate_to_human;no_action,discount_offer,False,0.0,,0
TXN002736,CUST00203,1049,2621.25,1.0,254.31,1,0,378.45,payment_failed,gateway_error,2026-07-11T14:30:04.958348,14,5,1,2026-07-11T10:24:32.226772,False,retry_link;reminder;discount_offer;escalate_to_human;no_action,escalate_to_human,True,378.45,1.61,0
TXN002737,CUST01279,1298,56137.98,0.0,471.92,0,78,358.37,checkout_abandoned,insufficient_funds,2026-07-11T15:25:48.421109,15,5,0,2026-06-26T16:55:16.121126,False,retry_link;reminder;discount_offer;escalate_to_human;no_action,escalate_to_human,False,0.0,,2
TXN002738,CUST00941,606,1465.35,0.0,458.52,0,77,513.29,checkout_abandoned,otp_timeout,2026-07-11T15:36:04.403736,15,5,0,2026-06-09T18:25:26.906896,False,retry_link;reminder;discount_offer;escalate_to_human;no_action,retry_link,False,0.0,,1
TXN002739,CUST01119,740,1824.82,0.5,124.36,0,43,108.5,payment_failed,gateway_error,2026-07-11T15:37:59.708100,15,5,0,,False,retry_link;reminder;discount_offer;escalate_to_human;no_action,escalate_to_human,True,108.5,0.47,0
TXN002740,CUST00234,739,2245.51,0.0,258.19,0,109,301.6,checkout_abandoned,price_hesitation,2026-07-11T15:42:31.246413,15,5,0,2026-06-26T02:27:55.127384,False,retry_link;reminder;discount_offer;escalate_to_human;no_action,no_action,False,0.0,,1
TXN002741,CUST00769,565,5982.63,1.0,757.66,3,18,754.51,payment_failed,otp_timeout,2026-07-11T16:05:27.954874,16,5,0,2026-06-23T03:03:24.298310,False,retry_link;reminder;discount_offer;escalate_to_human;no_action,discount_offer,True,754.51,1.61,0
TXN002742,CUST01256,333,612.48,1.0,100.0,1,6,101.18,checkout_abandoned,insufficient_funds,2026-07-11T16:28:52.583767,16,5,0,2026-07-05T16:09:56.354107,False,retry_link;reminder;discount_offer;escalate_to_human;no_action,no_action,False,0.0,,0
TXN002743,CUST00873,188,2202.76,0.5,206.34,0,50,220.95,payment_failed,insufficient_funds,2026-07-11T17:11:57.266255,17,5,0,,False,retry_link;reminder;discount_offer;escalate_to_human;no_action,discount_offer,True,220.95,6.2,0
TXN002744,CUST00948,1421,6701.93,0.5,190.45,0,36,216.96,payment_failed,insufficient_funds,2026-07-11T18:10:04.900977,18,5,0,,False,retry_link;reminder;discount_offer;escalate_to_human;no_action,no_action,False,0.0,,0
TXN002745,CUST00190,1025,2149.67,0.0,192.36,0,80,192.36,payment_failed,bank_decline,2026-07-11T18:40:58.122953,18,5,0,2026-07-04T18:49:26.923168,False,retry_link;reminder;discount_offer;escalate_to_human;no_action,no_action,False,0.0,,1
TXN002746,CUST01345,1496,4063.67,0.0,903.21,0,57,838.24,checkout_abandoned,insufficient_funds,2026-07-11T18:53:28.792079,18,5,0,2026-06-26T05:43:01.960034,False,retry_link;reminder;discount_offer;escalate_to_human;no_action,discount_offer,False,0.0,,1
TXN002747,CUST00755,657,4108.94,1.0,399.73,1,7,563.6,checkout_abandoned,otp_timeout,2026-07-11T19:36:26.547584,19,5,0,2026-07-04T19:06:01.435647,False,retry_link;reminder;discount_offer;escalate_to_human;no_action,retry_link,False,0.0,,0
TXN002748,CUST00650,734,928.69,0.5,109.28,0,50,82.37,checkout_abandoned,price_hesitation,2026-07-11T19:41:29.663337,19,5,0,,False,retry_link;reminder;discount_offer;escalate_to_human;no_action,no_action,False,0.0,,0
TXN002749,CUST00369,1158,3625.07,1.0,480.35,1,21,493.68,checkout_abandoned,gateway_error,2026-07-11T20:16:58.876280,20,5,0,2026-06-20T11:39:39.669223,False,retry_link;reminder;discount_offer;escalate_to_human;no_action,no_action,False,0.0,,0
TXN002750,CUST01166,33,1525.51,0.75,325.69,3,16,294.96,payment_failed,insufficient_funds,2026-07-11T20:43:30.009713,20,5,0,2026-06-25T18:32:07.491890,False,retry_link;reminder;discount_offer;escalate_to_human;no_action,discount_offer,True,294.96,3.99,1
TXN002751,CUST00616,375,8228.9,0.5,460.63,0,56,809.52,checkout_abandoned,price_hesitation,2026-07-11T21:03:49.987078,21,5,0,,False,retry_link;reminder;discount_offer;escalate_to_human;no_action,reminder,True,809.52,4.6,0
TXN002752,CUST00282,1007,3115.3,0.5,604.98,0,66,594.21,checkout_abandoned,insufficient_funds,2026-07-11T21:07:52.069905,21,5,0,,False,retry_link;reminder;discount_offer;escalate_to_human;no_action,retry_link,False,0.0,,0
TXN002753,CUST00846,235,1366.73,0.0,385.25,0,130,377.4,payment_failed,insufficient_funds,2026-07-11T21:19:14.124214,21,5,0,2026-07-08T07:01:32.187458,False,retry_link;reminder;discount_offer;escalate_to_human;no_action,reminder,False,0.0,,3
TXN002754,CUST01065,582,18660.65,0.0,605.14,0,48,993.84,checkout_abandoned,bank_decline,2026-07-11T21:47:36.087173,21,5,0,2026-07-01T12:50:13.714495,True,no_action,no_action,False,0.0,,2
TXN002755,CUST01021,109,24962.58,0.0,198.02,0,76,293.37,checkout_abandoned,otp_timeout,2026-07-11T22:37:46.378269,22,5,0,2026-06-15T14:12:22.997445,False,retry_link;reminder;discount_offer;escalate_to_human;no_action,retry_link,True,293.37,5.69,2
TXN002756,CUST01291,1287,34714.1,0.5,143.12,1,21,111.55,checkout_abandoned,insufficient_funds,2026-07-11T22:42:17.195254,22,5,0,2026-06-20T03:28:37.307187,False,retry_link;reminder;discount_offer;escalate_to_human;no_action,reminder,False,0.0,,1
TXN002757,CUST00220,192,6202.89,0.5,344.49,0,72,391.98,payment_failed,gateway_error,2026-07-11T22:45:27.593957,22,5,0,,False,retry_link;reminder;discount_offer;escalate_to_human;no_action,no_action,False,0.0,,0
TXN002758,CUST01363,303,5850.56,1.0,318.3,2,28,330.17,checkout_abandoned,insufficient_funds,2026-07-11T23:17:01.147651,23,5,0,2026-06-13T21:03:34.699442,False,retry_link;reminder;discount_offer;escalate_to_human;no_action,retry_link,True,330.17,9.36,0
TXN002759,CUST01091,672,560.47,0.5,487.15,1,28,511.15,checkout_abandoned,price_hesitation,2026-07-11T23:21:16.463401,23,5,0,2026-06-13T01:23:49.720370,False,retry_link;reminder;discount_offer;escalate_to_human;no_action,discount_offer,False,0.0,,1
TXN002760,CUST01387,488,1553.06,0.0,797.0,0,45,529.28,checkout_abandoned,otp_timeout,2026-07-11T23:28:49.368528,23,5,0,2026-06-08T11:50:15.997054,False,retry_link;reminder;discount_offer;escalate_to_human;no_action,retry_link,True,529.28,0.18,1
TXN002761,CUST00201,1362,1893.71,0.5,279.1,1,4,230.67,checkout_abandoned,gateway_error,2026-07-11T23:49:00.610207,23,5,0,2026-07-07T15:36:05.112751,False,retry_link;reminder;discount_offer;escalate_to_human;no_action,reminder,True,230.67,7.68,1
TXN002762,CUST01034,100,16466.95,1.0,264.48,2,12,279.1,checkout_abandoned,otp_timeout,2026-07-11T23:59:42.714492,23,5,0,2026-06-29T14:41:18.851807,False,retry_link;reminder;discount_offer;escalate_to_human;no_action,discount_offer,True,279.1,1.29,0
TXN002763,CUST00229,265,88.83,1.0,539.94,1,9,742.65,payment_failed,insufficient_funds,2026-07-12T00:18:13.326922,0,6,0,,False,retry_link;reminder;discount_offer;escalate_to_human;no_action,discount_offer,True,742.65,1.92,0
TXN002764,CUST00949,417,2278.91,0.0,161.9,0,145,205.67,checkout_abandoned,bank_decline,2026-07-12T00:32:26.616733,0,6,0,2026-07-09T05:04:18.386689,False,retry_link;reminder;discount_offer;escalate_to_human;no_action,discount_offer,False,0.0,,2
TXN002765,CUST00229,265,88.83,1.0,539.94,2,0,518.03,checkout_abandoned,insufficient_funds,2026-07-12T00:38:14.042604,0,6,1,2026-07-12T00:18:13.326922,False,retry_link;reminder;discount_offer;escalate_to_human;no_action,discount_offer,False,0.0,,0
TXN002766,CUST00384,48,1469.87,0.333,670.06,1,29,912.84,payment_failed,gateway_error,2026-07-12T00:48:55.407520,0,6,0,2026-07-10T20:25:13.330760,False,retry_link;reminder;discount_offer;escalate_to_human;no_action,retry_link,True,912.84,2.05,2
TXN002767,CUST01460,1185,50678.54,0.5,225.89,2,34,185.92,payment_failed,gateway_error,2026-07-12T01:34:45.334591,1,6,0,2026-06-12T06:15:11.435450,False,retry_link;reminder;discount_offer;escalate_to_human;no_action,escalate_to_human,True,185.92,6.55,2
TXN002768,CUST01355,745,1194.23,0.0,105.77,0,131,215.06,payment_failed,price_hesitation,2026-07-12T03:56:04.224086,3,6,0,2026-06-27T07:03:27.529748,False,retry_link;reminder;discount_offer;escalate_to_human;no_action,discount_offer,True,215.06,2.38,1
TXN002769,CUST00896,764,121257.19,0.0,221.4,0,109,277.84,checkout_abandoned,bank_decline,2026-07-12T04:04:46.370592,4,6,0,2026-06-18T07:34:08.526344,True,no_action,no_action,False,0.0,,5
TXN002770,CUST00835,1165,2462.15,1.0,166.83,1,11,127.38,payment_failed,otp_timeout,2026-07-12T04:08:47.570107,4,6,0,2026-06-30T21:11:00.965104,False,retry_link;reminder;discount_offer;escalate_to_human;no_action,retry_link,True,127.38,1.67,0
TXN002771,CUST00493,905,2241.93,1.0,166.65,4,1,111.04,checkout_abandoned,otp_timeout,2026-07-12T04:20:00.097851,4,6,0,2026-07-11T01:27:09.358736,False,retry_link;reminder;discount_offer;escalate_to_human;no_action,retry_link,True,111.04,1.22,0
TXN002772,CUST01259,1203,8413.02,0.2,333.97,1,15,240.37,payment_failed,bank_decline,2026-07-12T04:30:56.114670,4,6,1,2026-07-11T06:20:17.026154,False,retry_link;reminder;discount_offer;escalate_to_human;no_action,retry_link,False,0.0,,4
TXN002773,CUST01486,244,2975.68,0.333,296.74,1,20,188.61,checkout_abandoned,insufficient_funds,2026-07-12T04:52:07.741744,4,6,0,2026-07-09T02:49:59.059087,False,retry_link;reminder;discount_offer;escalate_to_human;no_action,escalate_to_human,False,0.0,,2
TXN002774,CUST01407,1311,2762.39,0.5,189.49,0,74,267.76,payment_failed,otp_timeout,2026-07-12T05:59:39.517861,5,6,0,,False,retry_link;reminder;discount_offer;escalate_to_human;no_action,escalate_to_human,True,267.76,10.18,0
TXN002775,CUST01140,1321,10108.98,0.0,319.4,0,33,319.54,payment_failed,price_hesitation,2026-07-12T07:19:51.392451,7,6,0,2026-06-20T06:08:06.498569,False,retry_link;reminder;discount_offer;escalate_to_human;no_action,no_action,False,0.0,,2
TXN002776,CUST00391,269,3645.17,0.5,541.44,1,26,806.41,checkout_abandoned,bank_decline,2026-07-12T07:29:42.333562,7,6,0,,False,retry_link;reminder;discount_offer;escalate_to_human;no_action,reminder,True,806.41,12.03,1
TXN002777,CUST01391,794,8484.34,0.5,208.66,0,78,215.14,checkout_abandoned,bank_decline,2026-07-12T07:40:50.160601,7,6,0,,False,retry_link;reminder;discount_offer;escalate_to_human;no_action,reminder,True,215.14,0.35,0
TXN002778,CUST00347,1404,8107.35,0.5,429.97,0,52,270.92,checkout_abandoned,insufficient_funds,2026-07-12T08:07:49.978160,8,6,0,,False,retry_link;reminder;discount_offer;escalate_to_human;no_action,discount_offer,True,270.92,7.45,0
TXN002779,CUST00600,924,2129.07,1.0,131.05,1,10,94.76,checkout_abandoned,gateway_error,2026-07-12T08:26:25.956336,8,6,0,2026-07-01T16:36:55.844583,False,retry_link;reminder;discount_offer;escalate_to_human;no_action,no_action,False,0.0,,0
TXN002780,CUST00982,821,5741.99,0.333,274.86,1,26,378.71,payment_failed,gateway_error,2026-07-12T08:47:58.806973,8,6,0,2026-07-10T04:59:34.917525,False,retry_link;reminder;discount_offer;escalate_to_human;no_action,reminder,False,0.0,,2
TXN002781,CUST00182,746,4178.94,1.0,391.0,1,1,469.28,payment_failed,otp_timeout,2026-07-12T09:28:15.111670,9,6,0,2026-07-11T04:17:42.020748,False,retry_link;reminder;discount_offer;escalate_to_human;no_action,discount_offer,True,469.28,1.4,0
TXN002782,CUST00712,1091,1891.24,0.5,669.75,0,59,1215.47,checkout_abandoned,price_hesitation,2026-07-12T09:49:24.501597,9,6,0,,False,retry_link;reminder;discount_offer;escalate_to_human;no_action,reminder,True,1215.47,0.0,0
TXN002783,CUST01064,1129,10472.81,0.5,211.81,1,6,144.27,checkout_abandoned,insufficient_funds,2026-07-12T10:00:53.859444,10,6,0,2026-07-05T16:39:56.859657,True,no_action,no_action,False,0.0,,1
TXN002784,CUST01274,1144,5413.52,0.5,784.06,1,34,1141.98,checkout_abandoned,insufficient_funds,2026-07-12T10:01:56.254780,10,6,0,2026-06-08T09:08:29.898212,False,retry_link;reminder;discount_offer;escalate_to_human;no_action,retry_link,True,1141.98,9.55,1
TXN002785,CUST00818,998,1766.42,1.0,200.15,2,4,200.42,payment_failed,price_hesitation,2026-07-12T10:06:23.303582,10,6,0,2026-07-07T20:38:12.810475,False,retry_link;reminder;discount_offer;escalate_to_human;no_action,escalate_to_human,True,200.42,16.09,0
TXN002786,CUST01344,280,3498.45,0.0,756.55,0,66,1209.38,checkout_abandoned,otp_timeout,2026-07-12T10:07:18.225168,10,6,0,2026-06-22T05:13:58.249075,False,retry_link;reminder;discount_offer;escalate_to_human;no_action,escalate_to_human,False,0.0,,2
TXN002787,CUST00123,707,4435.39,1.0,294.96,1,4,525.79,checkout_abandoned,gateway_error,2026-07-12T10:20:20.081061,10,6,0,2026-07-07T23:52:15.581404,False,retry_link;reminder;discount_offer;escalate_to_human;no_action,retry_link,True,525.79,7.28,0
TXN002788,CUST00023,1390,635.35,1.0,581.47,1,19,833.18,payment_failed,otp_timeout,2026-07-12T10:27:59.331756,10,6,0,2026-06-22T16:14:06.495050,False,retry_link;reminder;discount_offer;escalate_to_human;no_action,reminder,False,0.0,,0
TXN002789,CUST00910,1155,1284.52,0.143,493.27,1,36,403.27,payment_failed,bank_decline,2026-07-12T10:34:14.809375,10,6,0,2026-07-09T19:13:17.905345,False,retry_link;reminder;discount_offer;escalate_to_human;no_action,escalate_to_human,False,0.0,,6
TXN002790,CUST00253,495,9686.57,0.5,468.95,0,5,337.68,checkout_abandoned,insufficient_funds,2026-07-12T10:49:50.154854,10,6,0,,False,retry_link;reminder;discount_offer;escalate_to_human;no_action,reminder,True,337.68,4.79,0
TXN002791,CUST00227,869,195.65,0.0,250.92,0,86,408.88,payment_failed,insufficient_funds,2026-07-12T11:02:08.870288,11,6,0,2026-06-03T03:43:18.296864,False,retry_link;reminder;discount_offer;escalate_to_human;no_action,reminder,False,0.0,,1
TXN002792,CUST01220,974,1209.45,0.5,1085.02,0,7,1106.64,payment_failed,price_hesitation,2026-07-12T11:25:18.805193,11,6,0,,False,retry_link;reminder;discount_offer;escalate_to_human;no_action,reminder,True,1106.64,10.96,0
TXN002793,CUST01367,680,2937.24,0.0,373.13,0,143,556.43,checkout_abandoned,price_hesitation,2026-07-12T11:52:48.409522,11,6,0,2026-06-16T03:07:14.966189,False,retry_link;reminder;discount_offer;escalate_to_human;no_action,retry_link,False,0.0,,1
TXN002794,CUST00222,1056,8432.46,1.0,184.39,1,27,179.52,payment_failed,insufficient_funds,2026-07-12T12:04:26.695188,12,6,0,2026-06-14T14:08:11.275265,False,retry_link;reminder;discount_offer;escalate_to_human;no_action,discount_offer,False,0.0,,0
TXN002795,CUST01451,62,1502.16,0.5,453.06,1,33,501.85,checkout_abandoned,otp_timeout,2026-07-12T12:31:17.339282,12,6,0,2026-06-08T23:52:27.306602,False,retry_link;reminder;discount_offer;escalate_to_human;no_action,reminder,True,501.85,4.64,1
TXN002796,CUST00691,1192,57108.32,1.0,1025.31,1,30,925.94,payment_failed,otp_timeout,2026-07-12T13:08:10.973730,13,6,0,2026-06-11T21:03:20.218980,False,retry_link;reminder;discount_offer;escalate_to_human;no_action,reminder,True,925.94,2.35,0
TXN002797,CUST00398,421,7239.0,0.5,207.94,0,57,309.3,checkout_abandoned,insufficient_funds,2026-07-12T13:09:44.124477,13,6,0,,False,retry_link;reminder;discount_offer;escalate_to_human;no_action,escalate_to_human,False,0.0,,0
TXN002798,CUST01123,366,946.61,1.0,528.1,1,16,464.19,payment_failed,price_hesitation,2026-07-12T13:31:32.640414,13,6,0,2026-06-26T00:04:15.287961,False,retry_link;reminder;discount_offer;escalate_to_human;no_action,no_action,False,0.0,,0
TXN002799,CUST00276,701,11424.38,0.5,306.97,0,94,216.69,payment_failed,otp_timeout,2026-07-12T13:46:35.700121,13,6,0,,False,retry_link;reminder;discount_offer;escalate_to_human;no_action,escalate_to_human,True,216.69,10.03,0
TXN002800,CUST00799,664,585.24,0.0,100.0,0,46,134.47,payment_failed,insufficient_funds,2026-07-12T13:49:18.184524,13,6,0,2026-06-20T15:06:42.975102,False,retry_link;reminder;discount_offer;escalate_to_human;no_action,escalate_to_human,False,0.0,,2
TXN002801,CUST01091,672,560.47,0.333,487.15,1,29,608.32,checkout_abandoned,price_hesitation,2026-07-12T14:24:02.771168,14,6,1,2026-07-11T23:21:16.463401,False,retry_link;reminder;discount_offer;escalate_to_human;no_action,retry_link,True,608.32,6.97,2
TXN002802,CUST00533,427,6851.12,0.0,353.66,0,92,168.42,checkout_abandoned,price_hesitation,2026-07-12T14:33:24.458619,14,6,0,2026-07-02T14:17:52.439475,False,retry_link;reminder;discount_offer;escalate_to_human;no_action,retry_link,False,0.0,,3
TXN002803,CUST01116,1493,6257.55,0.5,284.83,0,90,326.51,checkout_abandoned,insufficient_funds,2026-07-12T14:38:51.283614,14,6,0,,False,retry_link;reminder;discount_offer;escalate_to_human;no_action,escalate_to_human,False,0.0,,0
TXN002804,CUST00805,1172,16103.1,0.0,332.93,0,136,345.6,payment_failed,insufficient_funds,2026-07-12T14:40:07.541094,14,6,0,2026-06-10T11:08:25.879407,False,retry_link;reminder;discount_offer;escalate_to_human;no_action,reminder,False,0.0,,1
TXN002805,CUST01071,314,4872.22,0.2,390.1,1,12,559.59,checkout_abandoned,gateway_error,2026-07-12T16:41:33.072126,16,6,0,2026-07-01T08:08:16.234064,False,retry_link;reminder;discount_offer;escalate_to_human;no_action,escalate_to_human,False,0.0,,4
TXN002806,CUST01346,1283,14200.12,1.0,507.96,1,27,250.93,checkout_abandoned,insufficient_funds,2026-07-12T16:43:32.516454,16,6,0,2026-06-15T10:02:22.326913,False,retry_link;reminder;discount_offer;escalate_to_human;no_action,discount_offer,False,0.0,,0
TXN002807,CUST00978,526,726.7,0.5,610.85,1,16,861.89,payment_failed,bank_decline,2026-07-12T16:48:54.568790,16,6,0,2026-06-26T16:08:14.467835,False,retry_link;reminder;discount_offer;escalate_to_human;no_action,escalate_to_human,False,0.0,,1
TXN002808,CUST01025,84,2096.2,1.0,404.31,1,6,392.38,payment_failed,bank_decline,2026-07-12T17:23:43.146513,17,6,0,2026-07-06T00:58:56.752083,False,retry_link;reminder;discount_offer;escalate_to_human;no_action,escalate_to_human,True,392.38,2.11,0
TXN002809,CUST01483,168,9559.31,1.0,206.7,1,32,111.76,payment_failed,price_hesitation,2026-07-12T17:34:46.367822,17,6,0,2026-06-10T10:12:21.690137,False,retry_link;reminder;discount_offer;escalate_to_human;no_action,reminder,False,0.0,,0
TXN002810,CUST00411,345,3679.82,0.0,182.78,0,126,125.92,payment_failed,insufficient_funds,2026-07-12T17:41:19.231184,17,6,0,,False,retry_link;reminder;discount_offer;escalate_to_human;no_action,escalate_to_human,False,0.0,,1
TXN002811,CUST00458,1261,7352.76,0.0,113.97,0,59,113.14,checkout_abandoned,price_hesitation,2026-07-12T17:58:52.841227,17,6,0,2026-06-13T09:43:20.961286,True,no_action,no_action,False,0.0,,3
TXN002812,CUST00711,784,1768.9,0.0,556.58,0,148,625.17,checkout_abandoned,bank_decline,2026-07-12T18:15:10.677136,18,6,0,2026-07-02T15:00:47.247680,False,retry_link;reminder;discount_offer;escalate_to_human;no_action,no_action,False,0.0,,2
TXN002813,CUST00434,651,10589.29,0.5,326.22,0,83,480.71,payment_failed,bank_decline,2026-07-12T18:47:16.854482,18,6,0,,False,retry_link;reminder;discount_offer;escalate_to_human;no_action,retry_link,False,0.0,,0
TXN002814,CUST00695,380,1924.89,0.5,1060.78,1,36,538.9,payment_failed,insufficient_funds,2026-07-12T18:59:05.752143,18,6,0,2026-06-05T21:39:30.360362,False,retry_link;reminder;discount_offer;escalate_to_human;no_action,escalate_to_human,False,0.0,,1
TXN002815,CUST00472,648,3705.9,1.0,317.99,2,36,893.82,checkout_abandoned,gateway_error,2026-07-12T19:11:44.102349,19,6,0,2026-06-05T23:30:25.998390,False,retry_link;reminder;discount_offer;escalate_to_human;no_action,no_action,True,893.82,5.57,0
TXN002816,CUST01347,1051,4743.02,1.0,161.71,1,11,137.98,checkout_abandoned,otp_timeout,2026-07-12T19:17:23.264278,19,6,0,2026-07-01T18:22:46.661706,False,retry_link;reminder;discount_offer;escalate_to_human;no_action,escalate_to_human,True,137.98,0.62,0
TXN002817,CUST00741,1144,2214.82,0.0,324.91,0,74,547.36,payment_failed,otp_timeout,2026-07-12T19:38:15.222596,19,6,0,2026-07-02T21:50:41.176376,False,retry_link;reminder;discount_offer;escalate_to_human;no_action,escalate_to_human,True,547.36,18.28,1
TXN002818,CUST01039,1240,5310.6,0.0,269.76,0,121,290.92,payment_failed,price_hesitation,2026-07-12T19:45:26.774929,19,6,0,,False,retry_link;reminder;discount_offer;escalate_to_human;no_action,retry_link,True,290.92,7.68,1
TXN002819,CUST00047,1339,2665.61,0.5,290.45,0,94,376.03,checkout_abandoned,price_hesitation,2026-07-12T19:57:21.106003,19,6,0,,False,retry_link;reminder;discount_offer;escalate_to_human;no_action,retry_link,True,376.03,6.5,0
TXN002820,CUST00313,422,8380.62,1.0,360.43,2,14,374.92,payment_failed,otp_timeout,2026-07-12T20:36:48.632269,20,6,0,2026-06-28T19:56:19.475337,False,retry_link;reminder;discount_offer;escalate_to_human;no_action,escalate_to_human,True,374.92,8.85,0
TXN002821,CUST00112,833,1421.46,0.5,386.24,0,71,250.58,checkout_abandoned,bank_decline,2026-07-12T20:39:52.965947,20,6,0,,False,retry_link;reminder;discount_offer;escalate_to_human;no_action,reminder,False,0.0,,0
TXN002822,CUST00909,138,16084.76,0.0,412.33,0,76,283.67,payment_failed,insufficient_funds,2026-07-12T20:55:48.479576,20,6,0,2026-07-03T02:04:26.112909,True,no_action,no_action,False,0.0,,8
TXN002823,CUST00333,1244,72376.95,0.0,100.0,0,9,74.25,checkout_abandoned,insufficient_funds,2026-07-12T20:56:13.258066,20,6,0,2026-07-11T10:48:18.441860,False,retry_link;reminder;discount_offer;escalate_to_human;no_action,no_action,False,0.0,,1
TXN002824,CUST00389,230,12385.01,0.75,148.63,3,8,236.96,checkout_abandoned,gateway_error,2026-07-12T20:58:49.449270,20,6,0,2026-07-04T11:15:15.806289,False,retry_link;reminder;discount_offer;escalate_to_human;no_action,reminder,True,236.96,2.19,1
TXN002825,CUST00037,1241,12588.28,0.0,382.99,0,122,362.73,payment_failed,bank_decline,2026-07-12T21:11:58.303953,21,6,0,2026-06-22T14:57:48.214765,False,retry_link;reminder;discount_offer;escalate_to_human;no_action,no_action,False,0.0,,2
TXN002826,CUST01296,395,4765.27,0.0,431.76,0,103,313.29,checkout_abandoned,otp_timeout,2026-07-12T21:23:44.526666,21,6,0,2026-06-22T17:40:22.230731,True,no_action,no_action,False,0.0,,4
TXN002827,CUST01005,1381,5471.81,1.0,231.55,1,2,263.23,payment_failed,gateway_error,2026-07-12T21:41:53.872074,21,6,0,,False,retry_link;reminder;discount_offer;escalate_to_human;no_action,retry_link,True,263.23,1.9,0
TXN002828,CUST00658,109,6770.66,1.0,200.58,1,40,169.3,checkout_abandoned,price_hesitation,2026-07-12T21:47:09.293499,21,6,0,2026-06-02T01:18:23.358403,False,retry_link;reminder;discount_offer;escalate_to_human;no_action,reminder,True,169.3,17.44,0
TXN002829,CUST00938,693,11237.1,0.0,137.8,0,96,312.75,checkout_abandoned,insufficient_funds,2026-07-12T21:55:45.131198,21,6,0,2026-06-17T17:10:15.814476,False,retry_link;reminder;discount_offer;escalate_to_human;no_action,retry_link,True,312.75,5.61,1
TXN002830,CUST00598,942,959.53,0.0,518.91,0,112,458.68,payment_failed,insufficient_funds,2026-07-12T22:17:17.716932,22,6,0,2026-06-14T15:30:48.787860,False,retry_link;reminder;discount_offer;escalate_to_human;no_action,no_action,False,0.0,,2
TXN002831,CUST01153,1364,1321.07,0.0,232.68,0,84,282.01,checkout_abandoned,gateway_error,2026-07-12T22:30:36.393282,22,6,0,2026-06-05T17:59:33.611962,True,no_action,no_action,False,0.0,,5
TXN002832,CUST00333,1244,72376.95,0.0,100.0,0,9,122.79,payment_failed,price_hesitation,2026-07-12T22:57:21.661678,22,6,0,2026-07-11T10:48:18.441860,False,retry_link;reminder;discount_offer;escalate_to_human;no_action,discount_offer,True,122.79,0.65,2
TXN002833,CUST00909,138,16084.76,0.0,412.33,0,76,488.46,checkout_abandoned,insufficient_funds,2026-07-13T00:15:11.273603,0,0,0,2026-07-03T02:04:26.112909,True,no_action,no_action,False,0.0,,9
TXN002834,CUST00822,205,6378.26,0.0,193.66,0,65,233.25,payment_failed,bank_decline,2026-07-13T00:26:10.529833,0,0,0,,False,retry_link;reminder;discount_offer;escalate_to_human;no_action,retry_link,True,233.25,4.78,1
TXN002835,CUST00874,1046,7448.5,1.0,988.04,2,22,1481.13,payment_failed,price_hesitation,2026-07-13T00:47:10.197139,0,0,0,2026-06-20T12:11:38.091383,False,retry_link;reminder;discount_offer;escalate_to_human;no_action,no_action,False,0.0,,0
TXN002836,CUST00657,949,5972.9,1.0,239.29,1,12,316.56,checkout_abandoned,price_hesitation,2026-07-13T00:56:40.291884,0,0,0,2026-06-30T02:59:19.955380,False,retry_link;reminder;discount_offer;escalate_to_human;no_action,discount_offer,True,316.56,15.29,0
TXN002837,CUST00917,1176,14345.63,0.667,626.04,2,36,618.71,payment_failed,gateway_error,2026-07-13T01:01:34.016111,1,0,0,2026-06-06T16:20:49.037983,False,retry_link;reminder;discount_offer;escalate_to_human;no_action,reminder,True,618.71,3.39,1
TXN002838,CUST00875,757,8085.21,0.5,167.29,0,60,126.13,checkout_abandoned,gateway_error,2026-07-13T01:50:02.935606,1,0,0,,False,retry_link;reminder;discount_offer;escalate_to_human;no_action,no_action,True,126.13,9.49,0
TXN002839,CUST01459,774,3259.24,0.667,346.47,2,30,302.47,payment_failed,price_hesitation,2026-07-13T01:51:15.338121,1,0,0,2026-06-22T20:40:00.145910,False,retry_link;reminder;discount_offer;escalate_to_human;no_action,no_action,False,0.0,,1
TXN002840,CUST01385,353,2798.2,0.0,535.75,0,147,498.14,payment_failed,bank_decline,2026-07-13T02:17:22.306428,2,0,0,2026-06-11T07:59:40.761137,False,retry_link;reminder;discount_offer;escalate_to_human;no_action,no_action,False,0.0,,1
TXN002841,CUST00217,145,4461.93,0.5,389.88,0,79,419.63,payment_failed,bank_decline,2026-07-13T02:23:36.337620,2,0,0,,False,retry_link;reminder;discount_offer;escalate_to_human;no_action,no_action,True,419.63,13.26,0
TXN002842,CUST01323,1329,2122.22,0.0,421.04,0,119,355.95,payment_failed,otp_timeout,2026-07-13T02:37:56.838327,2,0,0,2026-07-04T15:18:59.588568,False,retry_link;reminder;discount_offer;escalate_to_human;no_action,retry_link,False,0.0,,3
TXN002843,CUST01222,1442,1273.21,0.5,343.23,0,66,460.41,checkout_abandoned,bank_decline,2026-07-13T02:44:09.122714,2,0,0,,False,retry_link;reminder;discount_offer;escalate_to_human;no_action,reminder,False,0.0,,0
TXN002844,CUST00339,1429,8016.04,0.5,807.61,0,84,643.26,payment_failed,price_hesitation,2026-07-13T02:46:38.840378,2,0,0,,False,retry_link;reminder;discount_offer;escalate_to_human;no_action,escalate_to_human,True,643.26,14.42,0
TXN002845,CUST00312,179,2834.45,1.0,382.53,2,9,232.8,payment_failed,otp_timeout,2026-07-13T02:50:39.448244,2,0,0,2026-07-03T20:02:08.441828,False,retry_link;reminder;discount_offer;escalate_to_human;no_action,discount_offer,True,232.8,13.43,0
TXN002846,CUST01157,1275,35947.18,0.5,279.35,0,118,501.2,checkout_abandoned,price_hesitation,2026-07-13T03:00:47.582211,3,0,0,,False,retry_link;reminder;discount_offer;escalate_to_human;no_action,escalate_to_human,True,501.2,1.5,0
TXN002847,CUST00646,691,1422.7,1.0,448.58,3,5,250.23,payment_failed,price_hesitation,2026-07-13T03:06:21.863544,3,0,0,2026-07-07T06:00:35.145089,False,retry_link;reminder;discount_offer;escalate_to_human;no_action,escalate_to_human,True,250.23,16.77,0
TXN002848,CUST01440,1169,2769.18,1.0,333.26,1,9,372.5,checkout_abandoned,otp_timeout,2026-07-13T03:12:52.187014,3,0,0,2026-07-03T10:26:12.010965,False,retry_link;reminder;discount_offer;escalate_to_human;no_action,discount_offer,True,372.5,1.07,0
TXN002849,CUST00323,1374,5497.88,0.0,529.79,0,81,412.37,payment_failed,bank_decline,2026-07-13T03:41:56.138468,3,0,0,2026-06-21T03:12:11.103191,False,retry_link;reminder;discount_offer;escalate_to_human;no_action,reminder,False,0.0,,2
TXN002850,CUST00159,1176,4765.79,1.0,313.56,2,4,343.44,checkout_abandoned,price_hesitation,2026-07-13T03:50:10.198887,3,0,0,2026-07-08T16:44:43.782540,False,retry_link;reminder;discount_offer;escalate_to_human;no_action,escalate_to_human,True,343.44,2.92,0
TXN002851,CUST00536,684,11521.2,0.0,484.57,0,62,381.53,checkout_abandoned,insufficient_funds,2026-07-13T03:54:25.446493,3,0,0,2026-06-17T01:21:34.686121,False,retry_link;reminder;discount_offer;escalate_to_human;no_action,reminder,False,0.0,,1
TXN002852,CUST00107,997,4318.35,1.0,797.88,2,4,930.92,payment_failed,price_hesitation,2026-07-13T03:55:19.152813,3,0,0,2026-07-09T02:47:26.018896,False,retry_link;reminder;discount_offer;escalate_to_human;no_action,no_action,True,930.92,5.7,0
TXN002853,CUST00530,898,14243.12,1.0,417.76,3,16,337.27,payment_failed,insufficient_funds,2026-07-13T04:37:16.489137,4,0,0,2026-06-26T14:27:53.151652,False,retry_link;reminder;discount_offer;escalate_to_human;no_action,reminder,False,0.0,,0
TXN002854,CUST01045,231,4193.48,1.0,418.67,1,32,585.75,checkout_abandoned,bank_decline,2026-07-13T04:48:27.136517,4,0,0,2026-06-10T13:37:32.787632,False,retry_link;reminder;discount_offer;escalate_to_human;no_action,reminder,False,0.0,,0
TXN002855,CUST01029,501,13123.26,1.0,369.26,1,20,503.08,payment_failed,otp_timeout,2026-07-13T05:04:47.312682,5,0,0,2026-06-22T21:24:36.883458,False,retry_link;reminder;discount_offer;escalate_to_human;no_action,reminder,True,503.08,14.9,0
TXN002856,CUST01151,757,2649.2,0.5,131.4,0,43,129.89,payment_failed,price_hesitation,2026-07-13T05:45:21.036149,5,0,0,,False,retry_link;reminder;discount_offer;escalate_to_human;no_action,no_action,True,129.89,6.81,0
TXN002857,CUST01240,762,5888.48,0.0,351.11,0,111,343.91,payment_failed,bank_decline,2026-07-13T05:46:17.545401,5,0,0,2026-07-09T10:42:14.916649,False,retry_link;reminder;discount_offer;escalate_to_human;no_action,no_action,False,0.0,,1
TXN002858,CUST00369,1158,3625.07,0.5,480.35,1,22,678.65,checkout_abandoned,gateway_error,2026-07-13T05:48:05.138353,5,0,0,2026-06-20T11:39:39.669223,False,retry_link;reminder;discount_offer;escalate_to_human;no_action,no_action,False,0.0,,1
TXN002859,CUST00367,474,899.66,0.0,769.77,0,61,866.27,payment_failed,insufficient_funds,2026-07-13T05:48:23.000476,5,0,0,2026-06-08T03:49:25.296788,False,retry_link;reminder;discount_offer;escalate_to_human;no_action,reminder,False,0.0,,1
TXN002860,CUST00859,1201,7188.94,1.0,619.44,2,30,610.02,checkout_abandoned,gateway_error,2026-07-13T06:07:38.170542,6,0,0,2026-06-13T03:52:51.041136,False,retry_link;reminder;discount_offer;escalate_to_human;no_action,discount_offer,True,610.02,2.64,0
TXN002861,CUST00399,466,1656.58,1.0,892.86,1,20,841.33,checkout_abandoned,insufficient_funds,2026-07-13T07:12:42.906063,7,0,0,2026-06-22T09:22:36.644720,False,retry_link;reminder;discount_offer;escalate_to_human;no_action,discount_offer,True,841.33,6.49,0
TXN002862,CUST00642,1281,730.31,0.0,206.43,0,68,218.7,payment_failed,bank_decline,2026-07-13T07:34:14.333426,7,0,0,2026-07-11T03:04:07.720101,True,no_action,no_action,False,0.0,,4
TXN002863,CUST00758,192,3197.92,1.0,229.05,1,36,227.04,payment_failed,gateway_error,2026-07-13T07:50:11.897473,7,0,0,,True,no_action,no_action,True,227.04,2.61,0
TXN002864,CUST01231,1100,6437.58,0.167,503.97,1,12,718.57,payment_failed,otp_timeout,2026-07-13T07:56:36.296701,7,0,0,2026-06-30T12:02:27.767638,False,retry_link;reminder;discount_offer;escalate_to_human;no_action,retry_link,True,718.57,15.82,5
TXN002865,CUST00940,1036,67890.2,0.25,320.24,1,16,497.45,payment_failed,insufficient_funds,2026-07-13T08:19:59.787119,8,0,0,2026-06-26T09:31:34.451323,False,retry_link;reminder;discount_offer;escalate_to_human;no_action,escalate_to_human,False,0.0,,3
TXN002866,CUST01255,128,11462.57,1.0,476.49,2,25,715.5,checkout_abandoned,insufficient_funds,2026-07-13T08:48:39.187253,8,0,0,2026-06-17T21:21:32.143388,False,retry_link;reminder;discount_offer;escalate_to_human;no_action,discount_offer,True,715.5,7.12,0
TXN002867,CUST00189,452,1504.37,0.4,239.5,2,9,250.78,payment_failed,bank_decline,2026-07-13T08:50:52.239420,8,0,0,2026-07-07T13:13:39.984250,False,retry_link;reminder;discount_offer;escalate_to_human;no_action,escalate_to_human,False,0.0,,3
TXN002868,CUST00331,557,3926.58,0.5,309.53,0,41,299.72,checkout_abandoned,otp_timeout,2026-07-13T09:34:11.304353,9,0,0,,False,retry_link;reminder;discount_offer;escalate_to_human;no_action,discount_offer,True,299.72,6.38,0
TXN002869,CUST01461,469,6360.58,0.0,462.63,0,54,352.0,payment_failed,insufficient_funds,2026-07-13T09:39:40.306484,9,0,0,2026-06-16T16:28:05.562332,False,retry_link;reminder;discount_offer;escalate_to_human;no_action,retry_link,False,0.0,,3
TXN002870,CUST00215,409,9400.34,1.0,185.9,2,12,328.4,checkout_abandoned,gateway_error,2026-07-13T10:37:51.729199,10,0,0,2026-07-01T00:13:12.077548,False,retry_link;reminder;discount_offer;escalate_to_human;no_action,discount_offer,True,328.4,4.72,0
TXN002871,CUST00560,805,18269.36,1.0,814.61,1,27,951.39,checkout_abandoned,price_hesitation,2026-07-13T10:46:15.088465,10,0,0,2026-06-16T08:32:04.681696,False,retry_link;reminder;discount_offer;escalate_to_human;no_action,discount_offer,False,0.0,,0
TXN002872,CUST01175,508,2592.16,1.0,473.74,2,11,569.17,payment_failed,insufficient_funds,2026-07-13T11:08:42.726925,11,0,0,2026-07-01T22:47:26.747900,False,retry_link;reminder;discount_offer;escalate_to_human;no_action,no_action,False,0.0,,0
TXN002873,CUST01320,172,13560.33,0.0,367.32,0,108,406.5,checkout_abandoned,price_hesitation,2026-07-13T12:18:04.160287,12,0,0,2026-06-15T02:38:54.166641,False,retry_link;reminder;discount_offer;escalate_to_human;no_action,escalate_to_human,True,406.5,5.15,1
TXN002874,CUST00823,975,4378.87,0.0,245.83,0,120,200.32,checkout_abandoned,price_hesitation,2026-07-13T12:19:35.922413,12,0,0,2026-06-27T20:58:45.166840,False,retry_link;reminder;discount_offer;escalate_to_human;no_action,escalate_to_human,False,0.0,,4
TXN002875,CUST00310,999,18149.49,1.0,657.83,3,14,501.18,checkout_abandoned,insufficient_funds,2026-07-13T12:25:39.293165,12,0,0,2026-06-29T07:57:12.943710,False,retry_link;reminder;discount_offer;escalate_to_human;no_action,no_action,False,0.0,,0
TXN002876,CUST01282,590,7922.09,0.5,483.72,1,33,393.18,payment_failed,otp_timeout,2026-07-13T13:31:47.933887,13,0,0,2026-06-24T15:26:06.558074,False,retry_link;reminder;discount_offer;escalate_to_human;no_action,reminder,True,393.18,0.77,1
TXN002877,CUST00493,905,2241.93,1.0,166.65,5,1,250.91,payment_failed,insufficient_funds,2026-07-13T13:33:23.495028,13,0,0,2026-07-12T04:20:00.097851,False,retry_link;reminder;discount_offer;escalate_to_human;no_action,no_action,True,250.91,7.98,0
TXN002878,CUST00711,784,1768.9,0.0,556.58,0,149,562.7,payment_failed,insufficient_funds,2026-07-13T13:35:45.049784,13,0,0,2026-07-02T15:00:47.247680,False,retry_link;reminder;discount_offer;escalate_to_human;no_action,discount_offer,False,0.0,,3
TXN002879,CUST01134,921,8288.64,0.5,268.51,0,38,325.38,payment_failed,otp_timeout,2026-07-13T13:39:37.439131,13,0,0,,False,retry_link;reminder;discount_offer;escalate_to_human;no_action,no_action,True,325.38,6.61,0
TXN002880,CUST00833,215,3287.83,1.0,315.62,2,25,336.85,checkout_abandoned,otp_timeout,2026-07-13T13:49:28.782041,13,0,0,2026-06-18T11:35:13.185429,False,retry_link;reminder;discount_offer;escalate_to_human;no_action,discount_offer,True,336.85,0.12,0
TXN002881,CUST01424,384,2227.36,0.5,280.23,1,10,354.92,checkout_abandoned,insufficient_funds,2026-07-13T14:09:36.573448,14,0,0,2026-07-03T12:32:53.849829,False,retry_link;reminder;discount_offer;escalate_to_human;no_action,escalate_to_human,False,0.0,,1
TXN002882,CUST00503,1301,11623.85,1.0,367.89,2,4,457.01,checkout_abandoned,bank_decline,2026-07-13T14:15:25.119910,14,0,0,2026-07-09T08:59:56.013964,False,retry_link;reminder;discount_offer;escalate_to_human;no_action,discount_offer,True,457.01,4.9,0
TXN002883,CUST00929,867,2290.32,1.0,381.26,2,5,634.99,payment_failed,insufficient_funds,2026-07-13T14:53:20.246735,14,0,0,2026-07-07T18:10:00.459787,False,retry_link;reminder;discount_offer;escalate_to_human;no_action,no_action,True,634.99,9.11,0
TXN002884,CUST01122,404,12924.1,0.0,909.17,0,112,1050.86,payment_failed,insufficient_funds,2026-07-13T14:55:52.448412,14,0,0,2026-07-10T20:37:38.634373,False,retry_link;reminder;discount_offer;escalate_to_human;no_action,discount_offer,False,0.0,,3
TXN002885,CUST00592,360,2338.76,0.5,256.65,0,110,197.91,payment_failed,bank_decline,2026-07-13T15:22:40.676783,15,0,0,,False,retry_link;reminder;discount_offer;escalate_to_human;no_action,discount_offer,True,197.91,5.99,0
TXN002886,CUST00986,925,2984.59,1.0,440.46,1,5,347.21,payment_failed,otp_timeout,2026-07-13T15:30:30.336587,15,0,0,2026-07-08T00:35:38.449153,False,retry_link;reminder;discount_offer;escalate_to_human;no_action,retry_link,True,347.21,4.56,0
TXN002887,CUST01440,1169,2769.18,1.0,333.26,2,0,321.02,checkout_abandoned,insufficient_funds,2026-07-13T15:39:26.540718,15,0,1,2026-07-13T03:12:52.187014,False,retry_link;reminder;discount_offer;escalate_to_human;no_action,no_action,False,0.0,,0
TXN002888,CUST00176,1075,2336.43,0.0,253.37,0,122,505.33,checkout_abandoned,bank_decline,2026-07-13T16:10:56.555485,16,0,0,2026-06-22T19:31:05.465696,False,retry_link;reminder;discount_offer;escalate_to_human;no_action,retry_link,False,0.0,,2
TXN002889,CUST00476,1270,1273.09,0.5,444.6,0,26,465.01,payment_failed,otp_timeout,2026-07-13T16:30:14.423862,16,0,0,,False,retry_link;reminder;discount_offer;escalate_to_human;no_action,escalate_to_human,True,465.01,1.53,0
TXN002890,CUST00960,231,943.19,0.5,182.69,0,34,193.33,checkout_abandoned,gateway_error,2026-07-13T16:33:08.896952,16,0,0,,False,retry_link;reminder;discount_offer;escalate_to_human;no_action,discount_offer,True,193.33,3.27,0
TXN002891,CUST01045,231,4193.48,0.5,418.67,1,33,323.13,payment_failed,otp_timeout,2026-07-13T17:45:02.102456,17,0,1,2026-07-13T04:48:27.136517,False,retry_link;reminder;discount_offer;escalate_to_human;no_action,reminder,True,323.13,5.0,1
TXN002892,CUST00204,686,4093.79,0.0,350.92,0,113,291.41,checkout_abandoned,bank_decline,2026-07-13T18:03:35.457124,18,0,0,,False,retry_link;reminder;discount_offer;escalate_to_human;no_action,discount_offer,False,0.0,,1
TXN002893,CUST01054,115,16838.96,0.0,104.58,0,99,116.92,checkout_abandoned,bank_decline,2026-07-13T18:53:48.585784,18,0,0,2026-06-09T19:13:49.919021,False,retry_link;reminder;discount_offer;escalate_to_human;no_action,escalate_to_human,False,0.0,,3
TXN002894,CUST00665,1042,5451.26,0.5,396.26,0,110,617.4,payment_failed,price_hesitation,2026-07-13T19:12:50.665242,19,0,0,,False,retry_link;reminder;discount_offer;escalate_to_human;no_action,escalate_to_human,True,617.4,8.22,0
TXN002895,CUST01234,955,6228.14,0.5,794.0,0,40,818.34,checkout_abandoned,otp_timeout,2026-07-13T19:48:16.184045,19,0,0,,False,retry_link;reminder;discount_offer;escalate_to_human;no_action,escalate_to_human,True,818.34,7.47,0
TXN002896,CUST01285,74,16897.92,0.333,887.91,1,39,1220.47,checkout_abandoned,bank_decline,2026-07-13T19:48:31.692158,19,0,0,2026-06-27T02:22:19.835307,False,retry_link;reminder;discount_offer;escalate_to_human;no_action,reminder,False,0.0,,2
TXN002897,CUST00613,578,6615.07,1.0,181.74,2,8,175.88,payment_failed,otp_timeout,2026-07-13T19:54:15.073679,19,0,0,2026-07-05T01:40:26.605677,False,retry_link;reminder;discount_offer;escalate_to_human;no_action,discount_offer,True,175.88,11.41,0
TXN002898,CUST00278,98,5675.08,0.5,237.73,0,13,287.74,payment_failed,bank_decline,2026-07-13T21:14:35.206508,21,0,0,,False,retry_link;reminder;discount_offer;escalate_to_human;no_action,no_action,False,0.0,,0
TXN002899,CUST01145,724,5842.75,0.0,153.07,0,66,90.05,payment_failed,price_hesitation,2026-07-13T21:21:57.365259,21,0,0,2026-06-03T16:29:03.213705,False,retry_link;reminder;discount_offer;escalate_to_human;no_action,retry_link,True,90.05,4.59,2
TXN002900,CUST00385,185,10623.2,1.0,192.77,1,24,256.08,payment_failed,gateway_error,2026-07-13T21:42:03.744727,21,0,0,2026-06-19T18:33:48.689224,False,retry_link;reminder;discount_offer;escalate_to_human;no_action,retry_link,True,256.08,7.87,0
TXN002901,CUST00965,882,9939.13,0.5,145.36,1,10,211.83,checkout_abandoned,price_hesitation,2026-07-13T21:44:03.103106,21,0,0,2026-07-09T09:07:20.519705,False,retry_link;reminder;discount_offer;escalate_to_human;no_action,no_action,False,0.0,,1
TXN002902,CUST00321,162,14346.82,0.0,421.84,0,88,370.44,checkout_abandoned,otp_timeout,2026-07-13T21:58:35.777076,21,0,0,2026-06-22T13:15:04.375994,False,retry_link;reminder;discount_offer;escalate_to_human;no_action,retry_link,True,370.44,2.34,3
TXN002903,CUST00875,757,8085.21,1.0,167.29,1,0,159.4,payment_failed,price_hesitation,2026-07-13T22:40:44.432639,22,0,0,,False,retry_link;reminder;discount_offer;escalate_to_human;no_action,discount_offer,True,159.4,6.55,0
TXN002904,CUST00788,817,44234.73,0.5,280.83,1,28,268.06,checkout_abandoned,insufficient_funds,2026-07-13T23:00:38.665288,23,0,0,2026-06-15T20:01:03.264580,False,retry_link;reminder;discount_offer;escalate_to_human;no_action,retry_link,False,0.0,,1
TXN002905,CUST01074,700,640.74,1.0,232.81,2,5,222.32,payment_failed,otp_timeout,2026-07-13T23:20:10.099850,23,0,0,2026-07-08T13:20:51.210578,False,retry_link;reminder;discount_offer;escalate_to_human;no_action,escalate_to_human,True,222.32,0.86,0
TXN002906,CUST00008,303,1402.24,0.5,1226.01,0,18,2007.29,checkout_abandoned,insufficient_funds,2026-07-13T23:23:49.506129,23,0,0,,False,retry_link;reminder;discount_offer;escalate_to_human;no_action,escalate_to_human,True,2007.29,2.9,0
TXN002907,CUST00479,164,1534.39,0.667,196.92,2,30,127.5,checkout_abandoned,bank_decline,2026-07-13T23:32:58.935540,23,0,0,2026-06-13T02:04:50.791106,False,retry_link;reminder;discount_offer;escalate_to_human;no_action,reminder,True,127.5,0.47,1
TXN002908,CUST01424,384,2227.36,0.333,280.23,1,10,449.83,payment_failed,price_hesitation,2026-07-13T23:39:18.160776,23,0,1,2026-07-13T14:09:36.573448,False,retry_link;reminder;discount_offer;escalate_to_human;no_action,escalate_to_human,True,449.83,17.37,2
TXN002909,CUST01075,246,3434.86,0.0,479.25,0,115,314.66,checkout_abandoned,price_hesitation,2026-07-13T23:50:59.369018,23,0,0,2026-06-17T01:37:12.274122,False,retry_link;reminder;discount_offer;escalate_to_human;no_action,reminder,False,0.0,,1
TXN002910,CUST01237,186,1309.02,0.5,187.56,1,33,272.41,payment_failed,insufficient_funds,2026-07-14T00:24:28.322866,0,1,0,2026-06-19T08:49:03.159545,False,retry_link;reminder;discount_offer;escalate_to_human;no_action,escalate_to_human,False,0.0,,1
TXN002911,CUST00077,341,15758.67,0.333,210.61,1,2,214.74,checkout_abandoned,insufficient_funds,2026-07-14T00:35:48.230872,0,1,0,2026-07-11T01:18:47.467370,False,retry_link;reminder;discount_offer;escalate_to_human;no_action,no_action,False,0.0,,2
TXN002912,CUST01149,1278,6368.55,0.5,355.96,0,50,496.89,payment_failed,otp_timeout,2026-07-14T00:40:21.814125,0,1,0,,False,retry_link;reminder;discount_offer;escalate_to_human;no_action,retry_link,False,0.0,,0
TXN002913,CUST00635,1028,8207.43,0.0,849.99,0,66,638.87,payment_failed,insufficient_funds,2026-07-14T00:46:33.051440,0,1,0,2026-06-07T18:48:19.601877,True,no_action,no_action,False,0.0,,4
TXN002914,CUST00479,164,1534.39,0.75,196.92,3,0,277.05,payment_failed,otp_timeout,2026-07-14T01:19:14.439350,1,1,1,2026-07-13T23:32:58.935540,False,retry_link;reminder;discount_offer;escalate_to_human;no_action,escalate_to_human,True,277.05,7.96,1
TXN002915,CUST00323,1374,5497.88,0.0,529.79,0,81,381.69,checkout_abandoned,price_hesitation,2026-07-14T01:29:24.943491,1,1,1,2026-07-13T03:41:56.138468,False,retry_link;reminder;discount_offer;escalate_to_human;no_action,no_action,False,0.0,,3
TXN002916,CUST01080,1380,4704.73,0.0,459.51,0,150,1522.81,payment_failed,otp_timeout,2026-07-14T01:47:41.546775,1,1,0,2026-06-09T23:04:33.907914,False,retry_link;reminder;discount_offer;escalate_to_human;no_action,escalate_to_human,True,1522.81,5.25,1
TXN002917,CUST00105,1180,5074.69,1.0,450.35,2,6,377.42,payment_failed,otp_timeout,2026-07-14T02:02:44.301085,2,1,0,2026-07-07T11:14:19.393847,False,retry_link;reminder;discount_offer;escalate_to_human;no_action,reminder,True,377.42,3.62,0
TXN002918,CUST01294,1427,28261.07,0.5,409.14,0,102,337.23,payment_failed,gateway_error,2026-07-14T02:04:06.239389,2,1,0,,False,retry_link;reminder;discount_offer;escalate_to_human;no_action,no_action,True,337.23,9.07,0
TXN002919,CUST00829,44,7593.59,0.5,775.99,2,9,584.83,payment_failed,bank_decline,2026-07-14T03:12:03.585045,3,1,0,2026-07-04T07:16:58.586592,False,retry_link;reminder;discount_offer;escalate_to_human;no_action,discount_offer,False,0.0,,2
TXN002920,CUST01248,488,3061.0,1.0,774.83,1,39,928.17,checkout_abandoned,price_hesitation,2026-07-14T03:12:16.569892,3,1,0,2026-06-04T09:34:34.736850,False,retry_link;reminder;discount_offer;escalate_to_human;no_action,discount_offer,True,928.17,0.42,0
TXN002921,CUST00332,465,5544.78,0.667,254.63,2,5,374.14,checkout_abandoned,gateway_error,2026-07-14T03:43:51.653554,3,1,0,2026-07-08T20:39:15.248725,False,retry_link;reminder;discount_offer;escalate_to_human;no_action,escalate_to_human,True,374.14,2.29,1
TXN002922,CUST00503,1301,11623.85,1.0,367.89,3,0,454.87,payment_failed,insufficient_funds,2026-07-14T03:46:23.094534,3,1,1,2026-07-13T14:15:25.119910,True,no_action,no_action,False,0.0,,0
TXN002923,CUST01497,1171,4412.16,0.5,431.37,0,92,274.6,payment_failed,price_hesitation,2026-07-14T03:50:53.715466,3,1,0,,False,retry_link;reminder;discount_offer;escalate_to_human;no_action,no_action,True,274.6,4.92,0
TXN002924,CUST01004,193,16985.07,1.0,384.93,2,26,402.52,payment_failed,gateway_error,2026-07-14T04:00:01.101558,4,1,0,2026-06-17T23:04:13.220030,False,retry_link;reminder;discount_offer;escalate_to_human;no_action,retry_link,False,0.0,,0
TXN002925,CUST00677,127,4020.86,0.2,346.25,1,33,194.08,payment_failed,insufficient_funds,2026-07-14T04:07:47.049978,4,1,0,2026-06-28T04:19:03.409503,False,retry_link;reminder;discount_offer;escalate_to_human;no_action,no_action,False,0.0,,4
TXN002926,CUST01282,590,7922.09,0.667,483.72,2,0,529.79,payment_failed,bank_decline,2026-07-14T04:17:34.117515,4,1,1,2026-07-13T13:31:47.933887,False,retry_link;reminder;discount_offer;escalate_to_human;no_action,discount_offer,False,0.0,,1
TXN002927,CUST00054,747,4980.37,0.0,356.42,0,105,451.88,payment_failed,bank_decline,2026-07-14T04:34:51.616708,4,1,0,,False,retry_link;reminder;discount_offer;escalate_to_human;no_action,no_action,False,0.0,,1
TXN002928,CUST00772,8,2478.0,0.5,318.8,1,18,260.91,payment_failed,otp_timeout,2026-07-14T05:40:23.872901,5,1,0,2026-06-26T04:25:24.800610,False,retry_link;reminder;discount_offer;escalate_to_human;no_action,no_action,True,260.91,1.07,1
TXN002929,CUST00686,610,6512.62,0.667,655.6,2,17,545.37,checkout_abandoned,gateway_error,2026-07-14T05:50:55.956482,5,1,0,2026-06-26T11:41:26.939021,False,retry_link;reminder;discount_offer;escalate_to_human;no_action,escalate_to_human,True,545.37,3.52,1
TXN002930,CUST00916,814,705.04,0.0,705.89,0,141,810.55,checkout_abandoned,bank_decline,2026-07-14T05:51:52.581211,5,1,0,2026-06-08T02:21:59.964037,True,no_action,no_action,False,0.0,,6
TXN002931,CUST01078,627,2644.35,1.0,253.45,6,5,147.95,payment_failed,price_hesitation,2026-07-14T06:19:05.847685,6,1,0,2026-07-08T09:17:48.282057,False,retry_link;reminder;discount_offer;escalate_to_human;no_action,discount_offer,True,147.95,0.9,0
TXN002932,CUST00214,1105,6909.01,0.5,285.55,1,24,1193.1,payment_failed,insufficient_funds,2026-07-14T06:32:23.686060,6,1,0,2026-06-19T07:25:12.793571,False,retry_link;reminder;discount_offer;escalate_to_human;no_action,discount_offer,True,1193.1,16.69,1
TXN002933,CUST00466,249,3470.95,0.5,115.14,0,16,133.71,checkout_abandoned,otp_timeout,2026-07-14T06:45:29.228233,6,1,0,,False,retry_link;reminder;discount_offer;escalate_to_human;no_action,discount_offer,True,133.71,9.61,0
TXN002934,CUST01004,193,16985.07,0.667,384.93,2,26,269.44,checkout_abandoned,insufficient_funds,2026-07-14T06:48:13.214065,6,1,1,2026-07-14T04:00:01.101558,False,retry_link;reminder;discount_offer;escalate_to_human;no_action,no_action,False,0.0,,1
TXN002935,CUST01189,11,7934.73,0.5,322.4,2,5,393.07,payment_failed,gateway_error,2026-07-14T06:48:57.568250,6,1,0,2026-07-09T04:00:05.338774,False,retry_link;reminder;discount_offer;escalate_to_human;no_action,reminder,True,393.07,2.0,2
TXN002936,CUST00362,335,7909.77,0.5,313.51,0,29,280.78,checkout_abandoned,bank_decline,2026-07-14T07:09:29.110216,7,1,0,,False,retry_link;reminder;discount_offer;escalate_to_human;no_action,escalate_to_human,True,280.78,0.37,0
TXN002937,CUST00158,758,4386.28,0.8,338.86,4,28,189.12,checkout_abandoned,insufficient_funds,2026-07-14T07:18:21.468107,7,1,0,2026-06-15T21:31:44.985286,False,retry_link;reminder;discount_offer;escalate_to_human;no_action,discount_offer,True,189.12,2.2,1
TXN002938,CUST01405,234,6078.42,1.0,1111.28,1,37,1363.78,checkout_abandoned,otp_timeout,2026-07-14T07:55:14.302960,7,1,0,2026-06-07T06:14:08.249256,False,retry_link;reminder;discount_offer;escalate_to_human;no_action,retry_link,True,1363.78,10.94,0
TXN002939,CUST00128,862,2257.49,0.333,813.4,1,43,972.94,checkout_abandoned,gateway_error,2026-07-14T08:16:04.093525,8,1,0,2026-07-01T13:21:06.437768,False,retry_link;reminder;discount_offer;escalate_to_human;no_action,discount_offer,True,972.94,0.14,2
TXN002940,CUST01380,1470,6518.01,0.5,590.49,0,22,481.83,checkout_abandoned,otp_timeout,2026-07-14T08:30:07.943328,8,1,0,,False,retry_link;reminder;discount_offer;escalate_to_human;no_action,no_action,False,0.0,,0
TXN002941,CUST00584,606,3728.6,0.5,197.69,0,115,214.63,checkout_abandoned,otp_timeout,2026-07-14T08:47:29.881923,8,1,0,,False,retry_link;reminder;discount_offer;escalate_to_human;no_action,discount_offer,False,0.0,,0
TXN002942,CUST00048,1017,1202.52,1.0,109.09,1,13,152.36,payment_failed,gateway_error,2026-07-14T08:57:57.479076,8,1,0,,False,retry_link;reminder;discount_offer;escalate_to_human;no_action,no_action,True,152.36,10.07,0
TXN002943,CUST01179,38,1505.21,0.0,245.52,0,97,372.96,checkout_abandoned,gateway_error,2026-07-14T09:12:26.135235,9,1,0,2026-07-05T02:47:59.517174,False,retry_link;reminder;discount_offer;escalate_to_human;no_action,no_action,False,0.0,,3
TXN002944,CUST00939,763,5661.72,0.0,217.25,0,105,223.33,checkout_abandoned,insufficient_funds,2026-07-14T09:32:13.775499,9,1,0,2026-06-25T11:04:46.953696,False,retry_link;reminder;discount_offer;escalate_to_human;no_action,discount_offer,True,223.33,5.22,3
TXN002945,CUST01157,1275,35947.18,1.0,279.35,1,1,313.96,checkout_abandoned,gateway_error,2026-07-14T09:59:59.827383,9,1,0,2026-07-13T03:00:47.582211,False,retry_link;reminder;discount_offer;escalate_to_human;no_action,discount_offer,True,313.96,2.01,0
TXN002946,CUST00593,1469,7664.46,0.667,239.78,2,11,278.8,checkout_abandoned,otp_timeout,2026-07-14T10:42:35.568014,10,1,0,2026-07-02T16:40:42.008916,False,retry_link;reminder;discount_offer;escalate_to_human;no_action,discount_offer,True,278.8,4.1,1
TXN002947,CUST00478,995,25170.06,0.0,418.19,0,86,643.06,payment_failed,bank_decline,2026-07-14T11:04:18.257520,11,1,0,,False,retry_link;reminder;discount_offer;escalate_to_human;no_action,no_action,False,0.0,,1
TXN002948,CUST00170,160,1965.81,0.0,101.85,0,71,76.21,payment_failed,insufficient_funds,2026-07-14T11:06:12.951537,11,1,0,2026-07-09T16:30:51.768294,False,retry_link;reminder;discount_offer;escalate_to_human;no_action,discount_offer,False,0.0,,3
TXN002949,CUST00644,1155,3236.81,0.0,172.15,0,137,155.17,payment_failed,insufficient_funds,2026-07-14T11:07:22.317854,11,1,0,2026-06-06T17:17:20.931748,True,no_action,no_action,False,0.0,,4
TXN002950,CUST00105,1180,5074.69,1.0,450.35,3,0,592.8,payment_failed,insufficient_funds,2026-07-14T11:14:21.982651,11,1,1,2026-07-14T02:02:44.301085,False,retry_link;reminder;discount_offer;escalate_to_human;no_action,retry_link,True,592.8,2.37,0
TXN002951,CUST00618,92,96937.34,1.0,677.09,2,37,1083.07,checkout_abandoned,price_hesitation,2026-07-14T11:23:34.948059,11,1,0,2026-06-07T02:35:24.904709,False,retry_link;reminder;discount_offer;escalate_to_human;no_action,reminder,False,0.0,,0
TXN002952,CUST01342,179,6635.23,0.25,155.46,1,11,119.02,payment_failed,insufficient_funds,2026-07-14T11:28:08.992073,11,1,0,2026-07-02T19:14:43.457219,False,retry_link;reminder;discount_offer;escalate_to_human;no_action,no_action,False,0.0,,3
TXN002953,CUST00998,1442,9575.09,0.5,1262.0,0,106,1226.09,payment_failed,gateway_error,2026-07-14T11:45:42.464412,11,1,0,,False,retry_link;reminder;discount_offer;escalate_to_human;no_action,escalate_to_human,True,1226.09,6.96,0
TXN002954,CUST00867,1257,13863.88,0.5,191.86,1,22,116.88,checkout_abandoned,otp_timeout,2026-07-14T11:58:16.414578,11,1,0,2026-06-21T14:14:46.709342,False,retry_link;reminder;discount_offer;escalate_to_human;no_action,no_action,False,0.0,,1
TXN002955,CUST01350,91,3373.25,0.333,510.52,1,30,365.53,payment_failed,otp_timeout,2026-07-14T12:00:06.291352,12,1,0,2026-06-03T11:02:02.070654,False,retry_link;reminder;discount_offer;escalate_to_human;no_action,discount_offer,True,365.53,6.26,2
TXN002956,CUST01423,1012,7582.98,1.0,223.98,2,6,146.66,payment_failed,price_hesitation,2026-07-14T12:06:44.368271,12,1,0,2026-07-08T05:06:03.967795,False,retry_link;reminder;discount_offer;escalate_to_human;no_action,no_action,False,0.0,,0
TXN002957,CUST01140,1321,10108.98,0.0,319.4,0,35,281.92,payment_failed,insufficient_funds,2026-07-14T12:09:52.615801,12,1,0,2026-06-20T06:08:06.498569,False,retry_link;reminder;discount_offer;escalate_to_human;no_action,reminder,False,0.0,,3
TXN002958,CUST01042,623,2457.52,1.0,402.75,2,32,821.45,checkout_abandoned,price_hesitation,2026-07-14T12:22:16.818026,12,1,0,2026-06-11T19:06:27.143537,False,retry_link;reminder;discount_offer;escalate_to_human;no_action,escalate_to_human,False,0.0,,0
TXN002959,CUST00427,1206,3220.62,0.5,242.7,1,9,157.12,payment_failed,insufficient_funds,2026-07-14T13:19:29.406471,13,1,0,2026-07-08T08:05:46.870357,False,retry_link;reminder;discount_offer;escalate_to_human;no_action,escalate_to_human,True,157.12,0.55,1
TXN002960,CUST00184,743,2478.9,0.0,196.46,0,119,295.51,checkout_abandoned,insufficient_funds,2026-07-14T13:26:18.593855,13,1,0,2026-06-28T21:31:22.571461,False,retry_link;reminder;discount_offer;escalate_to_human;no_action,retry_link,True,295.51,1.03,3
TXN002961,CUST00606,485,6783.36,0.667,997.54,2,28,612.27,payment_failed,gateway_error,2026-07-14T13:45:13.293597,13,1,0,2026-06-15T23:06:18.013985,False,retry_link;reminder;discount_offer;escalate_to_human;no_action,escalate_to_human,True,612.27,4.46,1
TXN002962,CUST01240,762,5888.48,0.0,351.11,0,113,347.14,payment_failed,insufficient_funds,2026-07-14T13:55:05.171089,13,1,0,2026-07-09T10:42:14.916649,False,retry_link;reminder;discount_offer;escalate_to_human;no_action,escalate_to_human,False,0.0,,2
TXN002963,CUST00281,730,2203.46,1.0,383.5,1,25,475.73,checkout_abandoned,otp_timeout,2026-07-14T14:24:06.695907,14,1,0,,False,retry_link;reminder;discount_offer;escalate_to_human;no_action,reminder,True,475.73,1.55,0
TXN002964,CUST01419,714,19634.16,0.667,147.28,2,16,115.93,payment_failed,bank_decline,2026-07-14T14:30:32.639554,14,1,0,2026-06-28T10:12:41.670414,True,no_action,no_action,False,0.0,,1
TXN002965,CUST00982,821,5741.99,0.25,274.86,1,29,258.56,checkout_abandoned,insufficient_funds,2026-07-14T14:42:50.059357,14,1,0,2026-07-12T08:47:58.806973,False,retry_link;reminder;discount_offer;escalate_to_human;no_action,retry_link,False,0.0,,3
TXN002966,CUST00868,670,1663.21,0.5,362.29,2,17,356.56,payment_failed,insufficient_funds,2026-07-14T15:03:29.081004,15,1,0,2026-06-26T06:14:27.384812,False,retry_link;reminder;discount_offer;escalate_to_human;no_action,retry_link,False,0.0,,2
TXN002967,CUST00070,1193,2163.09,1.0,431.81,2,14,732.75,payment_failed,bank_decline,2026-07-14T15:17:44.360748,15,1,0,2026-06-30T04:31:07.066981,False,retry_link;reminder;discount_offer;escalate_to_human;no_action,reminder,False,0.0,,0
TXN002968,CUST00806,817,18368.12,0.0,513.6,0,103,411.62,payment_failed,insufficient_funds,2026-07-14T15:58:36.375625,15,1,0,2026-07-07T05:01:03.254461,False,retry_link;reminder;discount_offer;escalate_to_human;no_action,escalate_to_human,True,411.62,12.37,3
TXN002969,CUST00049,1167,31256.99,0.667,251.32,2,19,231.52,checkout_abandoned,price_hesitation,2026-07-14T16:06:21.275018,16,1,0,2026-06-25T02:22:49.911759,False,retry_link;reminder;discount_offer;escalate_to_human;no_action,discount_offer,True,231.52,1.85,1
TXN002970,CUST00780,1317,2636.15,0.5,698.83,0,58,779.4,checkout_abandoned,bank_decline,2026-07-14T17:20:36.502840,17,1,0,,False,retry_link;reminder;discount_offer;escalate_to_human;no_action,reminder,False,0.0,,0
TXN002971,CUST00141,322,1005.73,0.0,181.49,0,109,167.9,payment_failed,otp_timeout,2026-07-14T17:24:57.657182,17,1,0,,False,retry_link;reminder;discount_offer;escalate_to_human;no_action,retry_link,True,167.9,17.37,1
TXN002972,CUST01036,1354,32239.2,1.0,223.97,2,30,239.2,payment_failed,insufficient_funds,2026-07-14T18:09:54.673087,18,1,0,2026-06-06T10:15:36.397113,False,retry_link;reminder;discount_offer;escalate_to_human;no_action,discount_offer,True,239.2,4.27,0
TXN002973,CUST01146,797,3905.2,0.0,336.3,0,158,401.05,payment_failed,insufficient_funds,2026-07-14T19:26:07.594655,19,1,0,,True,no_action,no_action,False,0.0,,1
TXN002974,CUST00739,1347,7281.2,0.0,1064.83,0,51,816.7,payment_failed,bank_decline,2026-07-14T19:31:19.554402,19,1,0,2026-06-19T19:28:50.856694,False,retry_link;reminder;discount_offer;escalate_to_human;no_action,no_action,False,0.0,,1
TXN002975,CUST00027,1234,8672.63,1.0,211.29,1,22,246.46,checkout_abandoned,gateway_error,2026-07-14T20:34:48.214623,20,1,0,2026-06-22T02:07:13.019831,False,retry_link;reminder;discount_offer;escalate_to_human;no_action,discount_offer,True,246.46,2.75,0
TXN002976,CUST00852,1444,7155.66,0.5,128.68,0,92,232.29,payment_failed,gateway_error,2026-07-14T21:07:33.857353,21,1,0,,False,retry_link;reminder;discount_offer;escalate_to_human;no_action,escalate_to_human,True,232.29,3.43,0
TXN002977,CUST01120,21,2575.88,0.5,268.03,0,18,391.21,checkout_abandoned,otp_timeout,2026-07-14T21:44:43.565376,21,1,0,,False,retry_link;reminder;discount_offer;escalate_to_human;no_action,retry_link,True,391.21,4.31,0
TXN002978,CUST00248,1180,13585.98,1.0,491.36,3,10,364.05,checkout_abandoned,otp_timeout,2026-07-14T21:50:13.903334,21,1,0,2026-07-04T16:27:33.720314,False,retry_link;reminder;discount_offer;escalate_to_human;no_action,no_action,False,0.0,,0
TXN002979,CUST00477,27,1773.68,0.4,360.46,2,23,252.2,payment_failed,bank_decline,2026-07-14T22:12:02.921379,22,1,0,2026-06-21T08:03:16.763670,True,no_action,no_action,False,0.0,,3
TXN002980,CUST01222,1442,1273.21,0.0,343.23,0,67,473.23,payment_failed,gateway_error,2026-07-14T22:12:28.891022,22,1,0,2026-07-13T02:44:09.122714,False,retry_link;reminder;discount_offer;escalate_to_human;no_action,discount_offer,True,473.23,12.41,1
TXN002981,CUST00545,81,4328.39,0.0,217.8,0,102,183.71,checkout_abandoned,bank_decline,2026-07-14T22:36:31.445136,22,1,0,2026-07-10T19:26:51.141969,False,retry_link;reminder;discount_offer;escalate_to_human;no_action,retry_link,False,0.0,,2
TXN002982,CUST00467,894,7345.92,0.2,286.04,1,29,426.98,payment_failed,bank_decline,2026-07-14T22:48:02.139301,22,1,0,2026-06-30T20:24:51.327056,False,retry_link;reminder;discount_offer;escalate_to_human;no_action,retry_link,False,0.0,,4
TXN002983,CUST00676,871,9536.84,0.0,594.25,0,143,446.13,payment_failed,otp_timeout,2026-07-14T23:36:00.498372,23,1,0,2026-06-20T19:55:52.307027,True,no_action,no_action,False,0.0,,3
TXN002984,CUST00085,1050,16481.23,0.0,245.69,0,75,192.5,payment_failed,insufficient_funds,2026-07-14T23:40:17.895540,23,1,0,2026-06-21T16:49:09.613172,False,retry_link;reminder;discount_offer;escalate_to_human;no_action,retry_link,False,0.0,,3
TXN002985,CUST00957,952,7339.14,0.5,367.33,0,118,438.85,payment_failed,insufficient_funds,2026-07-14T23:58:12.027116,23,1,0,,False,retry_link;reminder;discount_offer;escalate_to_human;no_action,reminder,True,438.85,0.33,0
TXN002986,CUST01421,1492,3410.5,0.0,896.83,0,84,547.79,payment_failed,otp_timeout,2026-07-15T01:25:50.806050,1,2,0,2026-07-02T02:16:52.472552,False,retry_link;reminder;discount_offer;escalate_to_human;no_action,retry_link,False,0.0,,7
TXN002987,CUST00006,129,6706.59,1.0,361.61,1,7,327.64,checkout_abandoned,insufficient_funds,2026-07-15T01:27:28.324358,1,2,0,2026-07-07T12:34:37.656093,False,retry_link;reminder;discount_offer;escalate_to_human;no_action,no_action,False,0.0,,0
TXN002988,CUST01360,124,7692.42,0.5,486.39,2,18,672.55,checkout_abandoned,price_hesitation,2026-07-15T01:58:19.897816,1,2,0,2026-07-02T15:44:21.368221,False,retry_link;reminder;discount_offer;escalate_to_human;no_action,no_action,True,672.55,0.1,2
TXN002989,CUST00591,1354,11908.73,0.5,265.43,1,20,358.34,payment_failed,otp_timeout,2026-07-15T02:01:00.628522,2,2,0,2026-06-24T16:49:09.485926,False,retry_link;reminder;discount_offer;escalate_to_human;no_action,escalate_to_human,False,0.0,,1
TXN002990,CUST00233,1138,1368.31,0.0,201.03,0,129,253.07,checkout_abandoned,price_hesitation,2026-07-15T02:43:14.435297,2,2,0,2026-06-29T03:15:59.799344,False,retry_link;reminder;discount_offer;escalate_to_human;no_action,no_action,False,0.0,,4
TXN002991,CUST00567,374,4790.75,0.4,319.3,2,26,387.04,payment_failed,insufficient_funds,2026-07-15T03:05:06.408260,3,2,0,2026-07-10T15:07:04.243609,False,retry_link;reminder;discount_offer;escalate_to_human;no_action,retry_link,False,0.0,,3
TXN002992,CUST01436,641,7085.36,0.5,287.23,2,26,261.09,payment_failed,insufficient_funds,2026-07-15T03:08:01.410843,3,2,0,2026-06-19T01:05:50.975946,False,retry_link;reminder;discount_offer;escalate_to_human;no_action,escalate_to_human,True,261.09,2.49,2
TXN002993,CUST00399,466,1656.58,1.0,892.86,2,1,684.69,payment_failed,insufficient_funds,2026-07-15T03:11:05.806994,3,2,0,2026-07-13T07:12:42.906063,False,retry_link;reminder;discount_offer;escalate_to_human;no_action,reminder,True,684.69,12.32,0
TXN002994,CUST00806,817,18368.12,0.25,513.6,1,0,665.81,payment_failed,bank_decline,2026-07-15T03:34:56.773362,3,2,1,2026-07-14T15:58:36.375625,False,retry_link;reminder;discount_offer;escalate_to_human;no_action,discount_offer,False,0.0,,3
TXN002995,CUST01214,112,1113.09,0.0,153.31,0,117,90.06,payment_failed,gateway_error,2026-07-15T03:55:56.316730,3,2,0,,False,retry_link;reminder;discount_offer;escalate_to_human;no_action,discount_offer,False,0.0,,1
TXN002996,CUST00515,158,2055.39,0.5,259.39,0,36,587.25,payment_failed,otp_timeout,2026-07-15T03:59:08.097592,3,2,0,,False,retry_link;reminder;discount_offer;escalate_to_human;no_action,discount_offer,True,587.25,2.12,0
TXN002997,CUST00028,818,3265.32,0.0,319.63,0,65,341.8,payment_failed,bank_decline,2026-07-15T03:59:53.706090,3,2,0,2026-07-10T20:42:48.068241,False,retry_link;reminder;discount_offer;escalate_to_human;no_action,no_action,False,0.0,,3
TXN002998,CUST00034,1331,35020.37,0.5,614.17,0,97,1236.87,payment_failed,gateway_error,2026-07-15T04:46:36.791790,4,2,0,,False,retry_link;reminder;discount_offer;escalate_to_human;no_action,discount_offer,True,1236.87,10.86,0
TXN002999,CUST01118,1085,24986.9,0.0,172.88,0,54,111.19,payment_failed,price_hesitation,2026-07-15T04:48:15.566161,4,2,0,2026-06-27T00:07:33.593193,False,retry_link;reminder;discount_offer;escalate_to_human;no_action,reminder,False,0.0,,1
TXN003000,CUST01440,1169,2769.18,0.667,333.26,2,2,241.24,payment_failed,otp_timeout,2026-07-15T05:01:42.167002,5,2,0,2026-07-13T03:12:52.187014,False,retry_link;reminder;discount_offer;escalate_to_human;no_action,escalate_to_human,False,0.0,,1
TXN003001,CUST01297,1016,2377.18,0.5,318.6,0,42,522.88,payment_failed,insufficient_funds,2026-07-15T05:06:46.168611,5,2,0,,False,retry_link;reminder;discount_offer;escalate_to_human;no_action,escalate_to_human,True,522.88,5.9,0
TXN003002,CUST01108,1411,1874.84,1.0,220.45,1,26,162.58,payment_failed,otp_timeout,2026-07-15T05:14:56.070400,5,2,0,2026-06-19T02:28:03.779728,False,retry_link;reminder;discount_offer;escalate_to_human;no_action,escalate_to_human,True,162.58,10.78,0
TXN003003,CUST00349,247,4513.86,0.0,437.74,0,91,290.14,checkout_abandoned,price_hesitation,2026-07-15T05:51:26.501572,5,2,0,,True,no_action,no_action,False,0.0,,2
TXN003004,CUST00523,1237,2740.58,0.5,113.77,0,8,107.42,checkout_abandoned,insufficient_funds,2026-07-15T05:57:20.956048,5,2,0,,False,retry_link;reminder;discount_offer;escalate_to_human;no_action,reminder,False,0.0,,0
TXN003005,CUST00682,1439,3926.58,0.0,609.56,0,107,1004.78,payment_failed,insufficient_funds,2026-07-15T06:22:01.383195,6,2,0,2026-06-21T04:12:38.299332,False,retry_link;reminder;discount_offer;escalate_to_human;no_action,escalate_to_human,False,0.0,,1
TXN003006,CUST00809,1495,9691.55,1.0,389.08,2,25,526.94,checkout_abandoned,otp_timeout,2026-07-15T06:28:21.279261,6,2,0,2026-06-19T10:07:00.395936,False,retry_link;reminder;discount_offer;escalate_to_human;no_action,reminder,True,526.94,10.96,0
TXN003007,CUST00731,628,8611.8,1.0,519.53,1,37,561.63,checkout_abandoned,gateway_error,2026-07-15T06:43:55.948336,6,2,0,,False,retry_link;reminder;discount_offer;escalate_to_human;no_action,escalate_to_human,True,561.63,0.82,0
TXN003008,CUST00131,830,2867.73,0.5,479.6,1,8,501.78,payment_failed,price_hesitation,2026-07-15T07:37:39.900909,7,2,0,2026-07-07T06:11:48.978152,False,retry_link;reminder;discount_offer;escalate_to_human;no_action,no_action,False,0.0,,1
TXN003009,CUST00580,140,5212.58,1.0,282.66,2,26,209.96,checkout_abandoned,otp_timeout,2026-07-15T08:21:01.555936,8,2,0,2026-06-18T20:40:47.719190,False,retry_link;reminder;discount_offer;escalate_to_human;no_action,escalate_to_human,True,209.96,0.14,0
TXN003010,CUST01208,427,12744.41,1.0,1018.7,1,15,733.68,checkout_abandoned,gateway_error,2026-07-15T08:52:32.662816,8,2,0,2026-06-29T13:35:04.778248,False,retry_link;reminder;discount_offer;escalate_to_human;no_action,discount_offer,True,733.68,0.78,0
TXN003011,CUST00771,1479,4793.64,0.333,876.94,1,18,968.49,payment_failed,bank_decline,2026-07-15T09:00:34.175327,9,2,0,2026-06-23T04:26:53.458422,True,no_action,no_action,False,0.0,,2
TXN003012,CUST00725,176,6761.8,0.0,378.53,0,122,409.48,checkout_abandoned,insufficient_funds,2026-07-15T09:23:42.852146,9,2,0,2026-06-30T13:32:55.383439,False,retry_link;reminder;discount_offer;escalate_to_human;no_action,discount_offer,False,0.0,,2
TXN003013,CUST00728,732,3507.92,0.5,510.62,0,54,817.17,payment_failed,bank_decline,2026-07-15T09:43:53.428792,9,2,0,,False,retry_link;reminder;discount_offer;escalate_to_human;no_action,retry_link,True,817.17,6.38,0
TXN003014,CUST00916,814,705.04,0.0,705.89,0,142,1254.77,payment_failed,insufficient_funds,2026-07-15T09:59:14.151163,9,2,0,2026-06-08T02:21:59.964037,True,no_action,no_action,False,0.0,,7
TXN003015,CUST01051,548,5319.95,0.333,271.58,1,19,357.01,payment_failed,insufficient_funds,2026-07-15T10:37:26.864513,10,2,0,2026-07-01T07:41:21.684617,False,retry_link;reminder;discount_offer;escalate_to_human;no_action,escalate_to_human,False,0.0,,2
TXN003016,CUST00655,799,7339.22,0.4,100.0,2,12,75.21,payment_failed,insufficient_funds,2026-07-15T11:33:04.790061,11,2,0,2026-07-11T00:29:53.642261,False,retry_link;reminder;discount_offer;escalate_to_human;no_action,reminder,False,0.0,,3
TXN003017,CUST00983,972,380.73,0.667,640.79,2,4,352.15,payment_failed,bank_decline,2026-07-15T11:48:59.755888,11,2,0,2026-07-11T03:10:47.039057,False,retry_link;reminder;discount_offer;escalate_to_human;no_action,no_action,False,0.0,,1
TXN003018,CUST01333,1211,113912.09,0.0,118.81,0,49,88.2,payment_failed,insufficient_funds,2026-07-15T12:42:17.754409,12,2,0,,False,retry_link;reminder;discount_offer;escalate_to_human;no_action,retry_link,False,0.0,,1
TXN003019,CUST01441,769,1740.02,0.0,420.51,0,110,343.12,payment_failed,insufficient_funds,2026-07-15T12:59:50.821575,12,2,0,2026-06-09T21:34:36.788397,True,no_action,no_action,False,0.0,,4
TXN003020,CUST00654,830,4785.15,0.5,354.32,0,64,274.87,payment_failed,otp_timeout,2026-07-15T13:13:49.348328,13,2,0,,False,retry_link;reminder;discount_offer;escalate_to_human;no_action,no_action,True,274.87,0.72,0
TXN003021,CUST00265,872,9849.54,0.0,308.4,0,111,229.68,checkout_abandoned,otp_timeout,2026-07-15T13:58:44.264909,13,2,0,2026-07-04T23:57:55.637212,False,retry_link;reminder;discount_offer;escalate_to_human;no_action,retry_link,True,229.68,0.67,1
TXN003022,CUST00927,452,17791.78,0.5,308.48,0,107,199.49,checkout_abandoned,bank_decline,2026-07-15T14:10:24.802485,14,2,0,,False,retry_link;reminder;discount_offer;escalate_to_human;no_action,escalate_to_human,False,0.0,,0
TXN003023,CUST00537,174,4710.78,0.0,403.0,0,73,432.88,payment_failed,price_hesitation,2026-07-15T15:33:58.483809,15,2,0,,False,retry_link;reminder;discount_offer;escalate_to_human;no_action,no_action,False,0.0,,1
TXN003024,CUST00314,366,2749.82,0.0,297.38,0,16,212.84,payment_failed,insufficient_funds,2026-07-15T15:36:41.847749,15,2,0,2026-07-06T16:07:56.389783,False,retry_link;reminder;discount_offer;escalate_to_human;no_action,discount_offer,False,0.0,,1
TXN003025,CUST00957,952,7339.14,1.0,367.33,1,0,257.02,checkout_abandoned,bank_decline,2026-07-15T15:46:07.014856,15,2,1,2026-07-14T23:58:12.027116,False,retry_link;reminder;discount_offer;escalate_to_human;no_action,discount_offer,False,0.0,,0
TXN003026,CUST01313,1280,3176.05,0.5,407.96,1,24,245.7,payment_failed,price_hesitation,2026-07-15T15:54:11.929453,15,2,0,2026-06-16T07:16:00.530851,False,retry_link;reminder;discount_offer;escalate_to_human;no_action,reminder,False,0.0,,1
TXN003027,CUST01398,38,6226.74,0.4,407.04,2,12,549.68,payment_failed,price_hesitation,2026-07-15T16:03:20.943181,16,2,0,2026-07-07T13:10:54.759938,False,retry_link;reminder;discount_offer;escalate_to_human;no_action,discount_offer,False,0.0,,3
TXN003028,CUST00824,935,22031.65,0.5,372.6,0,93,378.7,checkout_abandoned,gateway_error,2026-07-15T16:12:15.230309,16,2,0,,False,retry_link;reminder;discount_offer;escalate_to_human;no_action,retry_link,True,378.7,8.67,0
TXN003029,CUST01172,587,1407.24,0.0,204.91,0,67,257.02,checkout_abandoned,gateway_error,2026-07-15T16:17:48.553121,16,2,0,,False,retry_link;reminder;discount_offer;escalate_to_human;no_action,discount_offer,False,0.0,,1
TXN003030,CUST01099,651,3688.92,0.25,525.49,1,14,685.8,checkout_abandoned,gateway_error,2026-07-15T17:04:02.950700,17,2,0,2026-07-07T15:06:43.391942,False,retry_link;reminder;discount_offer;escalate_to_human;no_action,retry_link,False,0.0,,3
TXN003031,CUST00790,144,5295.99,0.5,1360.85,1,40,2007.65,payment_failed,insufficient_funds,2026-07-15T17:37:16.932869,17,2,0,2026-06-05T14:25:08.359084,False,retry_link;reminder;discount_offer;escalate_to_human;no_action,retry_link,False,0.0,,1
TXN003032,CUST01300,1139,4994.78,1.0,213.49,1,20,310.87,checkout_abandoned,otp_timeout,2026-07-15T18:26:38.987049,18,2,0,2026-06-24T19:44:58.390119,False,retry_link;reminder;discount_offer;escalate_to_human;no_action,reminder,True,310.87,1.64,0
TXN003033,CUST00641,1374,13466.26,1.0,482.86,1,18,796.67,payment_failed,insufficient_funds,2026-07-15T18:38:45.228318,18,2,0,2026-06-27T00:38:43.176915,False,retry_link;reminder;discount_offer;escalate_to_human;no_action,reminder,True,796.67,5.7,0
TXN003034,CUST01483,168,9559.31,0.5,206.7,1,35,212.47,payment_failed,gateway_error,2026-07-15T19:47:43.181019,19,2,0,2026-07-12T17:34:46.367822,False,retry_link;reminder;discount_offer;escalate_to_human;no_action,escalate_to_human,True,212.47,12.33,1
TXN003035,CUST01159,511,821.64,0.0,279.54,0,145,372.63,checkout_abandoned,bank_decline,2026-07-15T20:05:33.368695,20,2,0,2026-07-06T01:40:03.603156,False,retry_link;reminder;discount_offer;escalate_to_human;no_action,reminder,False,0.0,,4
TXN003036,CUST00848,1230,10967.45,0.0,1148.29,0,148,1187.33,payment_failed,gateway_error,2026-07-15T20:19:27.824921,20,2,0,,True,no_action,no_action,False,0.0,,1
TXN003037,CUST00664,896,715.29,0.5,329.92,1,44,298.92,checkout_abandoned,insufficient_funds,2026-07-15T21:07:11.035672,21,2,0,2026-06-01T14:38:46.266986,False,retry_link;reminder;discount_offer;escalate_to_human;no_action,discount_offer,True,298.92,23.67,1
TXN003038,CUST00389,230,12385.01,0.8,148.63,4,3,149.66,payment_failed,gateway_error,2026-07-15T21:34:40.153804,21,2,0,2026-07-12T20:58:49.449270,False,retry_link;reminder;discount_offer;escalate_to_human;no_action,escalate_to_human,False,0.0,,1
TXN003039,CUST01323,1329,2122.22,0.0,421.04,0,122,528.99,payment_failed,gateway_error,2026-07-15T21:58:17.882217,21,2,0,2026-07-13T02:37:56.838327,False,retry_link;reminder;discount_offer;escalate_to_human;no_action,discount_offer,False,0.0,,4
TXN003040,CUST00172,1157,3136.22,0.0,122.01,0,49,77.27,payment_failed,price_hesitation,2026-07-15T22:27:27.003347,22,2,0,2026-06-26T12:34:16.959266,False,retry_link;reminder;discount_offer;escalate_to_human;no_action,discount_offer,False,0.0,,5
TXN003041,CUST00677,127,4020.86,0.167,346.25,1,35,198.97,checkout_abandoned,otp_timeout,2026-07-15T23:10:47.142903,23,2,0,2026-06-28T04:19:03.409503,False,retry_link;reminder;discount_offer;escalate_to_human;no_action,no_action,False,0.0,,5
TXN003042,CUST01254,975,1125.08,0.0,150.59,0,124,64.7,payment_failed,price_hesitation,2026-07-15T23:15:36.882567,23,2,0,2026-06-05T06:14:37.015834,False,retry_link;reminder;discount_offer;escalate_to_human;no_action,discount_offer,True,64.7,4.06,1
TXN003043,CUST00964,1423,2432.19,0.5,499.72,0,85,582.91,payment_failed,bank_decline,2026-07-15T23:17:25.003910,23,2,0,,False,retry_link;reminder;discount_offer;escalate_to_human;no_action,no_action,True,582.91,3.75,0
TXN003044,CUST00210,392,4947.4,1.0,132.51,1,14,195.61,checkout_abandoned,insufficient_funds,2026-07-15T23:22:33.578847,23,2,0,2026-07-01T15:50:56.407581,False,retry_link;reminder;discount_offer;escalate_to_human;no_action,reminder,False,0.0,,0
TXN003045,CUST01434,479,6290.07,0.0,480.09,0,83,469.94,payment_failed,price_hesitation,2026-07-15T23:29:23.642577,23,2,0,2026-07-11T13:58:12.376160,False,retry_link;reminder;discount_offer;escalate_to_human;no_action,no_action,False,0.0,,1
TXN003046,CUST01335,1498,9334.0,1.0,283.83,1,38,264.3,checkout_abandoned,price_hesitation,2026-07-16T00:10:59.278260,0,3,0,2026-06-07T11:09:34.705930,False,retry_link;reminder;discount_offer;escalate_to_human;no_action,escalate_to_human,False,0.0,,0
TXN003047,CUST01019,174,5555.18,0.5,165.51,1,41,129.48,payment_failed,gateway_error,2026-07-16T00:13:03.712931,0,3,0,2026-06-29T03:23:37.468795,False,retry_link;reminder;discount_offer;escalate_to_human;no_action,escalate_to_human,True,129.48,1.18,1
TXN003048,CUST00068,115,1494.18,0.0,591.47,0,99,356.22,payment_failed,otp_timeout,2026-07-16T01:03:28.926132,1,3,0,,False,retry_link;reminder;discount_offer;escalate_to_human;no_action,no_action,True,356.22,0.54,1
TXN003049,CUST00649,1272,14122.85,0.75,465.61,3,5,946.31,payment_failed,gateway_error,2026-07-16T01:11:46.867085,1,3,0,2026-07-10T02:29:51.518417,False,retry_link;reminder;discount_offer;escalate_to_human;no_action,reminder,True,946.31,3.03,1
TXN003050,CUST00875,757,8085.21,1.0,167.29,2,2,113.43,checkout_abandoned,bank_decline,2026-07-16T01:18:41.090555,1,3,0,2026-07-13T22:40:44.432639,False,retry_link;reminder;discount_offer;escalate_to_human;no_action,no_action,True,113.43,0.37,0
TXN003051,CUST00003,658,947.38,0.5,205.12,0,31,112.32,checkout_abandoned,gateway_error,2026-07-16T01:27:45.431064,1,3,0,,False,retry_link;reminder;discount_offer;escalate_to_human;no_action,retry_link,True,112.32,2.48,0
TXN003052,CUST00687,890,10066.04,1.0,334.29,2,17,398.05,payment_failed,bank_decline,2026-07-16T01:55:39.880657,1,3,0,2026-06-28T04:49:53.933128,False,retry_link;reminder;discount_offer;escalate_to_human;no_action,retry_link,True,398.05,2.43,0
TXN003053,CUST01472,674,1637.52,0.5,103.21,1,41,94.55,checkout_abandoned,gateway_error,2026-07-16T02:02:30.133046,2,3,0,2026-07-01T05:21:33.671334,False,retry_link;reminder;discount_offer;escalate_to_human;no_action,escalate_to_human,False,0.0,,1
TXN003054,CUST00870,684,1069.46,0.5,694.29,0,104,318.66,payment_failed,gateway_error,2026-07-16T02:06:33.596653,2,3,0,,False,retry_link;reminder;discount_offer;escalate_to_human;no_action,reminder,True,318.66,11.44,0
TXN003055,CUST00544,1246,4654.01,0.0,238.6,0,116,202.88,payment_failed,insufficient_funds,2026-07-16T02:07:42.858055,2,3,0,2026-07-05T19:52:38.930904,False,retry_link;reminder;discount_offer;escalate_to_human;no_action,escalate_to_human,False,0.0,,5
TXN003056,CUST01435,153,9519.1,0.0,406.98,0,14,488.32,payment_failed,price_hesitation,2026-07-16T04:18:19.203414,4,3,0,2026-07-07T15:32:23.492038,False,retry_link;reminder;discount_offer;escalate_to_human;no_action,discount_offer,False,0.0,,1
TXN003057,CUST00855,1274,1225.83,0.0,197.49,0,45,201.66,checkout_abandoned,price_hesitation,2026-07-16T04:28:27.333896,4,3,0,2026-06-25T01:32:55.959266,False,retry_link;reminder;discount_offer;escalate_to_human;no_action,escalate_to_human,True,201.66,3.83,1
TXN003058,CUST00995,939,5649.13,0.75,436.94,3,30,826.48,payment_failed,otp_timeout,2026-07-16T04:33:44.909983,4,3,0,2026-06-15T05:39:40.806148,False,retry_link;reminder;discount_offer;escalate_to_human;no_action,reminder,True,826.48,2.92,1
TXN003059,CUST01043,559,1536.3,0.5,868.83,0,76,760.73,checkout_abandoned,price_hesitation,2026-07-16T05:27:01.255098,5,3,0,,False,retry_link;reminder;discount_offer;escalate_to_human;no_action,retry_link,True,760.73,4.62,0
TXN003060,CUST01392,1476,13391.32,0.667,233.3,2,26,370.04,checkout_abandoned,bank_decline,2026-07-16T05:58:45.720371,5,3,0,2026-06-19T15:14:49.425113,False,retry_link;reminder;discount_offer;escalate_to_human;no_action,reminder,False,0.0,,1
TXN003061,CUST00305,211,3291.56,0.0,497.42,0,143,578.03,payment_failed,otp_timeout,2026-07-16T06:19:32.895835,6,3,0,2026-07-11T11:34:01.886247,False,retry_link;reminder;discount_offer;escalate_to_human;no_action,discount_offer,False,0.0,,2
TXN003062,CUST00571,624,3032.19,0.0,309.48,0,89,345.85,checkout_abandoned,insufficient_funds,2026-07-16T06:35:16.950429,6,3,0,2026-07-06T16:36:38.898498,False,retry_link;reminder;discount_offer;escalate_to_human;no_action,discount_offer,False,0.0,,3
TXN003063,CUST00679,1403,1042.31,0.5,536.53,1,5,863.84,payment_failed,price_hesitation,2026-07-16T06:48:20.118032,6,3,0,2026-07-10T07:47:14.033046,False,retry_link;reminder;discount_offer;escalate_to_human;no_action,discount_offer,True,863.84,1.27,1
TXN003064,CUST00633,569,7243.72,0.667,382.24,2,23,319.15,payment_failed,insufficient_funds,2026-07-16T07:05:54.272894,7,3,0,2026-06-23T00:53:59.727646,True,no_action,no_action,False,0.0,,1
TXN003065,CUST01354,330,5229.89,1.0,229.29,1,30,162.97,checkout_abandoned,gateway_error,2026-07-16T07:26:11.236111,7,3,0,2026-06-15T22:35:33.484826,False,retry_link;reminder;discount_offer;escalate_to_human;no_action,reminder,True,162.97,1.22,0
TXN003066,CUST00334,690,1080.26,1.0,417.14,1,37,492.23,payment_failed,gateway_error,2026-07-16T07:32:03.051790,7,3,0,2026-06-08T08:36:20.522155,False,retry_link;reminder;discount_offer;escalate_to_human;no_action,escalate_to_human,True,492.23,0.95,0
TXN003067,CUST00062,550,35501.04,0.0,640.96,0,53,541.78,payment_failed,insufficient_funds,2026-07-16T08:42:36.121433,8,3,0,,True,no_action,no_action,False,0.0,,3
TXN003068,CUST00546,644,1959.29,0.5,110.74,2,19,123.35,payment_failed,insufficient_funds,2026-07-16T09:06:21.650272,9,3,0,2026-07-11T09:43:34.350621,False,retry_link;reminder;discount_offer;escalate_to_human;no_action,escalate_to_human,True,123.35,16.94,2
TXN003069,CUST00953,642,8062.85,1.0,338.18,1,36,442.61,payment_failed,bank_decline,2026-07-16T09:40:23.140653,9,3,0,2026-06-09T19:04:41.621446,False,retry_link;reminder;discount_offer;escalate_to_human;no_action,retry_link,False,0.0,,0
TXN003070,CUST00656,1149,9060.53,0.25,149.41,1,8,106.21,payment_failed,insufficient_funds,2026-07-16T10:08:15.105699,10,3,0,2026-07-07T20:17:13.408917,False,retry_link;reminder;discount_offer;escalate_to_human;no_action,reminder,False,0.0,,3
TXN003071,CUST00906,617,372.89,0.5,321.95,1,13,430.69,checkout_abandoned,price_hesitation,2026-07-16T10:10:00.587609,10,3,0,2026-07-02T16:22:21.980704,False,retry_link;reminder;discount_offer;escalate_to_human;no_action,retry_link,False,0.0,,1
TXN003072,CUST00943,711,35529.42,0.143,495.7,1,19,628.38,payment_failed,gateway_error,2026-07-16T10:16:14.119353,10,3,0,2026-07-07T11:49:12.922615,False,retry_link;reminder;discount_offer;escalate_to_human;no_action,retry_link,True,628.38,4.98,6
TXN003073,CUST01051,548,5319.95,0.25,271.58,1,20,170.93,checkout_abandoned,insufficient_funds,2026-07-16T11:02:04.361847,11,3,0,2026-07-15T10:37:26.864513,False,retry_link;reminder;discount_offer;escalate_to_human;no_action,retry_link,False,0.0,,3
TXN003074,CUST00762,1423,5574.97,1.0,293.72,1,28,188.06,payment_failed,insufficient_funds,2026-07-16T11:25:28.337469,11,3,0,2026-06-17T13:38:29.078592,False,retry_link;reminder;discount_offer;escalate_to_human;no_action,escalate_to_human,True,188.06,11.07,0
TXN003075,CUST00303,1344,9679.33,0.0,112.14,0,151,118.11,payment_failed,gateway_error,2026-07-16T11:39:27.590873,11,3,0,,True,no_action,no_action,False,0.0,,2
TXN003076,CUST01219,660,2034.94,0.333,1048.39,1,32,967.74,payment_failed,insufficient_funds,2026-07-16T13:24:31.734096,13,3,0,2026-07-11T05:50:27.522762,False,retry_link;reminder;discount_offer;escalate_to_human;no_action,no_action,False,0.0,,2
TXN003077,CUST01439,1433,2168.42,0.333,331.15,1,5,182.2,checkout_abandoned,price_hesitation,2026-07-16T13:26:02.641885,13,3,0,2026-07-11T13:14:15.650671,False,retry_link;reminder;discount_offer;escalate_to_human;no_action,escalate_to_human,False,0.0,,2
TXN003078,CUST00025,966,13683.17,0.5,227.62,0,21,199.94,payment_failed,insufficient_funds,2026-07-16T13:42:05.472178,13,3,0,,False,retry_link;reminder;discount_offer;escalate_to_human;no_action,retry_link,False,0.0,,0
TXN003079,CUST01100,720,483.74,0.0,126.0,0,58,139.17,payment_failed,bank_decline,2026-07-16T14:47:48.027152,14,3,0,,False,retry_link;reminder;discount_offer;escalate_to_human;no_action,reminder,False,0.0,,1
TXN003080,CUST00171,135,2661.11,0.0,504.51,0,64,524.37,checkout_abandoned,bank_decline,2026-07-16T14:51:17.035739,14,3,0,2026-06-07T16:29:19.918058,False,retry_link;reminder;discount_offer;escalate_to_human;no_action,escalate_to_human,False,0.0,,3
TXN003081,CUST01165,158,6590.67,0.0,426.53,0,133,220.04,payment_failed,gateway_error,2026-07-16T14:55:45.649854,14,3,0,,False,retry_link;reminder;discount_offer;escalate_to_human;no_action,discount_offer,True,220.04,2.38,1
TXN003082,CUST00745,546,5137.3,1.0,126.47,1,11,114.19,payment_failed,bank_decline,2026-07-16T14:57:27.523311,14,3,0,2026-07-04T16:17:34.281990,False,retry_link;reminder;discount_offer;escalate_to_human;no_action,reminder,True,114.19,8.43,0
TXN003083,CUST01423,1012,7582.98,0.667,223.98,2,8,160.61,payment_failed,price_hesitation,2026-07-16T15:32:44.462469,15,3,0,2026-07-08T05:06:03.967795,True,no_action,no_action,False,0.0,,1
TXN003084,CUST00332,465,5544.78,0.75,254.63,3,2,213.8,payment_failed,insufficient_funds,2026-07-16T15:47:59.351528,15,3,0,2026-07-14T03:43:51.653554,False,retry_link;reminder;discount_offer;escalate_to_human;no_action,retry_link,True,213.8,7.21,1
TXN003085,CUST00022,274,1599.29,0.0,143.14,0,132,230.5,checkout_abandoned,price_hesitation,2026-07-16T16:07:38.506222,16,3,0,2026-06-30T09:12:51.745581,False,retry_link;reminder;discount_offer;escalate_to_human;no_action,escalate_to_human,False,0.0,,5
TXN003086,CUST00360,1268,6426.13,1.0,182.24,1,30,344.76,payment_failed,gateway_error,2026-07-16T16:36:44.756182,16,3,0,2026-06-16T11:18:41.045440,False,retry_link;reminder;discount_offer;escalate_to_human;no_action,no_action,True,344.76,6.02,0
TXN003087,CUST01357,202,5214.13,0.5,369.31,1,31,416.81,checkout_abandoned,insufficient_funds,2026-07-16T17:49:31.787676,17,3,0,2026-06-17T10:08:34.933520,False,retry_link;reminder;discount_offer;escalate_to_human;no_action,no_action,False,0.0,,1
TXN003088,CUST00738,1107,35026.15,1.0,368.93,1,34,301.88,payment_failed,price_hesitation,2026-07-16T18:10:17.175530,18,3,0,2026-06-11T23:43:54.392978,False,retry_link;reminder;discount_offer;escalate_to_human;no_action,escalate_to_human,True,301.88,0.79,0
TXN003089,CUST01324,1299,1078.08,0.0,281.51,0,119,205.75,payment_failed,bank_decline,2026-07-16T18:46:02.727116,18,3,0,2026-06-30T02:23:53.484839,False,retry_link;reminder;discount_offer;escalate_to_human;no_action,escalate_to_human,False,0.0,,3
TXN003090,CUST00659,432,24858.94,0.0,418.99,0,69,719.4,checkout_abandoned,otp_timeout,2026-07-16T19:06:26.217650,19,3,0,2026-06-24T06:30:30.333536,False,retry_link;reminder;discount_offer;escalate_to_human;no_action,reminder,False,0.0,,1
TXN003091,CUST00857,86,15239.7,0.0,117.31,0,117,130.39,checkout_abandoned,price_hesitation,2026-07-16T19:10:42.899727,19,3,0,2026-07-09T08:47:57.457465,False,retry_link;reminder;discount_offer;escalate_to_human;no_action,no_action,False,0.0,,6
TXN003092,CUST00257,156,3122.63,0.0,375.04,0,58,403.66,payment_failed,gateway_error,2026-07-16T19:20:03.158280,19,3,0,2026-07-10T00:39:27.157720,True,no_action,no_action,False,0.0,,2
TXN003093,CUST01271,164,8954.0,0.0,186.2,0,113,294.76,checkout_abandoned,bank_decline,2026-07-16T19:31:54.551578,19,3,0,2026-06-20T08:14:19.079403,False,retry_link;reminder;discount_offer;escalate_to_human;no_action,reminder,False,0.0,,3
TXN003094,CUST01261,1387,2653.16,0.5,563.18,1,39,497.21,checkout_abandoned,bank_decline,2026-07-16T19:42:40.627879,19,3,0,2026-06-07T04:49:47.375133,True,no_action,no_action,False,0.0,,1
TXN003095,CUST00675,1088,38122.1,1.0,159.77,1,13,119.34,checkout_abandoned,insufficient_funds,2026-07-16T19:50:28.255065,19,3,0,,False,retry_link;reminder;discount_offer;escalate_to_human;no_action,discount_offer,False,0.0,,0
TXN003096,CUST00290,1211,1263.58,0.75,230.24,3,14,228.3,checkout_abandoned,insufficient_funds,2026-07-16T19:54:46.230954,19,3,0,2026-06-19T06:55:57.905445,True,no_action,no_action,False,0.0,,1
TXN003097,CUST00593,1469,7664.46,0.75,239.78,3,2,200.41,checkout_abandoned,otp_timeout,2026-07-16T19:56:42.010197,19,3,0,2026-07-14T10:42:35.568014,False,retry_link;reminder;discount_offer;escalate_to_human;no_action,no_action,False,0.0,,1
TXN003098,CUST00628,758,13460.62,1.0,529.39,1,31,431.22,payment_failed,insufficient_funds,2026-07-16T20:16:10.535298,20,3,0,2026-06-15T09:11:49.397913,False,retry_link;reminder;discount_offer;escalate_to_human;no_action,reminder,True,431.22,0.26,0
TXN003099,CUST00350,800,3957.73,0.5,1291.8,0,68,1104.24,payment_failed,otp_timeout,2026-07-16T20:33:36.742774,20,3,0,,False,retry_link;reminder;discount_offer;escalate_to_human;no_action,discount_offer,True,1104.24,0.91,0
TXN003100,CUST00485,349,2341.08,1.0,297.16,1,10,216.12,payment_failed,price_hesitation,2026-07-16T21:22:45.875460,21,3,0,2026-07-06T10:09:09.880314,False,retry_link;reminder;discount_offer;escalate_to_human;no_action,no_action,False,0.0,,0
TXN003101,CUST01245,1478,8380.0,0.0,1139.49,0,59,1078.58,checkout_abandoned,insufficient_funds,2026-07-16T21:40:19.073422,21,3,0,2026-06-23T19:25:07.348771,False,retry_link;reminder;discount_offer;escalate_to_human;no_action,escalate_to_human,True,1078.58,0.31,2
TXN003102,CUST00617,400,10134.26,1.0,379.33,1,41,188.76,payment_failed,otp_timeout,2026-07-16T21:44:32.237208,21,3,0,2026-06-05T21:29:20.966528,False,retry_link;reminder;discount_offer;escalate_to_human;no_action,no_action,True,188.76,5.86,0
TXN003103,CUST00565,355,6473.62,1.0,349.56,3,8,306.82,checkout_abandoned,price_hesitation,2026-07-16T22:05:55.487751,22,3,0,2026-07-08T07:16:06.702879,False,retry_link;reminder;discount_offer;escalate_to_human;no_action,no_action,False,0.0,,0
TXN003104,CUST00158,758,4386.28,0.833,338.86,5,2,263.58,checkout_abandoned,bank_decline,2026-07-16T22:55:02.292631,22,3,0,2026-07-14T07:18:21.468107,False,retry_link;reminder;discount_offer;escalate_to_human;no_action,escalate_to_human,False,0.0,,1
TXN003105,CUST01262,667,5085.52,0.0,592.8,0,34,799.16,checkout_abandoned,bank_decline,2026-07-16T23:50:32.491155,23,3,0,2026-06-27T01:05:04.262227,False,retry_link;reminder;discount_offer;escalate_to_human;no_action,discount_offer,False,0.0,,1
TXN003106,CUST01231,1100,6437.58,0.286,503.97,2,3,780.7,payment_failed,otp_timeout,2026-07-17T00:18:12.784538,0,4,0,2026-07-13T07:56:36.296701,False,retry_link;reminder;discount_offer;escalate_to_human;no_action,no_action,False,0.0,,5
TXN003107,CUST00355,1488,6307.31,1.0,415.2,1,16,805.28,checkout_abandoned,gateway_error,2026-07-17T00:30:10.262190,0,4,0,2026-06-30T20:17:48.550772,False,retry_link;reminder;discount_offer;escalate_to_human;no_action,reminder,True,805.28,10.36,0
TXN003108,CUST00615,959,38003.91,1.0,309.66,1,45,514.45,checkout_abandoned,bank_decline,2026-07-17T00:57:18.249684,0,4,0,2026-06-01T17:30:51.082805,False,retry_link;reminder;discount_offer;escalate_to_human;no_action,no_action,False,0.0,,0
TXN003109,CUST00603,202,880.8,1.0,177.91,1,21,169.75,checkout_abandoned,bank_decline,2026-07-17T00:57:54.459865,0,4,0,2026-06-25T16:44:00.932920,True,no_action,no_action,False,0.0,,0
TXN003110,CUST01487,2,7953.93,0.4,472.56,2,21,360.47,checkout_abandoned,bank_decline,2026-07-17T00:58:43.068091,0,4,0,2026-06-27T11:46:17.238512,True,no_action,no_action,False,0.0,,3
TXN003111,CUST00989,1181,4103.73,0.333,237.7,1,9,215.6,checkout_abandoned,gateway_error,2026-07-17T01:08:10.748430,1,4,0,2026-07-07T13:45:30.707861,False,retry_link;reminder;discount_offer;escalate_to_human;no_action,discount_offer,True,215.6,0.33,2
TXN003112,CUST00726,1082,63472.23,0.5,862.67,0,37,295.09,payment_failed,price_hesitation,2026-07-17T01:24:10.194134,1,4,0,,False,retry_link;reminder;discount_offer;escalate_to_human;no_action,escalate_to_human,False,0.0,,0
TXN003113,CUST01133,1144,10294.1,0.0,203.68,0,122,190.07,checkout_abandoned,insufficient_funds,2026-07-17T01:34:09.661643,1,4,0,2026-06-25T05:45:18.287213,False,retry_link;reminder;discount_offer;escalate_to_human;no_action,reminder,False,0.0,,2
TXN003114,CUST00017,193,11940.71,1.0,312.9,1,43,366.43,payment_failed,otp_timeout,2026-07-17T01:44:02.566875,1,4,0,,False,retry_link;reminder;discount_offer;escalate_to_human;no_action,retry_link,True,366.43,5.14,0
TXN003115,CUST00841,984,5732.56,0.5,372.24,1,32,325.2,payment_failed,insufficient_funds,2026-07-17T01:56:05.609663,1,4,0,2026-06-14T21:14:32.034832,False,retry_link;reminder;discount_offer;escalate_to_human;no_action,escalate_to_human,True,325.2,3.85,1
TXN003116,CUST00291,401,24017.43,0.5,919.71,1,42,610.57,checkout_abandoned,insufficient_funds,2026-07-17T02:54:39.378954,2,4,0,2026-06-04T13:35:47.189506,False,retry_link;reminder;discount_offer;escalate_to_human;no_action,reminder,False,0.0,,1
TXN003117,CUST00292,1430,2833.25,1.0,376.05,1,40,299.0,payment_failed,price_hesitation,2026-07-17T02:56:37.449017,2,4,0,,False,retry_link;reminder;discount_offer;escalate_to_human;no_action,discount_offer,False,0.0,,0
TXN003118,CUST00307,831,5113.64,1.0,264.32,1,36,371.26,checkout_abandoned,otp_timeout,2026-07-17T03:01:08.222733,3,4,0,2026-06-10T05:42:03.001929,False,retry_link;reminder;discount_offer;escalate_to_human;no_action,reminder,True,371.26,2.77,0
TXN003119,CUST00237,648,57942.84,1.0,229.81,3,17,234.96,payment_failed,otp_timeout,2026-07-17T03:39:09.811467,3,4,0,2026-06-24T09:21:34.769398,False,retry_link;reminder;discount_offer;escalate_to_human;no_action,escalate_to_human,True,234.96,3.55,0
TXN003120,CUST00767,719,1085.39,0.0,855.43,0,67,690.54,checkout_abandoned,bank_decline,2026-07-17T03:40:39.802127,3,4,0,2026-07-05T18:15:32.598203,False,retry_link;reminder;discount_offer;escalate_to_human;no_action,discount_offer,False,0.0,,2
TXN003121,CUST00752,130,4842.77,0.5,324.26,0,74,351.12,payment_failed,price_hesitation,2026-07-17T03:55:04.370848,3,4,0,,False,retry_link;reminder;discount_offer;escalate_to_human;no_action,discount_offer,True,351.12,0.32,0
TXN003122,CUST00852,1444,7155.66,1.0,128.68,1,2,355.9,payment_failed,gateway_error,2026-07-17T04:50:50.464384,4,4,0,2026-07-14T21:07:33.857353,False,retry_link;reminder;discount_offer;escalate_to_human;no_action,escalate_to_human,True,355.9,12.7,0
TXN003123,CUST00962,1260,2720.06,0.333,215.46,1,19,354.94,checkout_abandoned,otp_timeout,2026-07-17T05:44:17.935664,5,4,0,2026-06-27T08:36:09.752261,False,retry_link;reminder;discount_offer;escalate_to_human;no_action,discount_offer,True,354.94,1.6,2
TXN003124,CUST01371,515,9821.65,0.5,741.29,1,24,1176.31,payment_failed,insufficient_funds,2026-07-17T05:56:11.415621,5,4,0,2026-06-22T22:56:16.787563,False,retry_link;reminder;discount_offer;escalate_to_human;no_action,escalate_to_human,True,1176.31,0.42,1
TXN003125,CUST00475,1177,42469.14,0.0,585.58,0,130,415.87,payment_failed,otp_timeout,2026-07-17T06:01:08.694504,6,4,0,2026-06-30T21:51:23.953570,False,retry_link;reminder;discount_offer;escalate_to_human;no_action,retry_link,True,415.87,13.61,2
TXN003126,CUST00580,140,5212.58,1.0,282.66,3,1,210.2,payment_failed,otp_timeout,2026-07-17T06:09:21.680210,6,4,0,2026-07-15T08:21:01.555936,False,retry_link;reminder;discount_offer;escalate_to_human;no_action,escalate_to_human,True,210.2,5.1,0
TXN003127,CUST00295,781,1598.55,1.0,232.31,3,14,150.23,payment_failed,otp_timeout,2026-07-17T06:17:15.054651,6,4,0,2026-07-02T16:26:30.418170,False,retry_link;reminder;discount_offer;escalate_to_human;no_action,retry_link,True,150.23,4.81,0
TXN003128,CUST00888,24,3868.21,0.5,152.0,1,44,194.37,checkout_abandoned,bank_decline,2026-07-17T06:32:42.337293,6,4,0,2026-06-03T03:16:10.002455,False,retry_link;reminder;discount_offer;escalate_to_human;no_action,discount_offer,False,0.0,,1
TXN003129,CUST01102,1378,18843.09,0.0,364.79,0,137,308.19,payment_failed,gateway_error,2026-07-17T07:34:21.413591,7,4,0,,False,retry_link;reminder;discount_offer;escalate_to_human;no_action,discount_offer,False,0.0,,1
TXN003130,CUST01308,623,6160.74,0.5,131.08,0,34,91.31,checkout_abandoned,otp_timeout,2026-07-17T07:42:58.428907,7,4,0,,False,retry_link;reminder;discount_offer;escalate_to_human;no_action,reminder,True,91.31,5.24,0
TXN003131,CUST00639,1423,3716.88,0.0,193.66,0,100,214.55,payment_failed,price_hesitation,2026-07-17T07:44:32.422894,7,4,0,,False,retry_link;reminder;discount_offer;escalate_to_human;no_action,reminder,True,214.55,7.77,1
TXN003132,CUST00308,474,4889.79,0.0,632.33,0,68,757.0,checkout_abandoned,gateway_error,2026-07-17T08:05:10.323034,8,4,0,,False,retry_link;reminder;discount_offer;escalate_to_human;no_action,retry_link,False,0.0,,1
TXN003133,CUST00245,127,1095.3,0.0,207.59,0,128,177.73,checkout_abandoned,insufficient_funds,2026-07-17T08:29:59.639254,8,4,0,2026-07-06T10:30:47.059445,False,retry_link;reminder;discount_offer;escalate_to_human;no_action,escalate_to_human,False,0.0,,1
TXN003134,CUST00144,1489,2291.92,0.0,1508.91,0,109,2486.76,payment_failed,price_hesitation,2026-07-17T08:54:52.877922,8,4,0,2026-07-10T11:26:22.433293,False,retry_link;reminder;discount_offer;escalate_to_human;no_action,no_action,False,0.0,,4
TXN003135,CUST00816,65,11205.33,0.0,359.05,0,92,411.29,payment_failed,bank_decline,2026-07-17T08:55:52.695627,8,4,0,,False,retry_link;reminder;discount_offer;escalate_to_human;no_action,discount_offer,False,0.0,,1
TXN003136,CUST00781,955,2472.38,1.0,499.0,2,44,343.15,checkout_abandoned,price_hesitation,2026-07-17T09:01:17.227174,9,4,0,2026-06-01T15:14:34.433808,False,retry_link;reminder;discount_offer;escalate_to_human;no_action,discount_offer,True,343.15,4.79,0
TXN003137,CUST00737,501,5430.66,0.5,353.64,1,13,381.38,checkout_abandoned,otp_timeout,2026-07-17T09:37:12.675910,9,4,0,2026-07-03T14:11:28.590642,False,retry_link;reminder;discount_offer;escalate_to_human;no_action,reminder,True,381.38,5.2,1
TXN003138,CUST00750,1441,5543.79,1.0,612.06,1,34,745.14,payment_failed,gateway_error,2026-07-17T09:38:53.267121,9,4,0,2026-06-12T22:34:54.335193,False,retry_link;reminder;discount_offer;escalate_to_human;no_action,escalate_to_human,True,745.14,17.94,0
TXN003139,CUST00669,199,1794.7,1.0,270.57,1,9,142.26,payment_failed,otp_timeout,2026-07-17T10:06:49.639744,10,4,0,2026-07-07T18:38:47.120746,False,retry_link;reminder;discount_offer;escalate_to_human;no_action,escalate_to_human,True,142.26,4.61,0
TXN003140,CUST00235,1079,22194.4,0.0,348.54,0,117,407.91,checkout_abandoned,price_hesitation,2026-07-17T10:12:57.794842,10,4,0,,True,no_action,no_action,False,0.0,,2
TXN003141,CUST01180,912,2670.36,0.0,419.64,0,94,530.38,payment_failed,bank_decline,2026-07-17T10:19:44.483348,10,4,0,2026-07-10T09:20:43.322011,False,retry_link;reminder;discount_offer;escalate_to_human;no_action,reminder,False,0.0,,5
TXN003142,CUST00962,1260,2720.06,0.5,215.46,2,0,231.67,checkout_abandoned,otp_timeout,2026-07-17T11:34:11.325734,11,4,1,2026-07-17T05:44:17.935664,False,retry_link;reminder;discount_offer;escalate_to_human;no_action,no_action,False,0.0,,2
TXN003143,CUST01161,748,23489.69,0.5,401.39,0,17,314.23,checkout_abandoned,gateway_error,2026-07-17T11:54:51.283006,11,4,0,,False,retry_link;reminder;discount_offer;escalate_to_human;no_action,escalate_to_human,True,314.23,3.49,0
TXN003144,CUST01159,511,821.64,0.0,279.54,0,147,166.58,checkout_abandoned,price_hesitation,2026-07-17T12:08:39.368876,12,4,0,2026-07-15T20:05:33.368695,False,retry_link;reminder;discount_offer;escalate_to_human;no_action,retry_link,False,0.0,,5
TXN003145,CUST00801,453,238.74,0.667,813.01,2,21,859.97,checkout_abandoned,otp_timeout,2026-07-17T12:27:34.804264,12,4,0,2026-06-26T12:05:41.469421,False,retry_link;reminder;discount_offer;escalate_to_human;no_action,retry_link,True,859.97,0.45,1
TXN003146,CUST01059,467,24553.04,1.0,259.87,2,15,260.54,payment_failed,bank_decline,2026-07-17T12:39:22.433598,12,4,0,2026-07-01T20:12:08.645988,False,retry_link;reminder;discount_offer;escalate_to_human;no_action,no_action,False,0.0,,0
TXN003147,CUST00163,610,1354.02,0.5,242.21,1,29,152.8,payment_failed,otp_timeout,2026-07-17T12:44:57.283661,12,4,0,2026-06-18T12:06:09.583669,False,retry_link;reminder;discount_offer;escalate_to_human;no_action,escalate_to_human,True,152.8,7.55,1
TXN003148,CUST00889,406,3222.2,1.0,202.8,1,15,160.29,payment_failed,insufficient_funds,2026-07-17T12:46:44.035264,12,4,0,2026-07-01T20:57:16.022879,False,retry_link;reminder;discount_offer;escalate_to_human;no_action,no_action,False,0.0,,0
TXN003149,CUST00305,211,3291.56,0.0,497.42,0,144,373.59,payment_failed,bank_decline,2026-07-17T13:11:01.413809,13,4,0,2026-07-16T06:19:32.895835,False,retry_link;reminder;discount_offer;escalate_to_human;no_action,escalate_to_human,True,373.59,2.44,3
TXN003150,CUST00215,409,9400.34,1.0,185.9,3,4,395.48,checkout_abandoned,bank_decline,2026-07-17T13:57:16.454540,13,4,0,2026-07-13T10:37:51.729199,False,retry_link;reminder;discount_offer;escalate_to_human;no_action,discount_offer,True,395.48,1.65,0
TXN003151,CUST00688,668,4867.45,0.5,160.86,1,24,125.28,checkout_abandoned,gateway_error,2026-07-17T14:00:50.235487,14,4,0,2026-06-22T22:51:50.431276,False,retry_link;reminder;discount_offer;escalate_to_human;no_action,retry_link,True,125.28,4.9,1
TXN003152,CUST01233,1125,2393.81,0.0,509.15,0,138,517.69,checkout_abandoned,price_hesitation,2026-07-17T14:23:04.652077,14,4,0,2026-07-09T16:55:04.188924,False,retry_link;reminder;discount_offer;escalate_to_human;no_action,discount_offer,True,517.69,0.65,6
TXN003153,CUST00609,1286,11117.01,1.0,1474.92,4,32,1461.07,checkout_abandoned,bank_decline,2026-07-17T14:23:44.244120,14,4,0,2026-06-15T03:34:58.596373,False,retry_link;reminder;discount_offer;escalate_to_human;no_action,escalate_to_human,False,0.0,,0
TXN003154,CUST01368,1444,2459.52,0.333,204.43,1,29,313.65,checkout_abandoned,gateway_error,2026-07-17T14:26:22.076281,14,4,0,2026-06-18T01:59:12.493773,False,retry_link;reminder;discount_offer;escalate_to_human;no_action,escalate_to_human,False,0.0,,2
TXN003155,CUST00531,249,26068.21,0.75,260.82,3,8,182.19,payment_failed,bank_decline,2026-07-17T14:29:08.097461,14,4,0,2026-07-08T18:00:28.522595,False,retry_link;reminder;discount_offer;escalate_to_human;no_action,retry_link,False,0.0,,1
TXN003156,CUST01129,974,10173.24,0.25,190.52,1,29,155.84,checkout_abandoned,price_hesitation,2026-07-17T14:53:24.044867,14,4,0,2026-06-22T06:59:40.457546,False,retry_link;reminder;discount_offer;escalate_to_human;no_action,escalate_to_human,True,155.84,20.45,3
TXN003157,CUST00628,758,13460.62,1.0,529.39,2,0,977.82,payment_failed,price_hesitation,2026-07-17T15:40:30.264309,15,4,1,2026-07-16T20:16:10.535298,False,retry_link;reminder;discount_offer;escalate_to_human;no_action,reminder,True,977.82,19.75,0
TXN003158,CUST00399,466,1656.58,1.0,892.86,3,2,1120.19,payment_failed,price_hesitation,2026-07-17T15:47:33.299038,15,4,0,2026-07-15T03:11:05.806994,False,retry_link;reminder;discount_offer;escalate_to_human;no_action,escalate_to_human,True,1120.19,0.41,0
TXN003159,CUST00334,690,1080.26,1.0,417.14,2,1,651.68,payment_failed,insufficient_funds,2026-07-17T15:51:06.058836,15,4,0,2026-07-16T07:32:03.051790,False,retry_link;reminder;discount_offer;escalate_to_human;no_action,reminder,True,651.68,0.82,0
TXN003160,CUST01276,985,6865.2,0.5,603.1,1,38,334.27,checkout_abandoned,bank_decline,2026-07-17T16:12:26.822872,16,4,0,2026-06-09T04:20:32.969106,False,retry_link;reminder;discount_offer;escalate_to_human;no_action,no_action,False,0.0,,1
TXN003161,CUST00862,181,9002.19,1.0,379.05,1,13,362.73,payment_failed,price_hesitation,2026-07-17T16:21:07.456595,16,4,0,2026-07-04T10:13:00.688020,False,retry_link;reminder;discount_offer;escalate_to_human;no_action,reminder,True,362.73,7.09,0
TXN003162,CUST00910,1155,1284.52,0.125,493.27,1,41,299.95,checkout_abandoned,insufficient_funds,2026-07-17T16:24:41.946903,16,4,0,2026-07-12T10:34:14.809375,True,no_action,no_action,False,0.0,,7
TXN003163,CUST00494,435,265.9,0.5,303.43,0,93,235.44,checkout_abandoned,otp_timeout,2026-07-17T16:38:32.519202,16,4,0,,False,retry_link;reminder;discount_offer;escalate_to_human;no_action,no_action,True,235.44,2.59,0
TXN003164,CUST00199,1442,620.87,0.75,100.0,3,13,134.95,payment_failed,otp_timeout,2026-07-17T16:45:04.383594,16,4,0,2026-07-04T12:18:57.674632,False,retry_link;reminder;discount_offer;escalate_to_human;no_action,escalate_to_human,True,134.95,4.32,1
TXN003165,CUST00761,829,9132.95,1.0,834.76,2,6,674.33,payment_failed,bank_decline,2026-07-17T17:12:22.988523,17,4,0,2026-07-11T07:18:22.783075,False,retry_link;reminder;discount_offer;escalate_to_human;no_action,no_action,False,0.0,,0
TXN003166,CUST00099,210,1403.36,0.333,280.83,1,32,242.53,checkout_abandoned,price_hesitation,2026-07-17T17:19:38.747855,17,4,0,2026-06-24T14:06:21.149949,False,retry_link;reminder;discount_offer;escalate_to_human;no_action,discount_offer,False,0.0,,2
TXN003167,CUST00164,627,1476.37,0.5,497.91,1,29,555.61,checkout_abandoned,otp_timeout,2026-07-17T18:26:22.768306,18,4,0,2026-06-24T09:23:46.662056,False,retry_link;reminder;discount_offer;escalate_to_human;no_action,reminder,False,0.0,,1
TXN003168,CUST00995,939,5649.13,0.8,436.94,4,1,412.69,checkout_abandoned,price_hesitation,2026-07-17T18:43:07.724517,18,4,0,2026-07-16T04:33:44.909983,False,retry_link;reminder;discount_offer;escalate_to_human;no_action,discount_offer,False,0.0,,1
TXN003169,CUST00620,650,2043.32,0.0,298.65,0,94,388.71,checkout_abandoned,insufficient_funds,2026-07-17T19:11:48.640281,19,4,0,2026-07-09T04:57:21.704224,False,retry_link;reminder;discount_offer;escalate_to_human;no_action,discount_offer,False,0.0,,2
TXN003170,CUST01121,127,4974.52,0.2,522.42,1,35,343.17,payment_failed,insufficient_funds,2026-07-17T19:32:45.531784,19,4,0,2026-06-12T07:46:51.119690,True,no_action,no_action,False,0.0,,4
TXN003171,CUST00776,636,7009.89,0.5,159.81,2,10,138.31,checkout_abandoned,gateway_error,2026-07-17T19:55:35.243762,19,4,0,2026-07-07T18:10:29.746066,False,retry_link;reminder;discount_offer;escalate_to_human;no_action,no_action,False,0.0,,2
TXN003172,CUST01145,724,5842.75,0.333,153.07,1,3,124.94,checkout_abandoned,price_hesitation,2026-07-17T20:07:14.366041,20,4,0,2026-07-13T21:21:57.365259,False,retry_link;reminder;discount_offer;escalate_to_human;no_action,escalate_to_human,False,0.0,,2
TXN003173,CUST00464,10,4857.59,1.0,135.46,1,16,107.62,payment_failed,insufficient_funds,2026-07-17T20:41:24.389095,20,4,0,,False,retry_link;reminder;discount_offer;escalate_to_human;no_action,reminder,True,107.62,2.7,0
TXN003174,CUST00755,657,4108.94,0.5,399.73,1,13,255.48,payment_failed,price_hesitation,2026-07-17T20:49:10.783358,20,4,0,2026-07-11T19:36:26.547584,False,retry_link;reminder;discount_offer;escalate_to_human;no_action,reminder,False,0.0,,1
TXN003175,CUST00544,1246,4654.01,0.0,238.6,0,118,315.79,checkout_abandoned,insufficient_funds,2026-07-17T21:01:20.688765,21,4,0,2026-07-16T02:07:42.858055,False,retry_link;reminder;discount_offer;escalate_to_human;no_action,retry_link,False,0.0,,6
TXN003176,CUST00974,222,1243.93,0.5,308.13,2,17,361.81,checkout_abandoned,insufficient_funds,2026-07-17T21:14:56.979989,21,4,0,2026-06-30T08:44:22.262963,False,retry_link;reminder;discount_offer;escalate_to_human;no_action,reminder,False,0.0,,2
TXN003177,CUST00798,473,3474.86,0.5,414.55,3,26,668.41,payment_failed,price_hesitation,2026-07-17T21:16:10.898335,21,4,0,2026-06-20T22:16:50.986826,False,retry_link;reminder;discount_offer;escalate_to_human;no_action,no_action,False,0.0,,3
TXN003178,CUST00533,427,6851.12,0.0,353.66,0,97,341.24,payment_failed,price_hesitation,2026-07-17T21:17:08.029286,21,4,0,2026-07-12T14:33:24.458619,False,retry_link;reminder;discount_offer;escalate_to_human;no_action,retry_link,False,0.0,,4
TXN003179,CUST01038,655,1581.63,0.0,195.21,0,102,217.23,payment_failed,bank_decline,2026-07-17T21:38:48.139121,21,4,0,,False,retry_link;reminder;discount_offer;escalate_to_human;no_action,discount_offer,False,0.0,,2
TXN003180,CUST01307,357,280.88,0.0,149.28,0,132,138.28,checkout_abandoned,insufficient_funds,2026-07-17T21:38:50.308407,21,4,0,2026-06-24T02:50:08.412996,False,retry_link;reminder;discount_offer;escalate_to_human;no_action,discount_offer,False,0.0,,1
TXN003181,CUST00841,984,5732.56,0.667,372.24,2,0,202.43,payment_failed,gateway_error,2026-07-17T21:44:32.910706,21,4,1,2026-07-17T01:56:05.609663,False,retry_link;reminder;discount_offer;escalate_to_human;no_action,retry_link,False,0.0,,1
TXN003182,CUST01443,650,9865.15,0.333,398.95,1,10,424.95,checkout_abandoned,insufficient_funds,2026-07-17T22:07:38.722820,22,4,0,2026-06-21T16:22:51.257963,False,retry_link;reminder;discount_offer;escalate_to_human;no_action,retry_link,False,0.0,,2
TXN003183,CUST00869,61,2977.74,0.0,590.9,0,94,508.06,payment_failed,insufficient_funds,2026-07-17T22:17:02.869958,22,4,0,2026-06-23T08:17:45.325880,False,retry_link;reminder;discount_offer;escalate_to_human;no_action,no_action,False,0.0,,3
TXN003184,CUST00220,192,6202.89,0.0,344.49,0,78,302.9,payment_failed,gateway_error,2026-07-17T23:06:19.540560,23,4,0,,False,retry_link;reminder;discount_offer;escalate_to_human;no_action,discount_offer,True,302.9,11.98,1
TXN003185,CUST01306,382,9151.46,0.0,416.06,0,110,760.64,checkout_abandoned,bank_decline,2026-07-17T23:29:43.243155,23,4,0,2026-07-07T20:35:18.527241,False,retry_link;reminder;discount_offer;escalate_to_human;no_action,reminder,False,0.0,,1
TXN003186,CUST00749,237,703.18,0.0,323.93,0,107,300.81,payment_failed,insufficient_funds,2026-07-17T23:53:27.933965,23,4,0,,False,retry_link;reminder;discount_offer;escalate_to_human;no_action,retry_link,False,0.0,,1
TXN003187,CUST01037,23,59540.3,1.0,885.88,3,26,718.55,checkout_abandoned,gateway_error,2026-07-18T01:18:32.357636,1,5,0,2026-06-15T09:24:30.935942,False,retry_link;reminder;discount_offer;escalate_to_human;no_action,retry_link,True,718.55,6.27,0
TXN003188,CUST00273,1437,20874.61,0.333,209.1,1,9,219.25,checkout_abandoned,gateway_error,2026-07-18T01:28:20.706565,1,5,0,2026-07-08T20:06:19.934985,False,retry_link;reminder;discount_offer;escalate_to_human;no_action,reminder,False,0.0,,2
TXN003189,CUST00477,27,1773.68,0.333,360.46,2,26,346.38,checkout_abandoned,insufficient_funds,2026-07-18T01:35:30.330665,1,5,0,2026-06-21T08:03:16.763670,True,no_action,no_action,False,0.0,,4
TXN003190,CUST00018,1259,827.28,0.0,192.19,0,28,192.85,checkout_abandoned,price_hesitation,2026-07-18T01:59:23.698277,1,5,0,,False,retry_link;reminder;discount_offer;escalate_to_human;no_action,no_action,False,0.0,,1
TXN003191,CUST00598,942,959.53,0.0,518.91,0,117,379.33,payment_failed,bank_decline,2026-07-18T02:01:36.555563,2,5,0,2026-06-14T15:30:48.787860,False,retry_link;reminder;discount_offer;escalate_to_human;no_action,retry_link,False,0.0,,3
TXN003192,CUST01357,202,5214.13,0.333,369.31,1,32,330.88,payment_failed,bank_decline,2026-07-18T02:35:58.445854,2,5,0,2026-06-17T10:08:34.933520,False,retry_link;reminder;discount_offer;escalate_to_human;no_action,escalate_to_human,False,0.0,,2
TXN003193,CUST00378,570,14343.18,0.5,104.77,0,54,118.14,checkout_abandoned,price_hesitation,2026-07-18T03:02:03.866294,3,5,0,,False,retry_link;reminder;discount_offer;escalate_to_human;no_action,no_action,True,118.14,6.16,0
TXN003194,CUST00138,521,583.67,0.5,682.36,0,14,758.04,payment_failed,price_hesitation,2026-07-18T03:11:59.693738,3,5,0,,False,retry_link;reminder;discount_offer;escalate_to_human;no_action,no_action,False,0.0,,0
TXN003195,CUST01175,508,2592.16,0.667,473.74,2,16,499.02,payment_failed,gateway_error,2026-07-18T03:39:20.534478,3,5,0,2026-07-01T22:47:26.747900,False,retry_link;reminder;discount_offer;escalate_to_human;no_action,escalate_to_human,True,499.02,4.49,1
TXN003196,CUST00307,831,5113.64,1.0,264.32,2,1,277.72,payment_failed,otp_timeout,2026-07-18T04:00:53.388524,4,5,0,2026-07-17T03:01:08.222733,False,retry_link;reminder;discount_offer;escalate_to_human;no_action,retry_link,True,277.72,0.1,0
TXN003197,CUST01078,627,2644.35,1.0,253.45,7,3,280.87,checkout_abandoned,otp_timeout,2026-07-18T04:03:23.874652,4,5,0,2026-07-14T06:19:05.847685,False,retry_link;reminder;discount_offer;escalate_to_human;no_action,reminder,False,0.0,,0
TXN003198,CUST00218,671,13826.17,0.5,600.24,1,15,659.29,checkout_abandoned,otp_timeout,2026-07-18T04:21:54.063294,4,5,0,2026-07-02T15:55:42.865037,False,retry_link;reminder;discount_offer;escalate_to_human;no_action,retry_link,True,659.29,2.27,1
TXN003199,CUST00811,1318,6907.28,0.5,465.5,2,21,513.2,checkout_abandoned,insufficient_funds,2026-07-18T04:41:03.201743,4,5,0,2026-07-02T12:56:25.758729,False,retry_link;reminder;discount_offer;escalate_to_human;no_action,discount_offer,True,513.2,8.46,2
TXN003200,CUST00736,1096,61669.7,0.0,454.29,0,134,294.98,payment_failed,price_hesitation,2026-07-18T04:46:57.573944,4,5,0,2026-06-28T18:02:17.124955,False,retry_link;reminder;discount_offer;escalate_to_human;no_action,discount_offer,False,0.0,,2
TXN003201,CUST00480,432,1147.34,0.0,552.43,0,78,461.0,checkout_abandoned,insufficient_funds,2026-07-18T05:05:07.646458,5,5,0,,False,retry_link;reminder;discount_offer;escalate_to_human;no_action,escalate_to_human,False,0.0,,1
TXN003202,CUST00595,1203,37043.51,0.667,239.57,4,10,162.41,payment_failed,gateway_error,2026-07-18T05:17:06.254276,5,5,0,2026-07-09T04:17:14.184939,False,retry_link;reminder;discount_offer;escalate_to_human;no_action,retry_link,True,162.41,0.2,2
TXN003203,CUST00978,526,726.7,0.333,610.85,1,21,605.09,checkout_abandoned,price_hesitation,2026-07-18T05:34:30.706502,5,5,0,2026-07-12T16:48:54.568790,False,retry_link;reminder;discount_offer;escalate_to_human;no_action,reminder,True,605.09,7.56,2
TXN003204,CUST00940,1036,67890.2,0.2,320.24,1,21,535.91,payment_failed,insufficient_funds,2026-07-18T06:16:42.832702,6,5,0,2026-07-13T08:19:59.787119,False,retry_link;reminder;discount_offer;escalate_to_human;no_action,retry_link,False,0.0,,4
TXN003205,CUST00034,1331,35020.37,1.0,614.17,1,3,781.21,payment_failed,bank_decline,2026-07-18T06:35:11.943669,6,5,0,2026-07-15T04:46:36.791790,False,retry_link;reminder;discount_offer;escalate_to_human;no_action,retry_link,True,781.21,5.5,0
TXN003206,CUST00968,1380,4206.83,0.8,266.56,4,14,279.57,payment_failed,gateway_error,2026-07-18T07:18:25.114876,7,5,0,2026-07-03T16:01:53.462624,False,retry_link;reminder;discount_offer;escalate_to_human;no_action,retry_link,False,0.0,,1
TXN003207,CUST00444,763,1662.91,0.333,256.33,1,13,298.02,payment_failed,otp_timeout,2026-07-18T07:28:03.314504,7,5,0,2026-07-04T22:18:14.737609,False,retry_link;reminder;discount_offer;escalate_to_human;no_action,discount_offer,False,0.0,,2
TXN003208,CUST01090,754,573.58,0.333,243.79,1,16,275.86,checkout_abandoned,insufficient_funds,2026-07-18T07:51:47.176725,7,5,0,2026-07-01T22:54:09.352154,False,retry_link;reminder;discount_offer;escalate_to_human;no_action,no_action,False,0.0,,2
TXN003209,CUST00637,446,2813.5,1.0,356.27,1,39,162.63,payment_failed,insufficient_funds,2026-07-18T08:11:44.220714,8,5,0,2026-06-08T16:39:56.247531,False,retry_link;reminder;discount_offer;escalate_to_human;no_action,reminder,True,162.63,7.96,0
TXN003210,CUST00549,1021,9441.88,1.0,524.23,2,10,453.74,checkout_abandoned,insufficient_funds,2026-07-18T09:06:29.424310,9,5,0,2026-06-20T18:10:08.245129,False,retry_link;reminder;discount_offer;escalate_to_human;no_action,no_action,False,0.0,,0
TXN003211,CUST00087,469,1250.59,0.5,332.96,0,18,664.78,checkout_abandoned,insufficient_funds,2026-07-18T09:14:26.784154,9,5,0,,False,retry_link;reminder;discount_offer;escalate_to_human;no_action,no_action,False,0.0,,0
TXN003212,CUST00191,945,7606.33,1.0,850.14,1,37,1006.4,payment_failed,gateway_error,2026-07-18T09:22:08.281891,9,5,0,2026-06-11T04:01:34.948804,False,retry_link;reminder;discount_offer;escalate_to_human;no_action,discount_offer,True,1006.4,6.96,0
TXN003213,CUST00457,951,5787.7,0.0,448.18,0,92,748.48,payment_failed,insufficient_funds,2026-07-18T09:40:02.560095,9,5,0,2026-06-17T03:20:36.134160,False,retry_link;reminder;discount_offer;escalate_to_human;no_action,escalate_to_human,True,748.48,9.54,1
TXN003214,CUST00739,1347,7281.2,0.0,1064.83,0,54,1042.62,checkout_abandoned,insufficient_funds,2026-07-18T09:42:48.494445,9,5,0,2026-06-19T19:28:50.856694,False,retry_link;reminder;discount_offer;escalate_to_human;no_action,escalate_to_human,False,0.0,,2
TXN003215,CUST01252,111,5514.63,1.0,637.35,2,33,522.16,payment_failed,gateway_error,2026-07-18T09:54:05.721569,9,5,0,2026-06-14T12:41:50.021984,False,retry_link;reminder;discount_offer;escalate_to_human;no_action,escalate_to_human,True,522.16,12.17,0
TXN003216,CUST00479,164,1534.39,0.8,196.92,4,4,93.5,payment_failed,insufficient_funds,2026-07-18T10:06:52.007216,10,5,0,2026-07-14T01:19:14.439350,False,retry_link;reminder;discount_offer;escalate_to_human;no_action,reminder,False,0.0,,1
TXN003217,CUST00058,1115,5252.32,0.25,237.95,1,28,245.31,checkout_abandoned,otp_timeout,2026-07-18T10:14:54.993584,10,5,0,2026-06-21T02:15:30.363987,False,retry_link;reminder;discount_offer;escalate_to_human;no_action,escalate_to_human,True,245.31,3.23,3
TXN003218,CUST00066,1358,5159.7,0.25,501.95,1,10,347.66,payment_failed,otp_timeout,2026-07-18T10:25:51.402289,10,5,0,2026-06-20T22:25:50.601391,True,no_action,no_action,False,0.0,,3
TXN003219,CUST00237,648,57942.84,1.0,229.81,4,1,259.44,checkout_abandoned,gateway_error,2026-07-18T11:51:52.300417,11,5,0,2026-07-17T03:39:09.811467,False,retry_link;reminder;discount_offer;escalate_to_human;no_action,reminder,True,259.44,0.38,0
TXN003220,CUST00250,270,3600.85,0.5,250.48,1,36,163.85,checkout_abandoned,otp_timeout,2026-07-18T12:15:01.192922,12,5,0,2026-06-11T22:17:07.065088,False,retry_link;reminder;discount_offer;escalate_to_human;no_action,escalate_to_human,True,163.85,3.95,1
TXN003221,CUST00345,384,4599.59,1.0,187.74,1,20,132.85,checkout_abandoned,bank_decline,2026-07-18T12:16:35.519472,12,5,0,2026-06-27T13:51:53.320224,False,retry_link;reminder;discount_offer;escalate_to_human;no_action,discount_offer,False,0.0,,0
TXN003222,CUST01065,582,18660.65,0.0,605.14,0,54,504.45,checkout_abandoned,price_hesitation,2026-07-18T12:17:04.030135,12,5,0,2026-07-01T12:50:13.714495,True,no_action,no_action,False,0.0,,3
TXN003223,CUST00653,1206,840.67,0.5,105.95,0,68,251.41,checkout_abandoned,bank_decline,2026-07-18T12:42:24.628598,12,5,0,,False,retry_link;reminder;discount_offer;escalate_to_human;no_action,discount_offer,True,251.41,18.64,0
TXN003224,CUST01237,186,1309.02,0.333,187.56,1,37,155.32,payment_failed,price_hesitation,2026-07-18T12:56:56.163591,12,5,0,2026-07-14T00:24:28.322866,False,retry_link;reminder;discount_offer;escalate_to_human;no_action,retry_link,False,0.0,,2
TXN003225,CUST00978,526,726.7,0.5,610.85,2,0,434.19,payment_failed,otp_timeout,2026-07-18T13:01:41.972948,13,5,1,2026-07-18T05:34:30.706502,False,retry_link;reminder;discount_offer;escalate_to_human;no_action,escalate_to_human,True,434.19,1.56,2
TXN003226,CUST00858,1004,430.26,0.0,155.2,0,118,138.6,payment_failed,insufficient_funds,2026-07-18T13:23:26.739829,13,5,0,,False,retry_link;reminder;discount_offer;escalate_to_human;no_action,retry_link,False,0.0,,1
TXN003227,CUST00103,12,478.99,0.333,332.63,1,10,406.03,payment_failed,gateway_error,2026-07-18T13:33:40.293440,13,5,0,2026-07-07T19:52:50.032473,False,retry_link;reminder;discount_offer;escalate_to_human;no_action,reminder,True,406.03,1.45,2
TXN003228,CUST01013,472,1006.09,0.0,556.61,0,54,552.13,checkout_abandoned,insufficient_funds,2026-07-18T15:34:57.021904,15,5,0,2026-06-05T20:47:06.976659,False,retry_link;reminder;discount_offer;escalate_to_human;no_action,escalate_to_human,False,0.0,,2
TXN003229,CUST01315,449,11053.7,0.333,148.2,1,29,143.29,payment_failed,bank_decline,2026-07-18T15:38:48.759865,15,5,0,2026-07-07T23:50:14.316901,False,retry_link;reminder;discount_offer;escalate_to_human;no_action,discount_offer,False,0.0,,2
TXN003230,CUST01135,88,2295.88,0.5,100.0,0,9,67.45,checkout_abandoned,gateway_error,2026-07-18T15:42:40.858983,15,5,0,,False,retry_link;reminder;discount_offer;escalate_to_human;no_action,no_action,False,0.0,,0
TXN003231,CUST00957,952,7339.14,0.5,367.33,1,3,344.83,payment_failed,otp_timeout,2026-07-18T15:50:01.742028,15,5,0,2026-07-15T15:46:07.014856,False,retry_link;reminder;discount_offer;escalate_to_human;no_action,no_action,True,344.83,13.68,1
TXN003232,CUST01324,1299,1078.08,0.0,281.51,0,121,358.65,payment_failed,price_hesitation,2026-07-18T16:31:23.666518,16,5,0,2026-07-16T18:46:02.727116,False,retry_link;reminder;discount_offer;escalate_to_human;no_action,reminder,False,0.0,,4
TXN003233,CUST00481,1244,2878.97,0.2,169.49,1,22,143.92,checkout_abandoned,insufficient_funds,2026-07-18T17:40:13.320792,17,5,0,2026-07-10T09:32:54.749560,False,retry_link;reminder;discount_offer;escalate_to_human;no_action,no_action,False,0.0,,4
TXN003234,CUST01303,1343,4551.54,0.333,127.57,1,43,118.45,payment_failed,price_hesitation,2026-07-18T17:52:29.233181,17,5,0,2026-06-07T11:27:40.933414,False,retry_link;reminder;discount_offer;escalate_to_human;no_action,discount_offer,False,0.0,,2
TXN003235,CUST01065,582,18660.65,0.0,605.14,0,55,744.95,payment_failed,insufficient_funds,2026-07-18T18:06:10.758970,18,5,0,2026-07-01T12:50:13.714495,True,no_action,no_action,False,0.0,,4
TXN003236,CUST00594,481,9154.55,0.0,331.73,0,155,452.95,payment_failed,insufficient_funds,2026-07-18T18:28:21.781261,18,5,0,2026-06-27T22:41:46.600377,False,retry_link;reminder;discount_offer;escalate_to_human;no_action,no_action,True,452.95,0.88,3
TXN003237,CUST00989,1181,4103.73,0.5,237.7,2,1,230.24,payment_failed,insufficient_funds,2026-07-18T18:34:29.651510,18,5,0,2026-07-17T01:08:10.748430,False,retry_link;reminder;discount_offer;escalate_to_human;no_action,retry_link,False,0.0,,2
TXN003238,CUST00648,1440,19345.18,1.0,343.35,1,45,386.91,payment_failed,gateway_error,2026-07-18T19:06:02.221093,19,5,0,2026-06-03T15:41:35.646446,False,retry_link;reminder;discount_offer;escalate_to_human;no_action,no_action,True,386.91,1.53,0
TXN003239,CUST01262,667,5085.52,0.0,592.8,0,36,854.3,checkout_abandoned,gateway_error,2026-07-18T19:14:19.692440,19,5,0,2026-07-16T23:50:32.491155,False,retry_link;reminder;discount_offer;escalate_to_human;no_action,retry_link,False,0.0,,2
TXN003240,CUST00896,764,121257.19,0.0,221.4,0,116,201.16,payment_failed,insufficient_funds,2026-07-18T19:39:35.824803,19,5,0,2026-06-18T07:34:08.526344,True,no_action,no_action,False,0.0,,6
TXN003241,CUST00356,228,20971.39,0.0,202.45,0,83,271.88,payment_failed,bank_decline,2026-07-18T21:01:15.929369,21,5,0,2026-06-29T16:47:13.616165,False,retry_link;reminder;discount_offer;escalate_to_human;no_action,discount_offer,False,0.0,,3
TXN003242,CUST00642,1281,730.31,0.0,206.43,0,74,148.77,payment_failed,otp_timeout,2026-07-18T21:20:57.866958,21,5,0,2026-07-11T03:04:07.720101,True,no_action,no_action,False,0.0,,5
TXN003243,CUST00222,1056,8432.46,0.5,184.39,1,34,168.7,checkout_abandoned,price_hesitation,2026-07-18T21:21:53.122965,21,5,0,2026-07-12T12:04:26.695188,False,retry_link;reminder;discount_offer;escalate_to_human;no_action,retry_link,False,0.0,,1
TXN003244,CUST01034,100,16466.95,1.0,264.48,3,6,511.89,checkout_abandoned,price_hesitation,2026-07-18T21:52:01.716524,21,5,0,2026-07-11T23:59:42.714492,False,retry_link;reminder;discount_offer;escalate_to_human;no_action,discount_offer,True,511.89,0.17,0
TXN003245,CUST01106,366,12664.81,0.5,469.26,0,116,305.39,payment_failed,price_hesitation,2026-07-18T22:40:58.117047,22,5,0,,False,retry_link;reminder;discount_offer;escalate_to_human;no_action,reminder,True,305.39,3.12,0
TXN003246,CUST00302,15,7714.15,0.5,290.53,2,26,206.6,payment_failed,gateway_error,2026-07-18T22:58:24.423142,22,5,0,2026-06-22T16:47:39.951023,False,retry_link;reminder;discount_offer;escalate_to_human;no_action,retry_link,False,0.0,,2
TXN003247,CUST00967,476,6455.85,0.0,214.02,0,79,169.0,checkout_abandoned,insufficient_funds,2026-07-18T23:41:38.424032,23,5,0,2026-06-29T14:17:44.522487,False,retry_link;reminder;discount_offer;escalate_to_human;no_action,reminder,False,0.0,,3
TXN003248,CUST01318,674,1647.37,0.4,554.38,2,33,427.99,payment_failed,insufficient_funds,2026-07-18T23:47:41.512804,23,5,0,2026-07-10T09:57:57.294989,False,retry_link;reminder;discount_offer;escalate_to_human;no_action,reminder,False,0.0,,3
TXN003249,CUST01250,363,3791.75,0.0,130.69,0,113,139.14,payment_failed,gateway_error,2026-07-19T00:11:08.075772,0,6,0,,False,retry_link;reminder;discount_offer;escalate_to_human;no_action,reminder,False,0.0,,1
TXN003250,CUST00271,35,25014.28,0.0,216.79,0,75,379.81,checkout_abandoned,insufficient_funds,2026-07-19T00:13:51.095764,0,6,0,2026-07-10T21:18:47.168429,True,no_action,no_action,False,0.0,,3
TXN003251,CUST01219,660,2034.94,0.25,1048.39,1,35,755.8,payment_failed,price_hesitation,2026-07-19T00:32:26.959309,0,6,0,2026-07-11T05:50:27.522762,False,retry_link;reminder;discount_offer;escalate_to_human;no_action,discount_offer,False,0.0,,3
TXN003252,CUST01233,1125,2393.81,0.143,509.15,1,1,497.33,payment_failed,price_hesitation,2026-07-19T01:02:27.884055,1,6,0,2026-07-17T14:23:04.652077,False,retry_link;reminder;discount_offer;escalate_to_human;no_action,reminder,True,497.33,5.65,6
TXN003253,CUST01175,508,2592.16,0.75,473.74,3,0,170.18,payment_failed,insufficient_funds,2026-07-19T01:02:56.851439,1,6,1,2026-07-18T03:39:20.534478,False,retry_link;reminder;discount_offer;escalate_to_human;no_action,reminder,True,170.18,5.88,1
TXN003254,CUST01239,62,2579.48,0.5,524.96,0,71,433.92,payment_failed,price_hesitation,2026-07-19T01:04:10.387426,1,6,0,,False,retry_link;reminder;discount_offer;escalate_to_human;no_action,escalate_to_human,False,0.0,,0
TXN003255,CUST00672,954,2705.89,0.0,312.18,0,59,169.6,checkout_abandoned,gateway_error,2026-07-19T01:22:31.975662,1,6,0,2026-06-03T18:39:54.117638,False,retry_link;reminder;discount_offer;escalate_to_human;no_action,no_action,False,0.0,,2
TXN003256,CUST01122,404,12924.1,0.0,909.17,0,118,1302.34,checkout_abandoned,price_hesitation,2026-07-19T01:28:44.194183,1,6,0,2026-07-13T14:55:52.448412,False,retry_link;reminder;discount_offer;escalate_to_human;no_action,reminder,False,0.0,,4
TXN003257,CUST01499,1261,958.99,1.0,390.92,3,22,507.49,payment_failed,price_hesitation,2026-07-19T03:13:09.633674,3,6,0,2026-06-09T22:01:47.250356,False,retry_link;reminder;discount_offer;escalate_to_human;no_action,reminder,True,507.49,4.01,0
TXN003258,CUST00647,803,21194.44,0.333,826.82,1,13,1238.1,payment_failed,bank_decline,2026-07-19T03:48:57.270531,3,6,0,2026-07-05T16:28:27.198488,False,retry_link;reminder;discount_offer;escalate_to_human;no_action,discount_offer,False,0.0,,2
TXN003259,CUST00420,1391,32554.62,0.0,470.21,0,96,378.36,payment_failed,otp_timeout,2026-07-19T04:02:31.766558,4,6,0,2026-07-06T04:03:58.692733,False,retry_link;reminder;discount_offer;escalate_to_human;no_action,discount_offer,True,378.36,12.54,3
TXN003260,CUST01116,1493,6257.55,0.0,284.83,0,96,214.32,payment_failed,insufficient_funds,2026-07-19T04:04:01.540840,4,6,0,2026-07-12T14:38:51.283614,False,retry_link;reminder;discount_offer;escalate_to_human;no_action,reminder,True,214.32,1.99,1
TXN003261,CUST00671,921,24962.58,0.5,425.37,0,42,368.2,payment_failed,gateway_error,2026-07-19T04:10:34.367008,4,6,0,,False,retry_link;reminder;discount_offer;escalate_to_human;no_action,discount_offer,True,368.2,5.52,0
TXN003262,CUST01026,117,2605.3,0.0,199.08,0,59,112.64,payment_failed,gateway_error,2026-07-19T05:00:50.927976,5,6,0,2026-07-07T08:14:59.511663,False,retry_link;reminder;discount_offer;escalate_to_human;no_action,reminder,True,112.64,0.68,1
TXN003263,CUST00622,248,7965.62,0.0,467.89,0,132,620.81,payment_failed,insufficient_funds,2026-07-19T05:42:17.514298,5,6,0,2026-07-04T09:29:14.243430,True,no_action,no_action,False,0.0,,2
TXN003264,CUST01108,1411,1874.84,1.0,220.45,2,4,185.1,checkout_abandoned,bank_decline,2026-07-19T06:36:31.831268,6,6,0,2026-07-15T05:14:56.070400,False,retry_link;reminder;discount_offer;escalate_to_human;no_action,discount_offer,True,185.1,2.62,0
TXN003265,CUST01312,1169,10152.07,0.5,723.57,0,31,1117.27,payment_failed,price_hesitation,2026-07-19T06:43:16.483263,6,6,0,,False,retry_link;reminder;discount_offer;escalate_to_human;no_action,escalate_to_human,True,1117.27,23.52,0
TXN003266,CUST01320,172,13560.33,0.5,367.32,1,5,253.11,checkout_abandoned,insufficient_funds,2026-07-19T06:45:53.538526,6,6,0,2026-07-13T12:18:04.160287,False,retry_link;reminder;discount_offer;escalate_to_human;no_action,no_action,False,0.0,,1
TXN003267,CUST00513,1225,5405.41,0.0,250.28,0,85,371.13,payment_failed,bank_decline,2026-07-19T06:46:41.606422,6,6,0,2026-07-01T00:23:49.050932,False,retry_link;reminder;discount_offer;escalate_to_human;no_action,reminder,True,371.13,0.58,1
TXN003268,CUST01443,650,9865.15,0.25,398.95,1,11,373.94,checkout_abandoned,otp_timeout,2026-07-19T06:53:49.225324,6,6,0,2026-07-17T22:07:38.722820,False,retry_link;reminder;discount_offer;escalate_to_human;no_action,no_action,False,0.0,,3
TXN003269,CUST01222,1442,1273.21,0.5,343.23,1,4,337.97,payment_failed,gateway_error,2026-07-19T07:07:24.213230,7,6,0,2026-07-14T22:12:28.891022,False,retry_link;reminder;discount_offer;escalate_to_human;no_action,no_action,False,0.0,,1
TXN003270,CUST00513,1225,5405.41,0.5,250.28,1,0,195.08,checkout_abandoned,bank_decline,2026-07-19T07:37:31.131699,7,6,1,2026-07-19T06:46:41.606422,False,retry_link;reminder;discount_offer;escalate_to_human;no_action,escalate_to_human,False,0.0,,1
TXN003271,CUST00755,657,4108.94,0.333,399.73,1,14,465.76,checkout_abandoned,gateway_error,2026-07-19T07:37:35.215111,7,6,0,2026-07-17T20:49:10.783358,False,retry_link;reminder;discount_offer;escalate_to_human;no_action,discount_offer,True,465.76,2.12,2
TXN003272,CUST00942,1370,4389.94,0.0,460.76,0,88,406.21,payment_failed,gateway_error,2026-07-19T07:57:45.538323,7,6,0,2026-06-02T01:18:02.385871,False,retry_link;reminder;discount_offer;escalate_to_human;no_action,escalate_to_human,True,406.21,0.34,2
TXN003273,CUST00015,1179,5848.44,0.0,176.56,0,73,205.48,payment_failed,otp_timeout,2026-07-19T08:42:47.719689,8,6,0,2026-07-08T17:48:22.569662,True,no_action,no_action,False,0.0,,3
TXN003274,CUST01254,975,1125.08,0.5,150.59,1,3,148.7,payment_failed,insufficient_funds,2026-07-19T09:31:56.487517,9,6,0,2026-07-15T23:15:36.882567,False,retry_link;reminder;discount_offer;escalate_to_human;no_action,retry_link,False,0.0,,1
TXN003275,CUST00738,1107,35026.15,1.0,368.93,2,2,321.27,checkout_abandoned,bank_decline,2026-07-19T09:48:32.960264,9,6,0,2026-07-16T18:10:17.175530,False,retry_link;reminder;discount_offer;escalate_to_human;no_action,discount_offer,True,321.27,0.35,0
TXN003276,CUST00346,1487,1511.47,0.5,372.71,1,28,377.09,checkout_abandoned,insufficient_funds,2026-07-19T10:29:53.562176,10,6,0,2026-07-01T00:17:55.824155,False,retry_link;reminder;discount_offer;escalate_to_human;no_action,reminder,False,0.0,,1
TXN003277,CUST01219,660,2034.94,0.2,1048.39,1,35,672.07,checkout_abandoned,insufficient_funds,2026-07-19T10:37:16.612916,10,6,1,2026-07-19T00:32:26.959309,False,retry_link;reminder;discount_offer;escalate_to_human;no_action,discount_offer,False,0.0,,4
TXN003278,CUST00401,1166,4931.6,1.0,219.24,1,44,201.6,payment_failed,bank_decline,2026-07-19T10:37:27.675271,10,6,0,2026-06-04T23:33:24.437788,False,retry_link;reminder;discount_offer;escalate_to_human;no_action,escalate_to_human,False,0.0,,0
TXN003279,CUST00491,1301,2869.85,0.5,504.68,2,13,493.55,payment_failed,gateway_error,2026-07-19T10:38:24.519112,10,6,0,2026-07-05T12:14:43.090835,False,retry_link;reminder;discount_offer;escalate_to_human;no_action,retry_link,True,493.55,11.15,2
TXN003280,CUST01046,359,1288.98,0.0,100.0,0,119,131.59,checkout_abandoned,bank_decline,2026-07-19T11:24:09.082583,11,6,0,2026-07-08T21:52:30.178952,False,retry_link;reminder;discount_offer;escalate_to_human;no_action,discount_offer,True,131.59,12.96,4
TXN003281,CUST01378,755,672.53,0.0,113.87,0,55,147.81,checkout_abandoned,insufficient_funds,2026-07-19T11:40:39.611796,11,6,0,2026-06-30T23:59:53.234580,False,retry_link;reminder;discount_offer;escalate_to_human;no_action,escalate_to_human,False,0.0,,3
TXN003282,CUST01071,314,4872.22,0.167,390.1,1,19,353.06,checkout_abandoned,insufficient_funds,2026-07-19T12:30:40.559403,12,6,0,2026-07-12T16:41:33.072126,False,retry_link;reminder;discount_offer;escalate_to_human;no_action,discount_offer,False,0.0,,5
TXN003283,CUST00664,896,715.29,0.667,329.92,2,3,211.1,payment_failed,price_hesitation,2026-07-19T12:43:52.475979,12,6,0,2026-07-15T21:07:11.035672,False,retry_link;reminder;discount_offer;escalate_to_human;no_action,retry_link,False,0.0,,1
TXN003284,CUST01485,1294,3555.38,1.0,287.36,1,25,320.11,checkout_abandoned,insufficient_funds,2026-07-19T13:03:07.024863,13,6,0,2026-06-24T12:36:19.926612,False,retry_link;reminder;discount_offer;escalate_to_human;no_action,reminder,True,320.11,1.0,0
TXN003285,CUST01201,716,15208.3,1.0,308.22,1,28,299.89,payment_failed,gateway_error,2026-07-19T13:18:27.850844,13,6,0,2026-06-20T15:28:47.444768,False,retry_link;reminder;discount_offer;escalate_to_human;no_action,escalate_to_human,True,299.89,8.6,0
TXN003286,CUST00175,693,15588.26,0.0,164.7,0,65,218.58,payment_failed,price_hesitation,2026-07-19T13:38:07.648565,13,6,0,2026-07-06T02:38:06.954174,True,no_action,no_action,False,0.0,,3
TXN003287,CUST01482,435,5431.01,1.0,211.75,1,20,220.0,payment_failed,insufficient_funds,2026-07-19T13:38:15.771108,13,6,0,2026-06-28T18:52:43.370594,False,retry_link;reminder;discount_offer;escalate_to_human;no_action,no_action,False,0.0,,0
TXN003288,CUST01134,921,8288.64,1.0,268.51,1,6,222.97,checkout_abandoned,gateway_error,2026-07-19T13:43:30.649685,13,6,0,,False,retry_link;reminder;discount_offer;escalate_to_human;no_action,discount_offer,False,0.0,,0
TXN003289,CUST01080,1380,4704.73,0.5,459.51,1,5,504.13,payment_failed,bank_decline,2026-07-19T13:57:04.187678,13,6,0,2026-07-14T01:47:41.546775,False,retry_link;reminder;discount_offer;escalate_to_human;no_action,no_action,False,0.0,,1
TXN003290,CUST00166,482,19330.55,0.0,125.8,0,139,133.63,checkout_abandoned,gateway_error,2026-07-19T14:30:09.972366,14,6,0,2026-07-05T19:48:10.215301,False,retry_link;reminder;discount_offer;escalate_to_human;no_action,no_action,False,0.0,,2
TXN003291,CUST00830,369,876.76,0.667,600.35,2,12,843.98,payment_failed,gateway_error,2026-07-19T14:31:38.581700,14,6,0,2026-07-06T20:47:44.886257,False,retry_link;reminder;discount_offer;escalate_to_human;no_action,no_action,True,843.98,18.59,1
TXN003292,CUST00232,30,8310.56,0.0,457.0,0,90,282.58,payment_failed,insufficient_funds,2026-07-19T15:30:06.884836,15,6,0,2026-06-05T14:50:02.984858,True,no_action,no_action,False,0.0,,4
TXN003293,CUST00257,156,3122.63,0.0,375.04,0,61,326.81,checkout_abandoned,gateway_error,2026-07-19T17:10:18.474539,17,6,0,2026-07-10T00:39:27.157720,True,no_action,no_action,False,0.0,,3
TXN003294,CUST00229,265,88.83,0.667,539.94,2,7,283.8,checkout_abandoned,otp_timeout,2026-07-19T18:27:24.796090,18,6,0,2026-07-12T00:38:14.042604,False,retry_link;reminder;discount_offer;escalate_to_human;no_action,reminder,False,0.0,,1
TXN003295,CUST01246,1289,6388.32,0.333,748.05,1,39,464.66,payment_failed,insufficient_funds,2026-07-19T18:28:41.190297,18,6,0,2026-06-10T19:30:46.801176,False,retry_link;reminder;discount_offer;escalate_to_human;no_action,retry_link,False,0.0,,2
TXN003296,CUST00873,188,2202.76,1.0,206.34,1,8,243.0,payment_failed,otp_timeout,2026-07-19T18:37:00.034189,18,6,0,2026-07-11T17:11:57.266255,False,retry_link;reminder;discount_offer;escalate_to_human;no_action,escalate_to_human,False,0.0,,0
TXN003297,CUST01388,1336,2042.71,1.0,529.49,2,14,435.27,checkout_abandoned,otp_timeout,2026-07-19T18:38:35.924147,18,6,0,2026-07-04T20:34:59.539582,False,retry_link;reminder;discount_offer;escalate_to_human;no_action,reminder,True,435.27,0.67,0
TXN003298,CUST01159,511,821.64,0.0,279.54,0,149,245.42,payment_failed,bank_decline,2026-07-19T19:03:19.434525,19,6,0,2026-07-17T12:08:39.368876,False,retry_link;reminder;discount_offer;escalate_to_human;no_action,no_action,False,0.0,,6
TXN003299,CUST00899,924,2129.82,0.0,156.14,0,120,161.03,payment_failed,gateway_error,2026-07-19T20:28:24.350639,20,6,0,2026-07-07T05:19:31.671803,False,retry_link;reminder;discount_offer;escalate_to_human;no_action,escalate_to_human,True,161.03,2.13,1
TXN003300,CUST00572,424,3184.24,1.0,206.13,1,34,226.92,payment_failed,price_hesitation,2026-07-19T20:30:35.354140,20,6,0,2026-06-15T14:56:37.964877,False,retry_link;reminder;discount_offer;escalate_to_human;no_action,reminder,False,0.0,,0
TXN003301,CUST00690,1494,3100.34,1.0,246.91,2,23,289.87,payment_failed,bank_decline,2026-07-19T20:38:03.380468,20,6,0,,True,no_action,no_action,True,289.87,3.45,0
TXN003302,CUST00134,1192,6677.06,0.5,162.21,0,11,150.44,payment_failed,insufficient_funds,2026-07-19T20:55:07.217984,20,6,0,,False,retry_link;reminder;discount_offer;escalate_to_human;no_action,reminder,True,150.44,4.79,0
TXN003303,CUST01370,1321,6091.29,0.0,320.62,0,46,325.98,checkout_abandoned,price_hesitation,2026-07-19T21:19:30.470266,21,6,0,,False,retry_link;reminder;discount_offer;escalate_to_human;no_action,escalate_to_human,True,325.98,0.62,1
TXN003304,CUST00695,380,1924.89,0.333,1060.78,1,44,1547.17,payment_failed,price_hesitation,2026-07-19T22:15:13.206949,22,6,0,2026-07-12T18:59:05.752143,False,retry_link;reminder;discount_offer;escalate_to_human;no_action,escalate_to_human,True,1547.17,0.44,2
TXN003305,CUST01432,257,1936.39,0.5,551.11,1,16,276.3,payment_failed,price_hesitation,2026-07-19T22:50:21.314717,22,6,0,2026-07-03T16:23:11.768058,False,retry_link;reminder;discount_offer;escalate_to_human;no_action,discount_offer,True,276.3,3.17,1
TXN003306,CUST01172,587,1407.24,0.0,204.91,0,71,173.84,payment_failed,insufficient_funds,2026-07-19T22:52:44.675027,22,6,0,2026-07-15T16:17:48.553121,False,retry_link;reminder;discount_offer;escalate_to_human;no_action,discount_offer,False,0.0,,2
TXN003307,CUST00394,1080,5498.52,1.0,108.41,1,21,149.82,payment_failed,insufficient_funds,2026-07-19T23:07:44.352382,23,6,0,2026-06-27T23:20:32.809640,False,retry_link;reminder;discount_offer;escalate_to_human;no_action,retry_link,False,0.0,,0
TXN003308,CUST00491,1301,2869.85,0.6,504.68,3,0,591.45,checkout_abandoned,otp_timeout,2026-07-19T23:27:26.168971,23,6,1,2026-07-19T10:38:24.519112,False,retry_link;reminder;discount_offer;escalate_to_human;no_action,discount_offer,True,591.45,1.42,2
TXN003309,CUST00039,947,7996.83,0.333,459.69,1,27,329.41,payment_failed,otp_timeout,2026-07-19T23:29:48.198656,23,6,0,2026-06-22T05:59:19.871828,False,retry_link;reminder;discount_offer;escalate_to_human;no_action,no_action,False,0.0,,2
TXN003310,CUST01471,1047,1764.85,0.0,313.76,0,118,169.89,checkout_abandoned,otp_timeout,2026-07-19T23:36:05.321804,23,6,0,2026-07-09T22:34:44.966250,False,retry_link;reminder;discount_offer;escalate_to_human;no_action,discount_offer,False,0.0,,1
TXN003311,CUST01010,403,4447.25,0.0,252.31,0,79,294.61,payment_failed,otp_timeout,2026-07-19T23:51:40.928664,23,6,0,2026-06-26T10:16:56.642169,False,retry_link;reminder;discount_offer;escalate_to_human;no_action,no_action,True,294.61,9.39,2
TXN003312,CUST01176,475,892.37,0.5,192.03,1,12,231.21,checkout_abandoned,gateway_error,2026-07-19T23:53:59.091084,23,6,0,2026-07-07T16:55:53.233371,False,retry_link;reminder;discount_offer;escalate_to_human;no_action,escalate_to_human,True,231.21,1.33,1
TXN003313,CUST01131,1005,6338.58,0.0,425.04,0,60,577.51,payment_failed,price_hesitation,2026-07-20T00:29:48.308752,0,0,0,,False,retry_link;reminder;discount_offer;escalate_to_human;no_action,escalate_to_human,False,0.0,,1
TXN003314,CUST00901,64,5173.03,1.0,369.19,1,26,357.65,payment_failed,bank_decline,2026-07-20T00:58:25.379149,0,0,0,2026-06-24T00:09:17.528544,False,retry_link;reminder;discount_offer;escalate_to_human;no_action,no_action,True,357.65,3.65,0
TXN003315,CUST00283,736,9870.46,0.5,441.72,0,37,277.24,checkout_abandoned,insufficient_funds,2026-07-20T01:34:17.440973,1,0,0,,False,retry_link;reminder;discount_offer;escalate_to_human;no_action,retry_link,True,277.24,6.2,0
TXN003316,CUST00654,830,4785.15,1.0,354.32,1,4,339.14,checkout_abandoned,gateway_error,2026-07-20T01:52:17.168756,1,0,0,,False,retry_link;reminder;discount_offer;escalate_to_human;no_action,no_action,True,339.14,2.21,0
TXN003317,CUST00660,265,18932.54,1.0,396.77,1,20,732.49,payment_failed,gateway_error,2026-07-20T02:02:23.363384,2,0,0,2026-06-29T05:10:47.861379,False,retry_link;reminder;discount_offer;escalate_to_human;no_action,discount_offer,True,732.49,0.54,0
TXN003318,CUST00015,1179,5848.44,0.0,176.56,0,74,319.89,payment_failed,bank_decline,2026-07-20T02:42:37.404463,2,0,0,2026-07-08T17:48:22.569662,True,no_action,no_action,False,0.0,,4
TXN003319,CUST01076,1067,3428.79,0.5,430.67,1,17,339.52,checkout_abandoned,gateway_error,2026-07-20T03:12:44.090016,3,0,0,2026-07-02T09:13:46.048741,True,no_action,no_action,True,339.52,11.64,1
TXN003320,CUST00540,1063,14754.01,1.0,217.74,1,10,222.39,payment_failed,price_hesitation,2026-07-20T03:13:50.170011,3,0,0,2026-07-09T22:12:43.419253,False,retry_link;reminder;discount_offer;escalate_to_human;no_action,no_action,False,0.0,,0
TXN003321,CUST00086,146,4249.47,0.0,1054.93,0,71,891.58,payment_failed,insufficient_funds,2026-07-20T03:17:04.098428,3,0,0,2026-07-06T13:15:15.171749,False,retry_link;reminder;discount_offer;escalate_to_human;no_action,no_action,False,0.0,,3
TXN003322,CUST00348,271,24092.08,1.0,111.52,1,32,138.22,payment_failed,otp_timeout,2026-07-20T03:48:47.241564,3,0,0,2026-06-18T02:56:21.290271,False,retry_link;reminder;discount_offer;escalate_to_human;no_action,discount_offer,True,138.22,11.47,0
TXN003323,CUST00144,1489,2291.92,0.0,1508.91,0,112,1177.47,payment_failed,insufficient_funds,2026-07-20T04:16:50.156594,4,0,0,2026-07-10T11:26:22.433293,False,retry_link;reminder;discount_offer;escalate_to_human;no_action,escalate_to_human,False,0.0,,5
TXN003324,CUST00168,502,313.6,1.0,647.98,2,31,894.22,payment_failed,insufficient_funds,2026-07-20T04:26:20.361531,4,0,0,2026-06-18T10:32:41.222825,False,retry_link;reminder;discount_offer;escalate_to_human;no_action,retry_link,True,894.22,13.08,0
TXN003325,CUST01051,548,5319.95,0.2,271.58,1,24,189.41,payment_failed,insufficient_funds,2026-07-20T04:27:26.618666,4,0,0,2026-07-16T11:02:04.361847,False,retry_link;reminder;discount_offer;escalate_to_human;no_action,retry_link,True,189.41,5.94,4
TXN003326,CUST00303,1344,9679.33,0.0,112.14,0,155,62.44,checkout_abandoned,bank_decline,2026-07-20T04:27:55.179400,4,0,0,,True,no_action,no_action,False,0.0,,3
TXN003327,CUST00868,670,1663.21,0.4,362.29,2,23,250.64,payment_failed,price_hesitation,2026-07-20T04:48:24.338364,4,0,0,2026-07-14T15:03:29.081004,False,retry_link;reminder;discount_offer;escalate_to_human;no_action,reminder,False,0.0,,3
TXN003328,CUST00434,651,10589.29,0.0,326.22,0,90,253.28,checkout_abandoned,insufficient_funds,2026-07-20T05:56:01.542382,5,0,0,2026-07-12T18:47:16.854482,False,retry_link;reminder;discount_offer;escalate_to_human;no_action,discount_offer,False,0.0,,1
TXN003329,CUST00635,1028,8207.43,0.0,849.99,0,72,931.6,checkout_abandoned,insufficient_funds,2026-07-20T06:00:41.697406,6,0,0,2026-06-07T18:48:19.601877,True,no_action,no_action,True,931.6,0.14,5
TXN003330,CUST01328,1012,5499.88,0.0,209.24,0,137,202.45,checkout_abandoned,price_hesitation,2026-07-20T06:38:25.376477,6,0,0,2026-07-04T04:09:20.789540,False,retry_link;reminder;discount_offer;escalate_to_human;no_action,escalate_to_human,False,0.0,,2
TXN003331,CUST00702,252,7552.12,0.0,153.89,0,133,222.4,checkout_abandoned,insufficient_funds,2026-07-20T07:13:55.036633,7,0,0,2026-07-10T15:35:49.444351,False,retry_link;reminder;discount_offer;escalate_to_human;no_action,discount_offer,False,0.0,,5
TXN003332,CUST00631,491,9122.51,0.333,779.42,1,46,689.51,payment_failed,otp_timeout,2026-07-20T08:02:58.469205,8,0,0,2026-07-09T22:08:24.795114,True,no_action,no_action,False,0.0,,2
TXN003333,CUST00552,1242,3253.74,0.667,285.26,2,23,286.34,payment_failed,otp_timeout,2026-07-20T08:30:35.234884,8,0,0,2026-06-27T07:57:15.544112,False,retry_link;reminder;discount_offer;escalate_to_human;no_action,retry_link,True,286.34,14.27,1
TXN003334,CUST01111,350,5235.15,0.4,323.5,2,9,253.58,payment_failed,price_hesitation,2026-07-20T08:39:09.927529,8,0,0,2026-07-10T17:00:33.692376,False,retry_link;reminder;discount_offer;escalate_to_human;no_action,reminder,False,0.0,,3
TXN003335,CUST00528,1372,4069.51,1.0,298.85,2,39,171.18,checkout_abandoned,price_hesitation,2026-07-20T09:33:06.131372,9,0,0,2026-06-10T17:59:12.409578,False,retry_link;reminder;discount_offer;escalate_to_human;no_action,escalate_to_human,False,0.0,,0
TXN003336,CUST01022,1302,8580.45,0.8,385.96,4,9,354.55,checkout_abandoned,price_hesitation,2026-07-20T09:33:29.523499,9,0,0,2026-07-10T14:27:45.428345,False,retry_link;reminder;discount_offer;escalate_to_human;no_action,escalate_to_human,False,0.0,,1
TXN003337,CUST01080,1380,4704.73,0.333,459.51,1,6,558.63,checkout_abandoned,price_hesitation,2026-07-20T11:37:07.261899,11,0,0,2026-07-14T01:47:41.546775,False,retry_link;reminder;discount_offer;escalate_to_human;no_action,reminder,False,0.0,,2
TXN003338,CUST01165,158,6590.67,0.5,426.53,1,3,484.78,payment_failed,price_hesitation,2026-07-20T12:13:15.548773,12,0,0,2026-07-16T14:55:45.649854,False,retry_link;reminder;discount_offer;escalate_to_human;no_action,discount_offer,False,0.0,,1
TXN003339,CUST00721,1396,7307.46,0.4,705.63,2,25,869.26,payment_failed,insufficient_funds,2026-07-20T12:23:53.697320,12,0,0,2026-07-10T23:49:36.959212,False,retry_link;reminder;discount_offer;escalate_to_human;no_action,no_action,False,0.0,,3
TXN003340,CUST00233,1138,1368.31,0.0,201.03,0,134,196.42,checkout_abandoned,gateway_error,2026-07-20T12:33:56.706131,12,0,0,2026-06-29T03:15:59.799344,False,retry_link;reminder;discount_offer;escalate_to_human;no_action,no_action,False,0.0,,5
TXN003341,CUST00566,342,1142.49,0.5,332.45,0,47,200.6,payment_failed,gateway_error,2026-07-20T13:04:36.550821,13,0,0,,False,retry_link;reminder;discount_offer;escalate_to_human;no_action,discount_offer,False,0.0,,0
TXN003342,CUST00215,409,9400.34,1.0,185.9,4,2,263.24,payment_failed,insufficient_funds,2026-07-20T13:08:16.599920,13,0,0,2026-07-17T13:57:16.454540,False,retry_link;reminder;discount_offer;escalate_to_human;no_action,reminder,True,263.24,7.89,0
TXN003343,CUST01154,458,1523.98,0.0,328.66,0,142,338.37,checkout_abandoned,price_hesitation,2026-07-20T13:42:47.003136,13,0,0,,False,retry_link;reminder;discount_offer;escalate_to_human;no_action,reminder,False,0.0,,2
TXN003344,CUST00694,136,22130.19,1.0,409.29,1,38,320.8,payment_failed,gateway_error,2026-07-20T14:00:38.441443,14,0,0,2026-06-12T12:54:45.418490,False,retry_link;reminder;discount_offer;escalate_to_human;no_action,reminder,True,320.8,4.0,0
TXN003345,CUST00375,142,18937.93,1.0,201.62,1,40,198.84,payment_failed,price_hesitation,2026-07-20T14:01:00.206559,14,0,0,2026-06-10T11:57:01.587231,False,retry_link;reminder;discount_offer;escalate_to_human;no_action,reminder,False,0.0,,0
TXN003346,CUST01065,582,18660.65,0.0,605.14,0,57,345.01,payment_failed,price_hesitation,2026-07-20T15:06:59.220113,15,0,0,2026-07-01T12:50:13.714495,True,no_action,no_action,False,0.0,,5
TXN003347,CUST00902,329,11362.12,0.5,498.99,1,43,635.45,payment_failed,otp_timeout,2026-07-20T15:25:31.982042,15,0,0,2026-06-10T15:01:14.209765,False,retry_link;reminder;discount_offer;escalate_to_human;no_action,retry_link,True,635.45,7.15,1
TXN003348,CUST01024,1233,10284.06,0.0,441.9,0,73,283.55,checkout_abandoned,insufficient_funds,2026-07-20T15:46:30.606049,15,0,0,2026-07-08T18:37:46.240705,False,retry_link;reminder;discount_offer;escalate_to_human;no_action,reminder,False,0.0,,2
TXN003349,CUST01398,38,6226.74,0.333,407.04,2,17,329.22,checkout_abandoned,otp_timeout,2026-07-20T15:48:11.070404,15,0,0,2026-07-15T16:03:20.943181,False,retry_link;reminder;discount_offer;escalate_to_human;no_action,discount_offer,True,329.22,0.72,4
TXN003350,CUST01414,877,2041.24,0.0,298.01,0,135,349.88,payment_failed,bank_decline,2026-07-20T16:08:46.401844,16,0,0,2026-06-11T19:31:39.026274,True,no_action,no_action,False,0.0,,3
TXN003351,CUST00241,876,5676.73,0.0,150.22,0,88,70.71,payment_failed,gateway_error,2026-07-20T16:13:44.013714,16,0,0,2026-06-29T00:21:15.577407,False,retry_link;reminder;discount_offer;escalate_to_human;no_action,discount_offer,True,70.71,3.38,2
TXN003352,CUST01259,1203,8413.02,0.167,333.97,1,24,397.8,payment_failed,bank_decline,2026-07-20T16:16:50.821467,16,0,0,2026-07-12T04:30:56.114670,False,retry_link;reminder;discount_offer;escalate_to_human;no_action,discount_offer,False,0.0,,5
TXN003353,CUST00642,1281,730.31,0.0,206.43,0,75,144.88,checkout_abandoned,price_hesitation,2026-07-20T16:23:15.347145,16,0,0,2026-07-11T03:04:07.720101,True,no_action,no_action,False,0.0,,6
TXN003354,CUST00916,814,705.04,0.0,705.89,0,147,851.57,checkout_abandoned,insufficient_funds,2026-07-20T16:54:00.546381,16,0,0,2026-06-08T02:21:59.964037,True,no_action,no_action,False,0.0,,8
TXN003355,CUST01039,1240,5310.6,0.5,269.76,1,7,275.57,checkout_abandoned,gateway_error,2026-07-20T17:00:01.908521,17,0,0,2026-07-12T19:45:26.774929,False,retry_link;reminder;discount_offer;escalate_to_human;no_action,no_action,False,0.0,,1
TXN003356,CUST00635,1028,8207.43,0.167,849.99,1,0,730.91,payment_failed,bank_decline,2026-07-20T17:06:05.074816,17,0,0,2026-06-07T18:48:19.601877,True,no_action,no_action,False,0.0,,5
TXN003357,CUST00011,1463,5240.13,0.5,173.03,0,85,153.11,checkout_abandoned,gateway_error,2026-07-20T17:08:49.058190,17,0,0,,False,retry_link;reminder;discount_offer;escalate_to_human;no_action,no_action,False,0.0,,0
TXN003358,CUST01244,1312,2191.13,0.5,443.58,1,22,348.31,checkout_abandoned,price_hesitation,2026-07-20T17:35:08.744143,17,0,0,2026-06-28T12:40:14.332463,False,retry_link;reminder;discount_offer;escalate_to_human;no_action,no_action,False,0.0,,1
TXN003359,CUST01148,1034,3268.69,1.0,396.18,1,40,483.05,payment_failed,otp_timeout,2026-07-20T17:46:55.692621,17,0,0,2026-06-10T07:29:22.732019,False,retry_link;reminder;discount_offer;escalate_to_human;no_action,retry_link,True,483.05,1.53,0
TXN003360,CUST00360,1268,6426.13,1.0,182.24,2,4,230.86,payment_failed,otp_timeout,2026-07-20T18:26:31.480357,18,0,0,2026-06-16T11:18:41.045440,False,retry_link;reminder;discount_offer;escalate_to_human;no_action,reminder,True,230.86,4.84,0
TXN003361,CUST00414,27,4099.29,0.333,654.67,1,37,890.87,checkout_abandoned,insufficient_funds,2026-07-20T19:10:09.244681,19,0,0,2026-07-03T03:55:45.967365,False,retry_link;reminder;discount_offer;escalate_to_human;no_action,no_action,False,0.0,,2
TXN003362,CUST00229,265,88.83,0.5,539.94,2,8,737.4,payment_failed,otp_timeout,2026-07-20T19:45:33.246190,19,0,0,2026-07-19T18:27:24.796090,False,retry_link;reminder;discount_offer;escalate_to_human;no_action,escalate_to_human,False,0.0,,2
TXN003363,CUST00880,129,4626.57,1.0,179.54,2,10,183.68,payment_failed,gateway_error,2026-07-20T20:22:06.529531,20,0,0,2026-07-10T13:09:07.717283,False,retry_link;reminder;discount_offer;escalate_to_human;no_action,reminder,True,183.68,4.97,0
TXN003364,CUST01329,513,1429.02,0.0,464.55,0,90,359.55,payment_failed,gateway_error,2026-07-20T20:42:49.993105,20,0,0,,False,retry_link;reminder;discount_offer;escalate_to_human;no_action,reminder,True,359.55,1.27,1
TXN003365,CUST00046,669,5388.29,1.0,475.83,1,20,447.54,checkout_abandoned,bank_decline,2026-07-20T20:46:10.679222,20,0,0,2026-06-29T23:04:29.056783,False,retry_link;reminder;discount_offer;escalate_to_human;no_action,discount_offer,True,447.54,0.02,0
TXN003366,CUST00757,575,989.45,1.0,306.43,3,18,510.42,payment_failed,bank_decline,2026-07-20T21:16:26.034389,21,0,0,2026-07-02T03:08:37.855933,False,retry_link;reminder;discount_offer;escalate_to_human;no_action,discount_offer,False,0.0,,0
TXN003367,CUST00065,489,6461.82,0.5,410.68,0,69,391.82,checkout_abandoned,insufficient_funds,2026-07-20T22:07:19.654392,22,0,0,,False,retry_link;reminder;discount_offer;escalate_to_human;no_action,no_action,False,0.0,,0
TXN003368,CUST00981,1053,2856.23,0.0,663.88,0,43,754.56,payment_failed,insufficient_funds,2026-07-20T22:49:36.028811,22,0,0,2026-07-05T10:03:24.968950,False,retry_link;reminder;discount_offer;escalate_to_human;no_action,no_action,False,0.0,,2
TXN003369,CUST01046,359,1288.98,0.2,100.0,1,1,148.77,checkout_abandoned,gateway_error,2026-07-21T00:02:50.407942,0,1,0,2026-07-19T11:24:09.082583,False,retry_link;reminder;discount_offer;escalate_to_human;no_action,retry_link,True,148.77,6.78,4
TXN003370,CUST01230,1232,5229.4,1.0,127.9,2,11,100.76,payment_failed,gateway_error,2026-07-21T00:03:32.860942,0,1,0,2026-07-09T18:14:16.589876,False,retry_link;reminder;discount_offer;escalate_to_human;no_action,discount_offer,True,100.76,3.34,0
TXN003371,CUST01124,1261,1162.9,0.75,136.87,3,10,139.36,payment_failed,gateway_error,2026-07-21T00:13:49.312304,0,1,0,2026-07-10T08:31:29.020435,False,retry_link;reminder;discount_offer;escalate_to_human;no_action,no_action,False,0.0,,1
TXN003372,CUST00910,1155,1284.52,0.111,493.27,1,45,684.24,payment_failed,insufficient_funds,2026-07-21T00:45:48.750369,0,1,0,2026-07-12T10:34:14.809375,True,no_action,no_action,False,0.0,,8
TXN003373,CUST01057,1158,6196.46,0.5,100.0,0,112,50.0,checkout_abandoned,insufficient_funds,2026-07-21T00:58:12.315482,0,1,0,,False,retry_link;reminder;discount_offer;escalate_to_human;no_action,no_action,False,0.0,,0
TXN003374,CUST01007,755,2745.73,0.5,318.1,2,35,272.77,checkout_abandoned,insufficient_funds,2026-07-21T01:17:55.198154,1,1,0,2026-07-11T11:32:48.303675,False,retry_link;reminder;discount_offer;escalate_to_human;no_action,escalate_to_human,False,0.0,,2
TXN003375,CUST00192,911,9055.62,0.5,118.91,0,51,102.33,payment_failed,otp_timeout,2026-07-21T02:02:13.233699,2,1,0,,False,retry_link;reminder;discount_offer;escalate_to_human;no_action,retry_link,True,102.33,5.17,0
TXN003376,CUST00366,704,1055.83,0.0,347.11,0,158,236.43,payment_failed,bank_decline,2026-07-21T02:04:08.768454,2,1,0,,False,retry_link;reminder;discount_offer;escalate_to_human;no_action,escalate_to_human,False,0.0,,3
TXN003377,CUST01488,167,9623.17,0.5,303.32,2,15,497.55,checkout_abandoned,price_hesitation,2026-07-21T02:05:27.679094,2,1,0,2026-07-05T19:48:40.578202,False,retry_link;reminder;discount_offer;escalate_to_human;no_action,reminder,False,0.0,,2
TXN003378,CUST01413,1188,7019.86,0.0,306.02,0,121,338.18,payment_failed,insufficient_funds,2026-07-21T02:07:45.040682,2,1,0,2026-06-13T11:09:30.513836,False,retry_link;reminder;discount_offer;escalate_to_human;no_action,escalate_to_human,False,0.0,,2
TXN003379,CUST00559,1276,3866.74,0.8,180.09,4,10,273.41,payment_failed,bank_decline,2026-07-21T02:11:16.461757,2,1,0,2026-07-10T08:50:16.351280,False,retry_link;reminder;discount_offer;escalate_to_human;no_action,retry_link,False,0.0,,1
TXN003380,CUST00858,1004,430.26,0.0,155.2,0,121,122.93,payment_failed,otp_timeout,2026-07-21T02:20:03.475645,2,1,0,2026-07-18T13:23:26.739829,False,retry_link;reminder;discount_offer;escalate_to_human;no_action,no_action,True,122.93,5.61,2
TXN003381,CUST00793,1238,546.09,0.5,354.67,1,37,343.56,payment_failed,insufficient_funds,2026-07-21T03:09:31.467573,3,1,0,2026-06-28T07:17:49.562571,False,retry_link;reminder;discount_offer;escalate_to_human;no_action,escalate_to_human,True,343.56,0.35,1
TXN003382,CUST01270,554,7553.74,0.5,159.59,2,20,241.44,payment_failed,insufficient_funds,2026-07-21T03:26:43.186991,3,1,0,2026-06-30T07:29:05.549321,False,retry_link;reminder;discount_offer;escalate_to_human;no_action,reminder,False,0.0,,2
TXN003383,CUST00138,521,583.67,0.0,682.36,0,17,680.56,payment_failed,gateway_error,2026-07-21T04:24:33.542278,4,1,0,,False,retry_link;reminder;discount_offer;escalate_to_human;no_action,retry_link,False,0.0,,1
TXN003384,CUST01237,186,1309.02,0.25,187.56,1,40,210.33,checkout_abandoned,bank_decline,2026-07-21T04:29:41.157726,4,1,0,2026-07-18T12:56:56.163591,False,retry_link;reminder;discount_offer;escalate_to_human;no_action,reminder,False,0.0,,3
TXN003385,CUST01324,1299,1078.08,0.0,281.51,0,124,547.6,payment_failed,gateway_error,2026-07-21T04:54:21.651021,4,1,0,2026-07-18T16:31:23.666518,False,retry_link;reminder;discount_offer;escalate_to_human;no_action,escalate_to_human,False,0.0,,5
TXN003386,CUST00188,358,5307.69,0.0,100.0,0,153,80.5,checkout_abandoned,insufficient_funds,2026-07-21T05:51:00.811152,5,1,0,2026-06-07T04:22:01.529608,True,no_action,no_action,False,0.0,,4
TXN003387,CUST00357,1337,108026.51,0.0,185.26,0,153,193.86,payment_failed,bank_decline,2026-07-21T05:56:51.457802,5,1,0,2026-06-18T01:45:41.598190,False,retry_link;reminder;discount_offer;escalate_to_human;no_action,escalate_to_human,False,0.0,,3
TXN003388,CUST00963,327,18982.31,1.0,463.57,1,41,632.81,checkout_abandoned,insufficient_funds,2026-07-21T06:42:32.631381,6,1,0,2026-06-09T08:53:23.774298,False,retry_link;reminder;discount_offer;escalate_to_human;no_action,escalate_to_human,True,632.81,8.91,0
TXN003389,CUST01452,77,3534.69,0.0,464.19,0,49,604.66,payment_failed,price_hesitation,2026-07-21T06:45:22.914639,6,1,0,,False,retry_link;reminder;discount_offer;escalate_to_human;no_action,retry_link,False,0.0,,1
TXN003390,CUST00327,57,8927.16,0.5,1110.3,2,22,1327.4,checkout_abandoned,insufficient_funds,2026-07-21T07:07:19.767100,7,1,0,2026-06-29T19:45:26.044220,False,retry_link;reminder;discount_offer;escalate_to_human;no_action,no_action,False,0.0,,2
TXN003391,CUST00591,1354,11908.73,0.333,265.43,1,26,382.06,checkout_abandoned,gateway_error,2026-07-21T07:25:15.136419,7,1,0,2026-07-15T02:01:00.628522,False,retry_link;reminder;discount_offer;escalate_to_human;no_action,discount_offer,True,382.06,3.19,2
TXN003392,CUST01313,1280,3176.05,0.333,407.96,1,29,471.36,checkout_abandoned,price_hesitation,2026-07-21T07:26:32.402245,7,1,0,2026-07-15T15:54:11.929453,False,retry_link;reminder;discount_offer;escalate_to_human;no_action,discount_offer,False,0.0,,2
TXN003393,CUST00042,1051,11092.4,0.333,358.86,1,17,315.34,payment_failed,insufficient_funds,2026-07-21T08:50:17.400716,8,1,0,2026-07-03T15:12:08.198999,False,retry_link;reminder;discount_offer;escalate_to_human;no_action,retry_link,True,315.34,2.65,2
TXN003394,CUST01198,1204,3466.79,1.0,358.51,1,49,276.0,checkout_abandoned,insufficient_funds,2026-07-21T09:06:42.258071,9,1,0,2026-06-02T02:12:07.730719,False,retry_link;reminder;discount_offer;escalate_to_human;no_action,discount_offer,False,0.0,,0
TXN003395,CUST01459,774,3259.24,0.5,346.47,2,38,373.75,checkout_abandoned,insufficient_funds,2026-07-21T09:11:13.978817,9,1,0,2026-06-22T20:40:00.145910,False,retry_link;reminder;discount_offer;escalate_to_human;no_action,reminder,True,373.75,5.55,2
TXN003396,CUST00523,1237,2740.58,0.0,113.77,0,14,105.26,payment_failed,bank_decline,2026-07-21T10:15:25.703172,10,1,0,2026-07-15T05:57:20.956048,False,retry_link;reminder;discount_offer;escalate_to_human;no_action,no_action,False,0.0,,1
TXN003397,CUST01253,1190,31768.97,0.0,459.56,0,67,305.63,payment_failed,bank_decline,2026-07-21T11:59:08.661564,11,1,0,2026-06-10T03:39:58.005181,True,no_action,no_action,False,0.0,,3
TXN003398,CUST01040,1059,1347.73,0.0,352.3,0,117,553.58,payment_failed,insufficient_funds,2026-07-21T12:39:08.056428,12,1,0,2026-06-22T18:47:40.022088,False,retry_link;reminder;discount_offer;escalate_to_human;no_action,reminder,True,553.58,0.43,2
TXN003399,CUST01421,1492,3410.5,0.0,896.83,0,91,1170.63,checkout_abandoned,otp_timeout,2026-07-21T12:41:10.407176,12,1,0,2026-07-15T01:25:50.806050,False,retry_link;reminder;discount_offer;escalate_to_human;no_action,reminder,False,0.0,,8
TXN003400,CUST01146,797,3905.2,0.0,336.3,0,165,454.5,payment_failed,bank_decline,2026-07-21T13:26:12.738773,13,1,0,,True,no_action,no_action,False,0.0,,2
TXN003401,CUST00410,262,1837.89,1.0,348.66,2,22,329.7,checkout_abandoned,otp_timeout,2026-07-21T13:28:02.787597,13,1,0,2026-06-29T07:09:17.587223,False,retry_link;reminder;discount_offer;escalate_to_human;no_action,retry_link,True,329.7,5.34,0
TXN003402,CUST00048,1017,1202.52,1.0,109.09,2,7,65.99,payment_failed,otp_timeout,2026-07-21T13:38:12.757803,13,1,0,,False,retry_link;reminder;discount_offer;escalate_to_human;no_action,reminder,True,65.99,5.48,0
TXN003403,CUST01270,554,7553.74,0.4,159.59,2,21,169.48,payment_failed,insufficient_funds,2026-07-21T13:39:45.671035,13,1,1,2026-07-21T03:26:43.186991,False,retry_link;reminder;discount_offer;escalate_to_human;no_action,escalate_to_human,False,0.0,,3
TXN003404,CUST00344,1358,2419.21,0.5,652.06,0,108,441.1,payment_failed,bank_decline,2026-07-21T13:43:31.411906,13,1,0,,False,retry_link;reminder;discount_offer;escalate_to_human;no_action,no_action,False,0.0,,0
TXN003405,CUST00986,925,2984.59,1.0,440.46,2,7,358.87,payment_failed,otp_timeout,2026-07-21T13:57:40.878019,13,1,0,2026-07-13T15:30:30.336587,False,retry_link;reminder;discount_offer;escalate_to_human;no_action,reminder,True,358.87,8.91,0
TXN003406,CUST00235,1079,22194.4,0.0,348.54,0,121,445.64,checkout_abandoned,gateway_error,2026-07-21T14:44:27.946442,14,1,0,,True,no_action,no_action,False,0.0,,3
TXN003407,CUST01377,1128,2028.44,1.0,234.47,1,19,226.39,payment_failed,price_hesitation,2026-07-21T15:03:00.072852,15,1,0,,False,retry_link;reminder;discount_offer;escalate_to_human;no_action,discount_offer,True,226.39,11.99,0
TXN003408,CUST00857,86,15239.7,0.0,117.31,0,121,103.88,payment_failed,gateway_error,2026-07-21T15:06:27.607864,15,1,0,2026-07-09T08:47:57.457465,False,retry_link;reminder;discount_offer;escalate_to_human;no_action,no_action,False,0.0,,7
TXN003409,CUST00037,1241,12588.28,0.0,382.99,0,131,621.56,checkout_abandoned,insufficient_funds,2026-07-21T15:35:49.492413,15,1,0,2026-06-22T14:57:48.214765,False,retry_link;reminder;discount_offer;escalate_to_human;no_action,retry_link,False,0.0,,3
TXN003410,CUST00402,481,2154.27,0.5,830.82,0,35,396.47,payment_failed,gateway_error,2026-07-21T15:37:22.346597,15,1,0,,False,retry_link;reminder;discount_offer;escalate_to_human;no_action,discount_offer,True,396.47,5.54,0
TXN003411,CUST00085,1050,16481.23,0.0,245.69,0,82,219.35,payment_failed,bank_decline,2026-07-21T15:47:00.865324,15,1,0,2026-07-14T23:40:17.895540,False,retry_link;reminder;discount_offer;escalate_to_human;no_action,retry_link,False,0.0,,4
TXN003412,CUST00394,1080,5498.52,0.5,108.41,1,23,66.77,checkout_abandoned,bank_decline,2026-07-21T16:29:18.169655,16,1,0,2026-07-19T23:07:44.352382,False,retry_link;reminder;discount_offer;escalate_to_human;no_action,discount_offer,False,0.0,,1
TXN003413,CUST00588,1255,231.41,1.0,390.33,1,40,320.71,checkout_abandoned,otp_timeout,2026-07-21T16:35:01.486774,16,1,0,2026-06-11T11:52:13.344553,False,retry_link;reminder;discount_offer;escalate_to_human;no_action,discount_offer,False,0.0,,0
TXN003414,CUST01257,833,6241.65,0.5,288.97,0,101,426.27,payment_failed,otp_timeout,2026-07-21T16:46:34.936056,16,1,0,,False,retry_link;reminder;discount_offer;escalate_to_human;no_action,discount_offer,True,426.27,1.13,0
TXN003415,CUST01437,979,2017.47,0.0,1042.38,0,49,1048.5,checkout_abandoned,price_hesitation,2026-07-21T17:04:12.660913,17,1,0,2026-06-24T03:13:36.373880,False,retry_link;reminder;discount_offer;escalate_to_human;no_action,escalate_to_human,True,1048.5,8.32,1
TXN003416,CUST01305,1007,973.61,0.0,846.34,0,157,900.12,payment_failed,price_hesitation,2026-07-21T17:06:06.029324,17,1,0,,False,retry_link;reminder;discount_offer;escalate_to_human;no_action,no_action,False,0.0,,2
TXN003417,CUST00933,974,3215.72,0.5,304.78,1,48,225.09,checkout_abandoned,gateway_error,2026-07-21T17:06:58.792408,17,1,0,2026-06-03T12:37:18.612835,False,retry_link;reminder;discount_offer;escalate_to_human;no_action,retry_link,True,225.09,1.86,1
TXN003418,CUST01361,101,7523.33,0.0,1133.12,0,150,641.76,payment_failed,price_hesitation,2026-07-21T17:37:34.827141,17,1,0,2026-07-07T11:04:42.126745,False,retry_link;reminder;discount_offer;escalate_to_human;no_action,discount_offer,True,641.76,4.1,2
TXN003419,CUST01189,11,7934.73,0.6,322.4,3,7,672.55,payment_failed,otp_timeout,2026-07-21T17:39:58.896360,17,1,0,2026-07-14T06:48:57.568250,False,retry_link;reminder;discount_offer;escalate_to_human;no_action,reminder,False,0.0,,2
TXN003420,CUST00885,1102,21893.24,0.0,339.27,0,159,301.6,payment_failed,price_hesitation,2026-07-21T18:13:39.503086,18,1,0,2026-06-21T13:21:32.215943,False,retry_link;reminder;discount_offer;escalate_to_human;no_action,reminder,True,301.6,9.78,4
TXN003421,CUST01360,124,7692.42,0.6,486.39,3,6,489.84,payment_failed,otp_timeout,2026-07-21T18:13:42.051079,18,1,0,2026-07-02T15:44:21.368221,False,retry_link;reminder;discount_offer;escalate_to_human;no_action,discount_offer,True,489.84,1.38,2
TXN003422,CUST00149,88,4669.25,1.0,530.25,2,19,546.88,checkout_abandoned,bank_decline,2026-07-21T18:31:20.285604,18,1,0,2026-07-01T23:45:03.487928,False,retry_link;reminder;discount_offer;escalate_to_human;no_action,retry_link,False,0.0,,0
TXN003423,CUST01464,1278,724.47,0.0,175.9,0,84,191.34,payment_failed,bank_decline,2026-07-21T19:33:41.215351,19,1,0,2026-06-09T14:10:46.567512,False,retry_link;reminder;discount_offer;escalate_to_human;no_action,discount_offer,False,0.0,,1
TXN003424,CUST01196,1070,2495.75,0.0,353.92,0,96,490.03,payment_failed,bank_decline,2026-07-21T19:45:15.346410,19,1,0,2026-06-09T18:17:07.942341,False,retry_link;reminder;discount_offer;escalate_to_human;no_action,escalate_to_human,False,0.0,,2
TXN003425,CUST00841,984,5732.56,0.5,372.24,2,4,393.27,payment_failed,price_hesitation,2026-07-21T19:50:38.265240,19,1,0,2026-07-17T21:44:32.910706,False,retry_link;reminder;discount_offer;escalate_to_human;no_action,no_action,False,0.0,,2
TXN003426,CUST00197,177,8798.66,0.0,226.05,0,145,340.53,payment_failed,bank_decline,2026-07-21T20:42:37.432430,20,1,0,2026-06-01T19:54:38.722447,False,retry_link;reminder;discount_offer;escalate_to_human;no_action,retry_link,False,0.0,,1
TXN003427,CUST01389,1363,6201.37,0.0,322.68,0,99,452.27,payment_failed,bank_decline,2026-07-21T20:44:41.582937,20,1,0,2026-06-18T22:49:49.826765,False,retry_link;reminder;discount_offer;escalate_to_human;no_action,reminder,True,452.27,5.89,1
TXN003428,CUST01040,1059,1347.73,0.333,352.3,1,0,360.6,checkout_abandoned,otp_timeout,2026-07-21T20:53:38.269578,20,1,1,2026-07-21T12:39:08.056428,False,retry_link;reminder;discount_offer;escalate_to_human;no_action,no_action,False,0.0,,2
TXN003429,CUST01120,21,2575.88,1.0,268.03,1,6,332.13,payment_failed,otp_timeout,2026-07-21T20:58:48.338807,20,1,0,2026-07-14T21:44:43.565376,False,retry_link;reminder;discount_offer;escalate_to_human;no_action,retry_link,True,332.13,7.34,0
TXN003430,CUST00241,876,5676.73,0.333,150.22,1,1,157.34,payment_failed,insufficient_funds,2026-07-21T21:08:59.884982,21,1,0,2026-07-20T16:13:44.013714,False,retry_link;reminder;discount_offer;escalate_to_human;no_action,retry_link,True,157.34,0.07,2
TXN003431,CUST01239,62,2579.48,0.0,524.96,0,73,555.96,payment_failed,bank_decline,2026-07-21T21:30:07.625462,21,1,0,2026-07-19T01:04:10.387426,False,retry_link;reminder;discount_offer;escalate_to_human;no_action,escalate_to_human,False,0.0,,1
TXN003432,CUST00765,1170,2017.4,0.5,252.59,1,32,228.96,payment_failed,insufficient_funds,2026-07-21T21:58:12.220060,21,1,0,2026-06-19T01:41:58.202674,False,retry_link;reminder;discount_offer;escalate_to_human;no_action,discount_offer,False,0.0,,1
TXN003433,CUST01496,827,4976.12,0.0,524.0,0,127,701.97,payment_failed,gateway_error,2026-07-21T22:19:09.959866,22,1,0,,False,retry_link;reminder;discount_offer;escalate_to_human;no_action,escalate_to_human,False,0.0,,1
TXN003434,CUST00719,899,16863.8,0.0,210.52,0,137,209.18,payment_failed,bank_decline,2026-07-21T22:20:53.856281,22,1,0,2026-06-04T10:26:14.511163,False,retry_link;reminder;discount_offer;escalate_to_human;no_action,escalate_to_human,False,0.0,,2
TXN003435,CUST01369,952,8222.27,0.5,237.89,1,13,228.55,payment_failed,bank_decline,2026-07-21T22:22:07.466612,22,1,0,,False,retry_link;reminder;discount_offer;escalate_to_human;no_action,no_action,True,228.55,16.88,1
TXN003436,CUST00227,869,195.65,0.0,250.92,0,95,365.55,checkout_abandoned,insufficient_funds,2026-07-21T22:38:04.333798,22,1,0,2026-07-12T11:02:08.870288,False,retry_link;reminder;discount_offer;escalate_to_human;no_action,escalate_to_human,False,0.0,,2
TXN003437,CUST01373,631,12096.12,0.667,432.2,2,13,534.1,payment_failed,insufficient_funds,2026-07-21T22:58:10.371699,22,1,0,2026-07-08T10:39:03.116832,False,retry_link;reminder;discount_offer;escalate_to_human;no_action,reminder,False,0.0,,1
TXN003438,CUST00829,44,7593.59,0.4,775.99,2,17,391.99,checkout_abandoned,insufficient_funds,2026-07-21T23:21:21.623226,23,1,0,2026-07-14T03:12:03.585045,False,retry_link;reminder;discount_offer;escalate_to_human;no_action,retry_link,False,0.0,,3
TXN003439,CUST01323,1329,2122.22,0.0,421.04,0,128,512.4,checkout_abandoned,insufficient_funds,2026-07-21T23:35:47.525619,23,1,0,2026-07-15T21:58:17.882217,False,retry_link;reminder;discount_offer;escalate_to_human;no_action,no_action,False,0.0,,5
TXN003440,CUST00395,1311,5360.9,0.667,219.78,2,31,142.21,payment_failed,gateway_error,2026-07-21T23:53:16.789343,23,1,0,2026-06-26T12:31:17.023939,False,retry_link;reminder;discount_offer;escalate_to_human;no_action,reminder,False,0.0,,1
TXN003441,CUST00038,415,9932.71,0.0,633.18,0,131,770.94,payment_failed,otp_timeout,2026-07-21T23:54:33.951907,23,1,0,,False,retry_link;reminder;discount_offer;escalate_to_human;no_action,discount_offer,True,770.94,2.43,1
TXN003442,CUST01477,591,4991.44,0.0,299.05,0,63,210.19,checkout_abandoned,otp_timeout,2026-07-22T00:01:32.683772,0,2,0,2026-06-08T07:39:29.541473,False,retry_link;reminder;discount_offer;escalate_to_human;no_action,escalate_to_human,True,210.19,9.33,2
TXN003443,CUST00713,1146,813.21,0.5,622.55,0,110,466.25,checkout_abandoned,otp_timeout,2026-07-22T00:46:41.368600,0,2,0,,False,retry_link;reminder;discount_offer;escalate_to_human;no_action,escalate_to_human,True,466.25,2.65,0
TXN003444,CUST01048,1003,1790.9,0.0,273.74,0,67,219.13,payment_failed,bank_decline,2026-07-22T01:16:06.117775,1,2,0,2026-07-06T09:52:51.250397,False,retry_link;reminder;discount_offer;escalate_to_human;no_action,reminder,False,0.0,,4
TXN003445,CUST00208,396,3806.65,0.667,326.98,2,22,333.01,payment_failed,bank_decline,2026-07-22T01:54:46.797378,1,2,0,2026-06-29T10:03:32.468515,False,retry_link;reminder;discount_offer;escalate_to_human;no_action,no_action,False,0.0,,1
TXN003446,CUST00330,820,1253.97,1.0,120.61,3,29,84.56,payment_failed,gateway_error,2026-07-22T02:32:46.948029,2,2,0,2026-06-22T21:28:52.675849,False,retry_link;reminder;discount_offer;escalate_to_human;no_action,escalate_to_human,True,84.56,3.94,0
TXN003447,CUST00034,1331,35020.37,1.0,614.17,2,3,1031.72,payment_failed,otp_timeout,2026-07-22T03:59:54.118619,3,2,0,2026-07-18T06:35:11.943669,False,retry_link;reminder;discount_offer;escalate_to_human;no_action,retry_link,True,1031.72,4.27,0
TXN003448,CUST01465,168,5009.38,0.0,387.87,0,113,523.92,payment_failed,gateway_error,2026-07-22T04:12:58.394405,4,2,0,2026-06-03T01:13:21.783302,False,retry_link;reminder;discount_offer;escalate_to_human;no_action,escalate_to_human,True,523.92,0.75,3
TXN003449,CUST00039,947,7996.83,0.25,459.69,1,29,471.71,payment_failed,insufficient_funds,2026-07-22T04:28:09.045452,4,2,0,2026-06-22T05:59:19.871828,False,retry_link;reminder;discount_offer;escalate_to_human;no_action,retry_link,True,471.71,2.83,3
TXN003450,CUST01426,1007,1742.46,1.0,775.77,2,14,740.15,payment_failed,insufficient_funds,2026-07-22T05:56:27.928336,5,2,0,,False,retry_link;reminder;discount_offer;escalate_to_human;no_action,no_action,True,740.15,8.53,0
TXN003451,CUST00169,35,754.16,0.25,321.5,1,34,195.16,payment_failed,insufficient_funds,2026-07-22T06:16:19.199924,6,2,0,2026-07-08T20:50:54.979398,False,retry_link;reminder;discount_offer;escalate_to_human;no_action,no_action,False,0.0,,3
TXN003452,CUST01421,1492,3410.5,0.0,896.83,0,92,1039.04,payment_failed,otp_timeout,2026-07-22T06:30:40.635350,6,2,1,2026-07-21T12:41:10.407176,True,no_action,no_action,False,0.0,,9
TXN003453,CUST00989,1181,4103.73,0.4,237.7,2,5,407.56,checkout_abandoned,price_hesitation,2026-07-22T07:05:54.597849,7,2,0,2026-07-18T18:34:29.651510,False,retry_link;reminder;discount_offer;escalate_to_human;no_action,no_action,True,407.56,7.09,3
TXN003454,CUST00302,15,7714.15,0.4,290.53,2,29,379.67,checkout_abandoned,insufficient_funds,2026-07-22T07:21:37.707476,7,2,0,2026-07-18T22:58:24.423142,False,retry_link;reminder;discount_offer;escalate_to_human;no_action,reminder,False,0.0,,3
TXN003455,CUST00433,197,2650.14,0.0,201.12,0,164,222.4,payment_failed,gateway_error,2026-07-22T09:50:44.381581,9,2,0,,True,no_action,no_action,False,0.0,,2
TXN003456,CUST00107,997,4318.35,1.0,797.88,3,9,758.52,payment_failed,otp_timeout,2026-07-22T09:55:25.750544,9,2,0,2026-07-09T02:47:26.018896,False,retry_link;reminder;discount_offer;escalate_to_human;no_action,escalate_to_human,True,758.52,13.18,0
TXN003457,CUST00984,881,6377.36,1.0,427.25,1,20,569.05,payment_failed,price_hesitation,2026-07-22T10:05:02.085097,10,2,0,2026-07-01T20:12:42.095160,False,retry_link;reminder;discount_offer;escalate_to_human;no_action,retry_link,False,0.0,,0
TXN003458,CUST00142,415,4608.91,0.0,267.37,0,144,237.57,checkout_abandoned,otp_timeout,2026-07-22T10:05:57.132792,10,2,0,2026-07-10T05:46:55.412871,False,retry_link;reminder;discount_offer;escalate_to_human;no_action,reminder,False,0.0,,2
TXN003459,CUST00411,345,3679.82,0.0,182.78,0,136,111.46,payment_failed,insufficient_funds,2026-07-22T10:17:03.182856,10,2,0,2026-07-12T17:41:19.231184,False,retry_link;reminder;discount_offer;escalate_to_human;no_action,escalate_to_human,True,111.46,1.31,2
TXN003460,CUST00425,300,10499.84,0.0,300.71,0,142,382.11,checkout_abandoned,insufficient_funds,2026-07-22T10:35:53.764476,10,2,0,2026-07-10T01:28:06.950370,False,retry_link;reminder;discount_offer;escalate_to_human;no_action,retry_link,False,0.0,,4
TXN003461,CUST00447,1433,35664.68,0.25,280.67,1,41,238.13,payment_failed,price_hesitation,2026-07-22T10:42:34.453354,10,2,0,2026-07-05T14:04:42.798562,False,retry_link;reminder;discount_offer;escalate_to_human;no_action,no_action,False,0.0,,3
TXN003462,CUST00402,481,2154.27,1.0,830.82,1,0,702.14,payment_failed,insufficient_funds,2026-07-22T10:44:49.932169,10,2,1,2026-07-21T15:37:22.346597,False,retry_link;reminder;discount_offer;escalate_to_human;no_action,reminder,True,702.14,2.44,0
TXN003463,CUST00611,694,1506.82,0.0,594.91,0,75,488.24,payment_failed,price_hesitation,2026-07-22T10:48:44.753844,10,2,0,2026-06-30T01:04:02.788282,False,retry_link;reminder;discount_offer;escalate_to_human;no_action,reminder,False,0.0,,3
TXN003464,CUST00988,370,15175.14,0.5,609.43,0,94,234.42,payment_failed,bank_decline,2026-07-22T11:28:47.578974,11,2,0,,False,retry_link;reminder;discount_offer;escalate_to_human;no_action,retry_link,False,0.0,,0
TXN003465,CUST00302,15,7714.15,0.333,290.53,2,29,147.99,checkout_abandoned,price_hesitation,2026-07-22T11:36:26.084538,11,2,1,2026-07-22T07:21:37.707476,False,retry_link;reminder;discount_offer;escalate_to_human;no_action,escalate_to_human,False,0.0,,4
TXN003466,CUST00648,1440,19345.18,1.0,343.35,2,3,481.87,payment_failed,bank_decline,2026-07-22T12:32:40.018199,12,2,0,2026-06-03T15:41:35.646446,False,retry_link;reminder;discount_offer;escalate_to_human;no_action,reminder,True,481.87,0.51,0
TXN003467,CUST00196,514,23859.36,0.0,211.24,0,65,187.77,checkout_abandoned,gateway_error,2026-07-22T12:56:46.459621,12,2,0,2026-07-05T01:39:03.346581,False,retry_link;reminder;discount_offer;escalate_to_human;no_action,no_action,False,0.0,,1
TXN003468,CUST00514,1438,7042.45,1.0,325.26,2,20,292.1,payment_failed,gateway_error,2026-07-22T13:05:31.157906,13,2,0,2026-07-02T02:31:39.537652,False,retry_link;reminder;discount_offer;escalate_to_human;no_action,reminder,False,0.0,,0
TXN003469,CUST01476,736,4030.57,0.5,217.12,0,41,291.62,payment_failed,otp_timeout,2026-07-22T13:40:34.288738,13,2,0,,False,retry_link;reminder;discount_offer;escalate_to_human;no_action,no_action,True,291.62,3.64,0
TXN003470,CUST01396,930,5265.69,1.0,675.16,1,50,584.97,checkout_abandoned,gateway_error,2026-07-22T14:06:41.759338,14,2,0,2026-06-01T18:36:48.151906,False,retry_link;reminder;discount_offer;escalate_to_human;no_action,reminder,False,0.0,,0
TXN003471,CUST00938,693,11237.1,0.5,137.8,1,9,176.86,payment_failed,price_hesitation,2026-07-22T14:07:57.234354,14,2,0,2026-07-12T21:55:45.131198,False,retry_link;reminder;discount_offer;escalate_to_human;no_action,escalate_to_human,False,0.0,,1
TXN003472,CUST01286,1361,4431.02,0.0,296.27,0,167,362.39,checkout_abandoned,price_hesitation,2026-07-22T14:11:23.186297,14,2,0,2026-06-13T22:26:29.900909,True,no_action,no_action,False,0.0,,7
TXN003473,CUST01013,472,1006.09,0.0,556.61,0,58,297.58,payment_failed,bank_decline,2026-07-22T14:34:35.138951,14,2,0,2026-07-18T15:34:57.021904,False,retry_link;reminder;discount_offer;escalate_to_human;no_action,escalate_to_human,False,0.0,,3
TXN003474,CUST00030,676,4977.07,1.0,177.34,1,12,161.59,checkout_abandoned,bank_decline,2026-07-22T14:35:47.658100,14,2,0,2026-07-10T06:24:16.961990,False,retry_link;reminder;discount_offer;escalate_to_human;no_action,no_action,False,0.0,,0
TXN003475,CUST01095,120,2956.2,0.0,554.4,0,137,992.24,checkout_abandoned,insufficient_funds,2026-07-22T14:41:23.865111,14,2,0,2026-07-06T23:15:21.231661,False,retry_link;reminder;discount_offer;escalate_to_human;no_action,reminder,False,0.0,,4
TXN003476,CUST01417,658,12468.17,1.0,736.44,3,20,681.21,checkout_abandoned,gateway_error,2026-07-22T14:46:29.005012,14,2,0,2026-07-02T01:33:20.515195,False,retry_link;reminder;discount_offer;escalate_to_human;no_action,escalate_to_human,True,681.21,11.02,0
TXN003477,CUST00723,180,23922.53,0.0,276.98,0,75,150.7,payment_failed,insufficient_funds,2026-07-22T14:49:57.291592,14,2,0,2026-06-25T16:42:04.198332,False,retry_link;reminder;discount_offer;escalate_to_human;no_action,reminder,True,150.7,6.12,2
TXN003478,CUST00558,1189,7332.47,0.333,436.72,1,39,454.21,payment_failed,insufficient_funds,2026-07-22T15:18:03.194151,15,2,0,2026-06-12T17:30:09.998118,True,no_action,no_action,True,454.21,0.05,2
TXN003479,CUST01428,401,3291.78,0.6,750.28,3,16,669.66,checkout_abandoned,price_hesitation,2026-07-22T15:21:40.145241,15,2,0,2026-07-08T00:44:46.653515,False,retry_link;reminder;discount_offer;escalate_to_human;no_action,discount_offer,False,0.0,,2
TXN003480,CUST00697,885,14691.72,0.0,990.86,0,158,940.45,checkout_abandoned,bank_decline,2026-07-22T15:43:27.270963,15,2,0,,False,retry_link;reminder;discount_offer;escalate_to_human;no_action,no_action,False,0.0,,2
TXN003481,CUST00511,1119,1429.32,1.0,151.24,1,42,125.03,payment_failed,gateway_error,2026-07-22T16:00:06.924718,16,2,0,2026-06-10T02:32:07.126902,False,retry_link;reminder;discount_offer;escalate_to_human;no_action,reminder,True,125.03,3.76,0
TXN003482,CUST01203,1142,17015.67,0.0,183.63,0,67,88.2,checkout_abandoned,insufficient_funds,2026-07-22T16:21:49.959425,16,2,0,2026-06-23T10:27:17.961214,False,retry_link;reminder;discount_offer;escalate_to_human;no_action,escalate_to_human,False,0.0,,5
TXN003483,CUST00200,550,3464.43,0.5,108.12,1,44,126.0,checkout_abandoned,gateway_error,2026-07-22T16:52:53.934805,16,2,0,2026-07-10T23:09:44.326092,False,retry_link;reminder;discount_offer;escalate_to_human;no_action,retry_link,True,126.0,4.73,1
TXN003484,CUST00262,450,6326.04,0.0,376.33,0,94,321.38,checkout_abandoned,otp_timeout,2026-07-22T17:13:02.746571,17,2,0,2026-07-10T03:17:55.949538,False,retry_link;reminder;discount_offer;escalate_to_human;no_action,retry_link,True,321.38,17.1,1
TXN003485,CUST01284,573,1048.09,1.0,363.91,1,42,941.05,payment_failed,otp_timeout,2026-07-22T17:30:31.811284,17,2,0,2026-06-09T21:15:28.242264,False,retry_link;reminder;discount_offer;escalate_to_human;no_action,no_action,False,0.0,,0
TXN003486,CUST00795,443,6193.9,1.0,235.09,1,27,241.49,checkout_abandoned,insufficient_funds,2026-07-22T17:54:25.383787,17,2,0,2026-06-25T11:43:15.511154,False,retry_link;reminder;discount_offer;escalate_to_human;no_action,escalate_to_human,True,241.49,3.71,0
TXN003487,CUST01400,1282,9051.27,0.0,402.21,0,55,608.4,payment_failed,insufficient_funds,2026-07-22T18:21:07.353289,18,2,0,2026-07-07T06:11:52.783844,False,retry_link;reminder;discount_offer;escalate_to_human;no_action,no_action,False,0.0,,3
TXN003488,CUST00246,1136,3709.25,0.333,253.58,1,33,236.56,payment_failed,bank_decline,2026-07-22T18:58:58.299856,18,2,0,2026-06-18T20:48:02.541769,False,retry_link;reminder;discount_offer;escalate_to_human;no_action,discount_offer,False,0.0,,2
TXN003489,CUST00291,401,24017.43,0.333,919.71,1,48,692.7,payment_failed,gateway_error,2026-07-22T19:01:07.036145,19,2,0,2026-07-17T02:54:39.378954,False,retry_link;reminder;discount_offer;escalate_to_human;no_action,escalate_to_human,True,692.7,0.79,2
TXN003490,CUST00489,909,6817.6,0.0,308.58,0,102,268.08,payment_failed,insufficient_funds,2026-07-22T19:12:14.726125,19,2,0,2026-06-27T22:09:04.699304,False,retry_link;reminder;discount_offer;escalate_to_human;no_action,discount_offer,True,268.08,14.37,2
TXN003491,CUST00939,763,5661.72,0.25,217.25,1,8,188.53,payment_failed,bank_decline,2026-07-22T19:25:38.037424,19,2,0,2026-07-14T09:32:13.775499,False,retry_link;reminder;discount_offer;escalate_to_human;no_action,no_action,False,0.0,,3
TXN003492,CUST00916,814,705.04,0.0,705.89,0,149,655.63,checkout_abandoned,insufficient_funds,2026-07-22T20:49:21.639667,20,2,0,2026-06-08T02:21:59.964037,True,no_action,no_action,False,0.0,,9
TXN003493,CUST00541,84,5470.66,0.5,125.19,1,32,126.65,payment_failed,gateway_error,2026-07-22T21:01:15.451491,21,2,0,2026-06-19T22:46:13.410650,False,retry_link;reminder;discount_offer;escalate_to_human;no_action,no_action,False,0.0,,1
TXN003494,CUST00681,206,3441.34,0.5,142.04,1,17,216.79,checkout_abandoned,gateway_error,2026-07-22T22:27:00.728236,22,2,0,,True,no_action,no_action,False,0.0,,1
TXN003495,CUST00837,298,11483.73,1.0,248.46,1,20,440.86,payment_failed,bank_decline,2026-07-22T22:30:46.387601,22,2,0,2026-07-02T02:40:12.893041,False,retry_link;reminder;discount_offer;escalate_to_human;no_action,reminder,False,0.0,,0
TXN003496,CUST00065,489,6461.82,0.0,410.68,0,71,512.03,checkout_abandoned,otp_timeout,2026-07-22T23:02:12.457834,23,2,0,,False,retry_link;reminder;discount_offer;escalate_to_human;no_action,no_action,False,0.0,,1
TXN003497,CUST00038,415,9932.71,0.5,633.18,1,1,561.43,payment_failed,insufficient_funds,2026-07-22T23:54:35.676588,23,2,0,2026-07-21T23:54:33.951907,False,retry_link;reminder;discount_offer;escalate_to_human;no_action,retry_link,True,561.43,5.75,1
TXN003498,CUST00826,1021,693.11,0.0,441.94,0,159,859.01,payment_failed,price_hesitation,2026-07-23T00:05:06.067192,0,3,0,2026-06-29T14:13:42.309536,False,retry_link;reminder;discount_offer;escalate_to_human;no_action,escalate_to_human,False,0.0,,7
TXN003499,CUST00187,572,1206.26,0.5,267.0,1,14,314.97,checkout_abandoned,otp_timeout,2026-07-23T00:21:07.092510,0,3,0,2026-07-08T21:21:07.265739,False,retry_link;reminder;discount_offer;escalate_to_human;no_action,discount_offer,True,314.97,5.44,1
TXN003500,CUST00268,919,3523.18,1.0,754.94,1,20,890.71,payment_failed,otp_timeout,2026-07-23T00:38:58.567453,0,3,0,2026-07-02T05:19:36.150473,False,retry_link;reminder;discount_offer;escalate_to_human;no_action,discount_offer,False,0.0,,0
TXN003501,CUST00405,751,3651.27,0.5,300.94,1,35,484.05,checkout_abandoned,insufficient_funds,2026-07-23T01:14:34.205111,1,3,0,2026-06-17T22:57:11.116235,False,retry_link;reminder;discount_offer;escalate_to_human;no_action,discount_offer,False,0.0,,1
TXN003502,CUST01255,128,11462.57,1.0,476.49,3,9,723.95,payment_failed,insufficient_funds,2026-07-23T01:32:49.880094,1,3,0,2026-07-13T08:48:39.187253,False,retry_link;reminder;discount_offer;escalate_to_human;no_action,escalate_to_human,False,0.0,,0
TXN003503,CUST01299,45,8302.1,1.0,489.85,5,20,347.69,payment_failed,price_hesitation,2026-07-23T01:38:00.277035,1,3,0,2026-07-02T10:17:34.658789,False,retry_link;reminder;discount_offer;escalate_to_human;no_action,escalate_to_human,True,347.69,2.86,0
TXN003504,CUST00680,1085,18047.89,0.0,235.98,0,142,309.72,payment_failed,price_hesitation,2026-07-23T01:40:32.742351,1,3,0,,False,retry_link;reminder;discount_offer;escalate_to_human;no_action,reminder,True,309.72,5.25,2
TXN003505,CUST00235,1079,22194.4,0.0,348.54,0,123,256.56,payment_failed,bank_decline,2026-07-23T02:19:15.829788,2,3,0,,True,no_action,no_action,False,0.0,,4
TXN003506,CUST01095,120,2956.2,0.0,554.4,0,138,770.46,payment_failed,bank_decline,2026-07-23T02:38:24.839610,2,3,1,2026-07-22T14:41:23.865111,False,retry_link;reminder;discount_offer;escalate_to_human;no_action,discount_offer,False,0.0,,5
TXN003507,CUST01459,774,3259.24,0.6,346.47,3,1,324.56,payment_failed,otp_timeout,2026-07-23T02:56:10.889252,2,3,0,2026-07-21T09:11:13.978817,False,retry_link;reminder;discount_offer;escalate_to_human;no_action,discount_offer,True,324.56,1.12,2
TXN003508,CUST00020,751,14793.16,0.5,690.64,1,17,729.2,payment_failed,gateway_error,2026-07-23T03:05:06.882320,3,3,0,,False,retry_link;reminder;discount_offer;escalate_to_human;no_action,discount_offer,False,0.0,,1
TXN003509,CUST00763,1404,7065.21,0.0,385.9,0,26,465.04,checkout_abandoned,insufficient_funds,2026-07-23T03:20:54.576311,3,3,0,2026-07-05T16:03:04.221144,False,retry_link;reminder;discount_offer;escalate_to_human;no_action,reminder,True,465.04,3.92,1
TXN003510,CUST01089,213,14140.63,1.0,253.07,3,23,363.87,checkout_abandoned,gateway_error,2026-07-23T03:32:47.628381,3,3,0,2026-06-30T02:04:51.777677,False,retry_link;reminder;discount_offer;escalate_to_human;no_action,retry_link,True,363.87,11.49,0
TXN003511,CUST00734,313,24683.72,0.0,100.0,0,66,146.94,payment_failed,otp_timeout,2026-07-23T03:50:32.309840,3,3,0,2026-07-01T00:25:34.754568,False,retry_link;reminder;discount_offer;escalate_to_human;no_action,escalate_to_human,True,146.94,8.69,1
TXN003512,CUST00070,1193,2163.09,0.667,431.81,2,22,511.94,checkout_abandoned,insufficient_funds,2026-07-23T04:26:55.379620,4,3,0,2026-07-14T15:17:44.360748,False,retry_link;reminder;discount_offer;escalate_to_human;no_action,reminder,False,0.0,,1
TXN003513,CUST00096,360,3158.36,0.0,277.84,0,147,304.23,payment_failed,insufficient_funds,2026-07-23T04:53:24.615284,4,3,0,2026-06-27T05:59:08.648034,False,retry_link;reminder;discount_offer;escalate_to_human;no_action,reminder,False,0.0,,3
TXN003514,CUST00386,102,1106.11,0.25,182.05,1,37,340.19,payment_failed,insufficient_funds,2026-07-23T05:07:35.562342,5,3,0,2026-06-30T16:35:07.856624,False,retry_link;reminder;discount_offer;escalate_to_human;no_action,escalate_to_human,False,0.0,,3
TXN003515,CUST00031,341,3536.2,0.0,313.97,0,66,332.75,payment_failed,price_hesitation,2026-07-23T05:41:10.204147,5,3,0,2026-07-05T04:24:45.335068,False,retry_link;reminder;discount_offer;escalate_to_human;no_action,escalate_to_human,False,0.0,,1
TXN003516,CUST00854,432,993.31,0.0,706.68,0,56,369.83,payment_failed,bank_decline,2026-07-23T05:42:56.344789,5,3,0,,False,retry_link;reminder;discount_offer;escalate_to_human;no_action,reminder,False,0.0,,1
TXN003517,CUST01251,617,3507.41,0.0,275.36,0,72,279.04,checkout_abandoned,price_hesitation,2026-07-23T05:53:52.309626,5,3,0,,False,retry_link;reminder;discount_offer;escalate_to_human;no_action,no_action,False,0.0,,1
TXN003518,CUST01485,1294,3555.38,1.0,287.36,2,3,247.91,checkout_abandoned,bank_decline,2026-07-23T06:11:17.817053,6,3,0,2026-07-19T13:03:07.024863,False,retry_link;reminder;discount_offer;escalate_to_human;no_action,escalate_to_human,False,0.0,,0
TXN003519,CUST01284,573,1048.09,0.5,363.91,1,43,340.89,checkout_abandoned,insufficient_funds,2026-07-23T06:22:29.333522,6,3,0,2026-06-09T21:15:28.242264,False,retry_link;reminder;discount_offer;escalate_to_human;no_action,retry_link,False,0.0,,1
TXN003520,CUST00067,556,3931.57,0.0,1295.25,0,127,776.02,checkout_abandoned,price_hesitation,2026-07-23T06:36:44.725484,6,3,0,,False,retry_link;reminder;discount_offer;escalate_to_human;no_action,reminder,False,0.0,,1
TXN003521,CUST00664,896,715.29,0.5,329.92,2,7,552.48,checkout_abandoned,bank_decline,2026-07-23T06:38:31.972623,6,3,0,2026-07-19T12:43:52.475979,False,retry_link;reminder;discount_offer;escalate_to_human;no_action,no_action,False,0.0,,2
TXN003522,CUST01087,1485,4911.73,0.0,503.92,0,74,257.02,checkout_abandoned,insufficient_funds,2026-07-23T07:02:04.600807,7,3,0,2026-07-03T00:38:47.543401,False,retry_link;reminder;discount_offer;escalate_to_human;no_action,escalate_to_human,False,0.0,,2
TXN003523,CUST00455,833,845.37,1.0,411.29,1,12,286.05,payment_failed,insufficient_funds,2026-07-23T07:30:02.182150,7,3,0,2026-07-10T16:08:35.641381,False,retry_link;reminder;discount_offer;escalate_to_human;no_action,reminder,False,0.0,,0
TXN003524,CUST00560,805,18269.36,0.5,814.61,1,36,833.39,payment_failed,price_hesitation,2026-07-23T07:38:52.939813,7,3,0,2026-07-13T10:46:15.088465,False,retry_link;reminder;discount_offer;escalate_to_human;no_action,retry_link,True,833.39,2.66,1
TXN003525,CUST00057,232,7605.98,1.0,1024.25,2,24,1359.58,payment_failed,price_hesitation,2026-07-23T09:10:27.884494,9,3,0,2026-06-28T18:36:05.908721,False,retry_link;reminder;discount_offer;escalate_to_human;no_action,discount_offer,True,1359.58,13.48,0
TXN003526,CUST01326,1019,10162.78,0.5,865.48,0,19,826.51,payment_failed,otp_timeout,2026-07-23T09:31:36.040683,9,3,0,,False,retry_link;reminder;discount_offer;escalate_to_human;no_action,escalate_to_human,False,0.0,,0
TXN003527,CUST01429,1181,5653.89,0.5,340.7,1,13,358.67,checkout_abandoned,insufficient_funds,2026-07-23T10:07:16.956034,10,3,0,2026-07-09T22:33:32.154245,False,retry_link;reminder;discount_offer;escalate_to_human;no_action,reminder,False,0.0,,1
TXN003528,CUST01354,330,5229.89,1.0,229.29,2,7,331.79,payment_failed,otp_timeout,2026-07-23T10:43:35.830209,10,3,0,2026-07-16T07:26:11.236111,False,retry_link;reminder;discount_offer;escalate_to_human;no_action,escalate_to_human,True,331.79,2.17,0
TXN003529,CUST00719,899,16863.8,0.0,210.52,0,138,116.54,checkout_abandoned,insufficient_funds,2026-07-23T11:04:50.042973,11,3,0,2026-07-21T22:20:53.856281,False,retry_link;reminder;discount_offer;escalate_to_human;no_action,retry_link,False,0.0,,3
TXN003530,CUST00407,216,4410.35,0.0,796.1,0,117,1707.62,payment_failed,gateway_error,2026-07-23T11:16:13.288032,11,3,0,2026-07-06T10:11:33.254406,False,retry_link;reminder;discount_offer;escalate_to_human;no_action,discount_offer,True,1707.62,0.54,1
TXN003531,CUST00679,1403,1042.31,0.667,536.53,2,7,651.69,payment_failed,insufficient_funds,2026-07-23T11:44:17.159892,11,3,0,2026-07-16T06:48:20.118032,False,retry_link;reminder;discount_offer;escalate_to_human;no_action,discount_offer,False,0.0,,1
TXN003532,CUST01180,912,2670.36,0.0,419.64,0,100,436.43,checkout_abandoned,gateway_error,2026-07-23T12:37:55.916424,12,3,0,2026-07-17T10:19:44.483348,False,retry_link;reminder;discount_offer;escalate_to_human;no_action,retry_link,False,0.0,,6
TXN003533,CUST01424,384,2227.36,0.5,280.23,2,9,323.98,payment_failed,insufficient_funds,2026-07-23T13:09:06.447470,13,3,0,2026-07-13T23:39:18.160776,False,retry_link;reminder;discount_offer;escalate_to_human;no_action,no_action,False,0.0,,2
TXN003534,CUST00121,1002,5110.92,0.5,294.7,1,44,345.33,payment_failed,gateway_error,2026-07-23T13:24:33.139574,13,3,0,2026-06-09T02:10:17.442528,False,retry_link;reminder;discount_offer;escalate_to_human;no_action,discount_offer,False,0.0,,1
TXN003535,CUST00121,1002,5110.92,0.333,294.7,1,44,350.41,checkout_abandoned,price_hesitation,2026-07-23T13:38:27.099762,13,3,1,2026-07-23T13:24:33.139574,False,retry_link;reminder;discount_offer;escalate_to_human;no_action,escalate_to_human,True,350.41,0.56,2
TXN003536,CUST01432,257,1936.39,0.667,551.11,2,3,937.02,payment_failed,otp_timeout,2026-07-23T13:53:54.711524,13,3,0,2026-07-19T22:50:21.314717,False,retry_link;reminder;discount_offer;escalate_to_human;no_action,reminder,False,0.0,,1
TXN003537,CUST00928,628,4037.9,0.0,959.14,0,66,1259.49,payment_failed,insufficient_funds,2026-07-23T14:26:29.376912,14,3,0,,False,retry_link;reminder;discount_offer;escalate_to_human;no_action,reminder,True,1259.49,8.31,1
TXN003538,CUST01033,471,2638.06,0.333,589.74,1,43,391.46,checkout_abandoned,gateway_error,2026-07-23T15:13:28.338226,15,3,0,2026-06-30T08:48:38.306569,False,retry_link;reminder;discount_offer;escalate_to_human;no_action,escalate_to_human,False,0.0,,2
TXN003539,CUST00400,1497,8065.48,0.0,219.04,0,105,174.91,payment_failed,price_hesitation,2026-07-23T15:53:28.578508,15,3,0,2026-06-29T08:24:03.945596,False,retry_link;reminder;discount_offer;escalate_to_human;no_action,escalate_to_human,False,0.0,,4
TXN003540,CUST01088,976,5134.12,0.0,180.3,0,119,274.47,payment_failed,price_hesitation,2026-07-23T16:49:09.958273,16,3,0,2026-07-04T09:11:31.330892,False,retry_link;reminder;discount_offer;escalate_to_human;no_action,escalate_to_human,False,0.0,,2
TXN003541,CUST01243,735,3790.51,0.333,144.21,1,20,90.19,checkout_abandoned,insufficient_funds,2026-07-23T16:55:01.630852,16,3,0,2026-07-03T13:28:18.933814,False,retry_link;reminder;discount_offer;escalate_to_human;no_action,discount_offer,True,90.19,5.98,2
TXN003542,CUST00327,57,8927.16,0.4,1110.3,2,24,2028.33,checkout_abandoned,gateway_error,2026-07-23T17:05:33.509481,17,3,0,2026-06-29T19:45:26.044220,False,retry_link;reminder;discount_offer;escalate_to_human;no_action,retry_link,True,2028.33,0.4,3
TXN003543,CUST00907,260,28268.33,0.667,423.15,2,18,547.92,payment_failed,bank_decline,2026-07-23T18:09:26.639839,18,3,0,2026-07-04T21:37:20.019816,False,retry_link;reminder;discount_offer;escalate_to_human;no_action,discount_offer,True,547.92,12.94,1
TXN003544,CUST01385,353,2798.2,0.0,535.75,0,158,276.64,payment_failed,insufficient_funds,2026-07-23T18:09:47.103359,18,3,0,2026-06-11T07:59:40.761137,False,retry_link;reminder;discount_offer;escalate_to_human;no_action,reminder,False,0.0,,2
TXN003545,CUST00432,1239,6633.65,1.0,714.77,1,34,879.82,checkout_abandoned,insufficient_funds,2026-07-23T18:31:10.869561,18,3,0,2026-06-19T14:23:58.702287,False,retry_link;reminder;discount_offer;escalate_to_human;no_action,no_action,False,0.0,,0
TXN003546,CUST00771,1479,4793.64,0.25,876.94,1,27,1138.63,payment_failed,price_hesitation,2026-07-23T18:52:15.512406,18,3,0,2026-06-23T04:26:53.458422,True,no_action,no_action,False,0.0,,3
TXN003547,CUST00588,1255,231.41,0.5,390.33,1,42,226.08,payment_failed,bank_decline,2026-07-23T19:00:23.494926,19,3,0,2026-07-21T16:35:01.486774,False,retry_link;reminder;discount_offer;escalate_to_human;no_action,retry_link,True,226.08,5.13,1
TXN003548,CUST00537,174,4710.78,0.0,403.0,0,81,354.54,payment_failed,gateway_error,2026-07-23T19:12:07.811831,19,3,0,,False,retry_link;reminder;discount_offer;escalate_to_human;no_action,escalate_to_human,True,354.54,4.75,2
TXN003549,CUST00940,1036,67890.2,0.167,320.24,1,27,176.43,payment_failed,insufficient_funds,2026-07-23T19:51:06.781511,19,3,0,2026-07-18T06:16:42.832702,True,no_action,no_action,False,0.0,,5
TXN003550,CUST01200,1318,1475.7,0.0,331.89,0,105,187.23,payment_failed,gateway_error,2026-07-23T20:02:19.547156,20,3,0,2026-06-03T21:15:13.284354,False,retry_link;reminder;discount_offer;escalate_to_human;no_action,escalate_to_human,True,187.23,0.32,1
TXN003551,CUST00712,1091,1891.24,1.0,669.75,1,11,613.95,payment_failed,gateway_error,2026-07-23T22:41:21.338238,22,3,0,2026-07-12T09:49:24.501597,False,retry_link;reminder;discount_offer;escalate_to_human;no_action,reminder,True,613.95,1.41,0
TXN003552,CUST00122,981,33828.54,0.5,100.0,0,24,115.4,payment_failed,gateway_error,2026-07-23T22:50:03.151760,22,3,0,,False,retry_link;reminder;discount_offer;escalate_to_human;no_action,reminder,True,115.4,0.14,0
TXN003553,CUST01343,862,7462.58,0.0,298.29,0,129,278.44,payment_failed,otp_timeout,2026-07-23T22:57:35.936408,22,3,0,2026-07-09T14:28:31.743724,False,retry_link;reminder;discount_offer;escalate_to_human;no_action,retry_link,True,278.44,0.19,1
TXN003554,CUST00015,1179,5848.44,0.0,176.56,0,78,174.4,payment_failed,bank_decline,2026-07-23T23:08:59.440470,23,3,0,2026-07-08T17:48:22.569662,True,no_action,no_action,False,0.0,,5
TXN003555,CUST00959,618,3609.55,0.0,414.89,0,49,523.46,payment_failed,otp_timeout,2026-07-24T00:27:41.710556,0,4,0,2026-07-03T20:17:47.773248,False,retry_link;reminder;discount_offer;escalate_to_human;no_action,retry_link,False,0.0,,2
TXN003556,CUST00294,817,1556.9,0.0,355.76,0,108,669.79,payment_failed,otp_timeout,2026-07-24T00:29:02.202864,0,4,0,2026-06-30T10:32:59.446527,False,retry_link;reminder;discount_offer;escalate_to_human;no_action,escalate_to_human,False,0.0,,5
TXN003557,CUST00798,473,3474.86,0.429,414.55,3,33,358.44,checkout_abandoned,insufficient_funds,2026-07-24T01:00:14.377383,1,4,0,2026-06-20T22:16:50.986826,False,retry_link;reminder;discount_offer;escalate_to_human;no_action,discount_offer,False,0.0,,4
TXN003558,CUST00621,717,7868.13,0.5,637.55,0,82,799.72,payment_failed,gateway_error,2026-07-24T01:19:29.446624,1,4,0,,False,retry_link;reminder;discount_offer;escalate_to_human;no_action,retry_link,True,799.72,1.02,0
TXN003559,CUST00261,256,912.52,1.0,194.66,2,41,229.4,checkout_abandoned,bank_decline,2026-07-24T01:46:25.106817,1,4,0,2026-06-12T06:02:36.876574,False,retry_link;reminder;discount_offer;escalate_to_human;no_action,escalate_to_human,True,229.4,1.32,0
TXN003560,CUST00355,1488,6307.31,1.0,415.2,2,7,354.97,payment_failed,price_hesitation,2026-07-24T02:07:48.273456,2,4,0,2026-07-17T00:30:10.262190,False,retry_link;reminder;discount_offer;escalate_to_human;no_action,discount_offer,True,354.97,8.88,0
TXN003561,CUST00598,942,959.53,0.0,518.91,0,124,509.33,payment_failed,price_hesitation,2026-07-24T03:15:34.954624,3,4,0,2026-07-18T02:01:36.555563,False,retry_link;reminder;discount_offer;escalate_to_human;no_action,no_action,False,0.0,,4
TXN003562,CUST00803,1377,3994.91,0.5,209.07,1,22,357.96,payment_failed,gateway_error,2026-07-24T03:18:08.397397,3,4,0,2026-07-01T20:53:39.743498,False,retry_link;reminder;discount_offer;escalate_to_human;no_action,retry_link,False,0.0,,1
TXN003563,CUST00907,260,28268.33,0.75,423.15,3,0,604.96,payment_failed,gateway_error,2026-07-24T03:41:21.025456,3,4,1,2026-07-23T18:09:26.639839,False,retry_link;reminder;discount_offer;escalate_to_human;no_action,no_action,True,604.96,2.07,1
TXN003564,CUST00670,1428,2347.01,0.5,202.24,0,109,123.29,payment_failed,price_hesitation,2026-07-24T03:54:22.694402,3,4,0,,False,retry_link;reminder;discount_offer;escalate_to_human;no_action,discount_offer,True,123.29,5.89,0
TXN003565,CUST00548,774,10049.46,0.0,542.09,0,149,403.02,payment_failed,gateway_error,2026-07-24T04:02:56.131100,4,4,0,2026-06-11T17:06:13.125986,False,retry_link;reminder;discount_offer;escalate_to_human;no_action,no_action,True,403.02,4.58,2
TXN003566,CUST00186,250,3835.39,0.667,393.25,2,30,254.01,payment_failed,insufficient_funds,2026-07-24T04:04:14.329356,4,4,0,2026-06-23T16:40:56.720935,False,retry_link;reminder;discount_offer;escalate_to_human;no_action,escalate_to_human,True,254.01,5.12,1
TXN003567,CUST00579,153,1699.54,1.0,224.5,1,53,154.64,checkout_abandoned,price_hesitation,2026-07-24T04:32:25.107044,4,4,0,2026-06-01T03:59:11.778360,False,retry_link;reminder;discount_offer;escalate_to_human;no_action,no_action,True,154.64,9.11,0
TXN003568,CUST01393,1113,6114.61,1.0,250.12,2,22,259.06,payment_failed,otp_timeout,2026-07-24T04:35:34.683492,4,4,0,2026-07-01T18:31:43.558493,False,retry_link;reminder;discount_offer;escalate_to_human;no_action,no_action,True,259.06,1.1,0
TXN003569,CUST00132,136,13352.53,0.0,323.0,0,105,335.25,checkout_abandoned,otp_timeout,2026-07-24T04:49:20.037081,4,4,0,,False,retry_link;reminder;discount_offer;escalate_to_human;no_action,no_action,False,0.0,,1
TXN003570,CUST00345,384,4599.59,0.5,187.74,1,26,185.95,checkout_abandoned,price_hesitation,2026-07-24T05:06:16.972556,5,4,0,2026-07-18T12:16:35.519472,False,retry_link;reminder;discount_offer;escalate_to_human;no_action,retry_link,False,0.0,,1
TXN003571,CUST00939,763,5661.72,0.2,217.25,1,9,181.1,payment_failed,insufficient_funds,2026-07-24T05:21:55.326377,5,4,0,2026-07-14T09:32:13.775499,False,retry_link;reminder;discount_offer;escalate_to_human;no_action,retry_link,False,0.0,,4
TXN003572,CUST01255,128,11462.57,0.75,476.49,3,10,499.66,checkout_abandoned,insufficient_funds,2026-07-24T05:33:45.416695,5,4,0,2026-07-23T01:32:49.880094,False,retry_link;reminder;discount_offer;escalate_to_human;no_action,retry_link,True,499.66,2.02,1
TXN003573,CUST01042,623,2457.52,0.667,402.75,2,42,403.16,checkout_abandoned,insufficient_funds,2026-07-24T05:35:06.650422,5,4,0,2026-07-14T12:22:16.818026,False,retry_link;reminder;discount_offer;escalate_to_human;no_action,retry_link,False,0.0,,1
TXN003574,CUST00594,481,9154.55,0.25,331.73,1,5,127.85,checkout_abandoned,gateway_error,2026-07-24T05:50:08.719721,5,4,0,2026-06-27T22:41:46.600377,False,retry_link;reminder;discount_offer;escalate_to_human;no_action,no_action,False,0.0,,3
TXN003575,CUST00982,821,5741.99,0.2,274.86,1,38,477.17,checkout_abandoned,insufficient_funds,2026-07-24T07:01:26.798227,7,4,0,2026-07-14T14:42:50.059357,False,retry_link;reminder;discount_offer;escalate_to_human;no_action,retry_link,False,0.0,,4
TXN003576,CUST00214,1105,6909.01,0.667,285.55,2,10,173.38,payment_failed,price_hesitation,2026-07-24T07:27:00.584847,7,4,0,2026-07-14T06:32:23.686060,False,retry_link;reminder;discount_offer;escalate_to_human;no_action,no_action,False,0.0,,1
TXN003577,CUST00373,561,5993.32,0.0,506.64,0,64,418.78,payment_failed,price_hesitation,2026-07-24T07:34:46.349347,7,4,0,,False,retry_link;reminder;discount_offer;escalate_to_human;no_action,escalate_to_human,False,0.0,,1
TXN003578,CUST00863,1158,2267.93,0.5,241.42,0,95,308.06,payment_failed,gateway_error,2026-07-24T07:53:28.222387,7,4,0,,False,retry_link;reminder;discount_offer;escalate_to_human;no_action,retry_link,True,308.06,5.19,0
TXN003579,CUST00558,1189,7332.47,0.5,436.72,2,1,270.93,payment_failed,bank_decline,2026-07-24T08:09:31.829221,8,4,0,2026-06-12T17:30:09.998118,True,no_action,no_action,False,0.0,,2
TXN003580,CUST00356,228,20971.39,0.0,202.45,0,89,251.85,payment_failed,bank_decline,2026-07-24T08:32:25.104188,8,4,0,2026-07-18T21:01:15.929369,False,retry_link;reminder;discount_offer;escalate_to_human;no_action,retry_link,False,0.0,,4
TXN003581,CUST00350,800,3957.73,1.0,1291.8,1,7,895.43,payment_failed,price_hesitation,2026-07-24T08:34:26.807944,8,4,0,2026-07-16T20:33:36.742774,False,retry_link;reminder;discount_offer;escalate_to_human;no_action,reminder,False,0.0,,0
TXN003582,CUST00799,664,585.24,0.0,100.0,0,58,147.09,payment_failed,price_hesitation,2026-07-24T09:47:26.919019,9,4,0,2026-07-12T13:49:18.184524,False,retry_link;reminder;discount_offer;escalate_to_human;no_action,reminder,False,0.0,,3
TXN003583,CUST00763,1404,7065.21,0.5,385.9,1,1,307.3,payment_failed,insufficient_funds,2026-07-24T10:04:55.265050,10,4,0,2026-07-23T03:20:54.576311,False,retry_link;reminder;discount_offer;escalate_to_human;no_action,discount_offer,True,307.3,3.28,1
TXN003584,CUST00860,1452,18189.22,1.0,249.67,2,23,271.32,checkout_abandoned,price_hesitation,2026-07-24T10:36:02.949258,10,4,0,2026-06-30T14:21:34.740984,False,retry_link;reminder;discount_offer;escalate_to_human;no_action,discount_offer,True,271.32,6.51,0
TXN003585,CUST00455,833,845.37,0.5,411.29,1,13,460.04,checkout_abandoned,bank_decline,2026-07-24T11:14:21.348459,11,4,0,2026-07-23T07:30:02.182150,False,retry_link;reminder;discount_offer;escalate_to_human;no_action,escalate_to_human,True,460.04,0.18,1
TXN003586,CUST00440,1459,1331.71,0.0,180.37,0,53,175.51,checkout_abandoned,insufficient_funds,2026-07-24T11:27:12.957585,11,4,0,2026-07-03T15:10:20.990749,False,retry_link;reminder;discount_offer;escalate_to_human;no_action,discount_offer,False,0.0,,1
TXN003587,CUST01331,1076,1277.71,0.5,162.26,1,31,183.24,payment_failed,price_hesitation,2026-07-24T11:58:05.257204,11,4,0,2026-07-04T04:26:45.205606,False,retry_link;reminder;discount_offer;escalate_to_human;no_action,no_action,False,0.0,,1
TXN003588,CUST01452,77,3534.69,0.0,464.19,0,52,232.45,checkout_abandoned,insufficient_funds,2026-07-24T12:04:21.259806,12,4,0,2026-07-21T06:45:22.914639,False,retry_link;reminder;discount_offer;escalate_to_human;no_action,retry_link,False,0.0,,2
TXN003589,CUST00579,153,1699.54,1.0,224.5,2,0,244.86,payment_failed,bank_decline,2026-07-24T12:06:32.095216,12,4,0,2026-06-01T03:59:11.778360,False,retry_link;reminder;discount_offer;escalate_to_human;no_action,retry_link,False,0.0,,0
TXN003590,CUST00630,1105,3721.31,1.0,300.94,1,40,354.32,payment_failed,insufficient_funds,2026-07-24T12:24:29.433543,12,4,0,2026-06-13T23:10:54.736843,False,retry_link;reminder;discount_offer;escalate_to_human;no_action,retry_link,False,0.0,,0
TXN003591,CUST00728,732,3507.92,1.0,510.62,1,9,1019.47,payment_failed,price_hesitation,2026-07-24T13:04:44.607116,13,4,0,2026-07-15T09:43:53.428792,False,retry_link;reminder;discount_offer;escalate_to_human;no_action,retry_link,True,1019.47,12.12,0
TXN003592,CUST00524,478,15511.86,0.5,608.93,0,46,554.71,payment_failed,otp_timeout,2026-07-24T13:36:26.156444,13,4,0,,False,retry_link;reminder;discount_offer;escalate_to_human;no_action,discount_offer,False,0.0,,0
TXN003593,CUST01060,1156,11969.47,1.0,940.28,1,27,713.6,checkout_abandoned,gateway_error,2026-07-24T13:36:26.499472,13,4,0,2026-06-27T07:57:23.683217,False,retry_link;reminder;discount_offer;escalate_to_human;no_action,reminder,True,713.6,2.56,0
TXN003594,CUST01165,158,6590.67,0.333,426.53,1,7,425.62,checkout_abandoned,price_hesitation,2026-07-24T13:37:58.530242,13,4,0,2026-07-20T12:13:15.548773,False,retry_link;reminder;discount_offer;escalate_to_human;no_action,no_action,True,425.62,5.51,2
TXN003595,CUST01381,427,745.51,0.5,1409.07,0,40,2071.31,checkout_abandoned,price_hesitation,2026-07-24T13:48:25.496865,13,4,0,,False,retry_link;reminder;discount_offer;escalate_to_human;no_action,no_action,True,2071.31,1.66,0
TXN003596,CUST01478,346,3879.01,0.2,174.65,1,31,295.43,payment_failed,insufficient_funds,2026-07-24T14:46:00.921299,14,4,0,2026-07-04T09:30:57.207329,True,no_action,no_action,False,0.0,,4
TXN003597,CUST01021,109,24962.58,0.333,198.02,1,12,117.15,checkout_abandoned,insufficient_funds,2026-07-24T14:53:07.256253,14,4,0,2026-07-11T22:37:46.378269,False,retry_link;reminder;discount_offer;escalate_to_human;no_action,no_action,False,0.0,,2
TXN003598,CUST00559,1276,3866.74,0.667,180.09,4,14,100.05,payment_failed,otp_timeout,2026-07-24T15:01:14.807884,15,4,0,2026-07-21T02:11:16.461757,False,retry_link;reminder;discount_offer;escalate_to_human;no_action,no_action,False,0.0,,2
TXN003599,CUST01431,278,10988.91,1.0,385.3,1,25,384.41,payment_failed,insufficient_funds,2026-07-24T15:41:41.711456,15,4,0,2026-06-29T01:50:38.214869,False,retry_link;reminder;discount_offer;escalate_to_human;no_action,retry_link,True,384.41,1.46,0
TXN003600,CUST01176,475,892.37,0.667,192.03,2,4,279.08,payment_failed,price_hesitation,2026-07-24T16:28:25.664740,16,4,0,2026-07-19T23:53:59.091084,False,retry_link;reminder;discount_offer;escalate_to_human;no_action,escalate_to_human,True,279.08,7.36,1
TXN003601,CUST00574,11,6525.05,1.0,639.2,3,15,674.51,payment_failed,otp_timeout,2026-07-24T16:40:09.717450,16,4,0,2026-07-09T07:46:40.167129,False,retry_link;reminder;discount_offer;escalate_to_human;no_action,reminder,True,674.51,2.44,0
TXN003602,CUST01407,1311,2762.39,1.0,189.49,1,12,136.63,checkout_abandoned,gateway_error,2026-07-24T16:47:27.579480,16,4,0,2026-07-12T05:59:39.517861,False,retry_link;reminder;discount_offer;escalate_to_human;no_action,retry_link,True,136.63,20.26,0
TXN003603,CUST00428,38,15077.34,1.0,393.36,1,42,385.49,payment_failed,price_hesitation,2026-07-24T17:12:57.968663,17,4,0,2026-06-11T20:56:11.255162,False,retry_link;reminder;discount_offer;escalate_to_human;no_action,discount_offer,True,385.49,0.9,0
TXN003604,CUST00321,162,14346.82,0.25,421.84,1,10,600.21,payment_failed,insufficient_funds,2026-07-24T17:42:07.405747,17,4,0,2026-07-13T21:58:35.777076,False,retry_link;reminder;discount_offer;escalate_to_human;no_action,discount_offer,True,600.21,1.77,3
TXN003605,CUST00206,1146,4077.78,0.0,1169.27,0,89,725.46,payment_failed,gateway_error,2026-07-24T18:12:22.775916,18,4,0,2026-06-14T22:53:22.618736,False,retry_link;reminder;discount_offer;escalate_to_human;no_action,reminder,True,725.46,3.19,1
TXN003606,CUST00462,1123,2038.09,0.0,600.27,0,141,503.15,payment_failed,bank_decline,2026-07-24T18:12:30.733353,18,4,0,2026-06-29T23:50:22.135032,False,retry_link;reminder;discount_offer;escalate_to_human;no_action,discount_offer,False,0.0,,2
TXN003607,CUST00087,469,1250.59,0.0,332.96,0,24,239.73,checkout_abandoned,insufficient_funds,2026-07-24T18:18:34.467179,18,4,0,,False,retry_link;reminder;discount_offer;escalate_to_human;no_action,no_action,False,0.0,,1
TXN003608,CUST00519,892,27094.01,0.0,761.46,0,155,988.92,checkout_abandoned,gateway_error,2026-07-24T18:23:12.439008,18,4,0,,False,retry_link;reminder;discount_offer;escalate_to_human;no_action,retry_link,False,0.0,,1
TXN003609,CUST00527,216,672.86,1.0,249.16,1,35,245.09,payment_failed,price_hesitation,2026-07-24T18:26:55.167531,18,4,0,2026-06-18T23:39:51.722278,False,retry_link;reminder;discount_offer;escalate_to_human;no_action,discount_offer,True,245.09,10.8,0
TXN003610,CUST00873,188,2202.76,0.5,206.34,1,13,257.72,payment_failed,otp_timeout,2026-07-24T19:02:17.347008,19,4,0,2026-07-19T18:37:00.034189,False,retry_link;reminder;discount_offer;escalate_to_human;no_action,no_action,True,257.72,7.01,1
TXN003611,CUST01367,680,2937.24,0.0,373.13,0,155,371.07,checkout_abandoned,insufficient_funds,2026-07-24T19:05:32.735476,19,4,0,2026-07-12T11:52:48.409522,False,retry_link;reminder;discount_offer;escalate_to_human;no_action,escalate_to_human,True,371.07,1.41,2
TXN003612,CUST01473,311,5117.83,0.5,149.4,0,17,147.48,checkout_abandoned,otp_timeout,2026-07-24T19:30:30.561848,19,4,0,,False,retry_link;reminder;discount_offer;escalate_to_human;no_action,reminder,True,147.48,28.93,0
TXN003613,CUST00650,734,928.69,0.0,109.28,0,63,91.52,checkout_abandoned,bank_decline,2026-07-24T20:15:22.544162,20,4,0,,False,retry_link;reminder;discount_offer;escalate_to_human;no_action,discount_offer,False,0.0,,1
TXN003614,CUST01087,1485,4911.73,0.0,503.92,0,76,539.8,payment_failed,gateway_error,2026-07-24T20:28:11.105005,20,4,0,2026-07-23T07:02:04.600807,False,retry_link;reminder;discount_offer;escalate_to_human;no_action,escalate_to_human,True,539.8,7.85,3
TXN003615,CUST00785,882,8506.55,0.5,250.26,0,112,221.01,checkout_abandoned,price_hesitation,2026-07-24T20:36:57.551953,20,4,0,,False,retry_link;reminder;discount_offer;escalate_to_human;no_action,retry_link,False,0.0,,0
TXN003616,CUST01272,1397,6341.22,0.5,278.88,0,112,294.0,checkout_abandoned,insufficient_funds,2026-07-24T20:38:00.898890,20,4,0,,False,retry_link;reminder;discount_offer;escalate_to_human;no_action,no_action,False,0.0,,0
TXN003617,CUST00597,1169,7432.73,0.0,527.38,0,136,546.22,checkout_abandoned,price_hesitation,2026-07-24T20:55:11.992371,20,4,0,2026-06-11T09:45:38.969739,True,no_action,no_action,False,0.0,,4
TXN003618,CUST00170,160,1965.81,0.0,101.85,0,81,114.37,payment_failed,insufficient_funds,2026-07-24T21:20:01.158477,21,4,0,2026-07-14T11:06:12.951537,False,retry_link;reminder;discount_offer;escalate_to_human;no_action,retry_link,False,0.0,,4
TXN003619,CUST00121,1002,5110.92,0.5,294.7,2,1,433.0,payment_failed,insufficient_funds,2026-07-24T21:20:41.700270,21,4,0,2026-07-23T13:38:27.099762,False,retry_link;reminder;discount_offer;escalate_to_human;no_action,escalate_to_human,True,433.0,2.86,2
TXN003620,CUST00280,414,4604.5,1.0,460.29,1,53,337.56,payment_failed,price_hesitation,2026-07-24T21:48:59.167705,21,4,0,2026-06-01T11:19:30.552421,False,retry_link;reminder;discount_offer;escalate_to_human;no_action,escalate_to_human,False,0.0,,0
TXN003621,CUST01085,1258,594.07,0.0,450.15,0,56,327.66,checkout_abandoned,insufficient_funds,2026-07-24T21:50:53.834327,21,4,0,,False,retry_link;reminder;discount_offer;escalate_to_human;no_action,reminder,True,327.66,1.64,2
TXN003622,CUST00637,446,2813.5,1.0,356.27,2,6,543.41,payment_failed,bank_decline,2026-07-24T23:10:17.684083,23,4,0,2026-07-18T08:11:44.220714,False,retry_link;reminder;discount_offer;escalate_to_human;no_action,escalate_to_human,True,543.41,4.75,0
TXN003623,CUST00841,984,5732.56,0.4,372.24,2,7,326.51,checkout_abandoned,insufficient_funds,2026-07-25T00:21:47.457251,0,5,0,2026-07-17T21:44:32.910706,False,retry_link;reminder;discount_offer;escalate_to_human;no_action,discount_offer,False,0.0,,3
TXN003624,CUST01273,1013,14209.81,0.333,381.79,1,36,479.34,payment_failed,insufficient_funds,2026-07-25T00:38:24.453900,0,5,0,2026-07-09T04:30:07.984830,False,retry_link;reminder;discount_offer;escalate_to_human;no_action,no_action,False,0.0,,2
TXN003625,CUST00363,1340,5261.17,0.0,405.0,0,87,380.94,payment_failed,price_hesitation,2026-07-25T00:40:31.958959,0,5,0,2026-07-02T00:22:34.055239,False,retry_link;reminder;discount_offer;escalate_to_human;no_action,retry_link,True,380.94,1.79,2
TXN003626,CUST00605,804,14245.74,0.0,308.04,0,60,350.0,payment_failed,otp_timeout,2026-07-25T01:06:12.616034,1,5,0,2026-06-19T11:02:33.871811,False,retry_link;reminder;discount_offer;escalate_to_human;no_action,discount_offer,False,0.0,,1
TXN003627,CUST01234,955,6228.14,1.0,794.0,1,11,440.43,checkout_abandoned,gateway_error,2026-07-25T01:29:57.311605,1,5,0,2026-07-13T19:48:16.184045,False,retry_link;reminder;discount_offer;escalate_to_human;no_action,no_action,False,0.0,,0
TXN003628,CUST00829,44,7593.59,0.333,775.99,2,20,982.57,checkout_abandoned,price_hesitation,2026-07-25T02:10:28.139960,2,5,0,2026-07-21T23:21:21.623226,False,retry_link;reminder;discount_offer;escalate_to_human;no_action,discount_offer,True,982.57,3.41,4
TXN003629,CUST00545,81,4328.39,0.0,217.8,0,112,354.68,checkout_abandoned,insufficient_funds,2026-07-25T02:48:51.939968,2,5,0,2026-07-14T22:36:31.445136,False,retry_link;reminder;discount_offer;escalate_to_human;no_action,reminder,False,0.0,,3
TXN003630,CUST00314,366,2749.82,0.0,297.38,0,26,368.04,payment_failed,insufficient_funds,2026-07-25T02:49:46.404731,2,5,0,2026-07-15T15:36:41.847749,False,retry_link;reminder;discount_offer;escalate_to_human;no_action,no_action,True,368.04,0.36,2
TXN003631,CUST00166,482,19330.55,0.0,125.8,0,144,134.01,checkout_abandoned,gateway_error,2026-07-25T04:00:20.617499,4,5,0,2026-07-05T19:48:10.215301,False,retry_link;reminder;discount_offer;escalate_to_human;no_action,no_action,False,0.0,,3
TXN003632,CUST00883,233,1028.71,0.5,621.16,1,36,441.8,payment_failed,otp_timeout,2026-07-25T04:07:11.617561,4,5,0,2026-06-19T03:17:36.925001,False,retry_link;reminder;discount_offer;escalate_to_human;no_action,no_action,True,441.8,0.14,1
TXN003633,CUST00698,76,14303.41,0.667,179.14,2,49,157.84,payment_failed,bank_decline,2026-07-25T04:14:16.016558,4,5,0,2026-06-05T09:07:25.958286,False,retry_link;reminder;discount_offer;escalate_to_human;no_action,discount_offer,True,157.84,4.93,1
TXN003634,CUST01046,359,1288.98,0.333,100.0,2,4,75.79,checkout_abandoned,insufficient_funds,2026-07-25T04:31:47.233478,4,5,0,2026-07-21T00:02:50.407942,False,retry_link;reminder;discount_offer;escalate_to_human;no_action,retry_link,False,0.0,,4
TXN003635,CUST01119,740,1824.82,1.0,124.36,1,13,105.39,payment_failed,bank_decline,2026-07-25T05:23:43.016324,5,5,0,2026-07-11T15:37:59.708100,False,retry_link;reminder;discount_offer;escalate_to_human;no_action,discount_offer,True,105.39,4.63,0
TXN003636,CUST01307,357,280.88,0.0,149.28,0,140,95.34,payment_failed,bank_decline,2026-07-25T05:39:51.828789,5,5,0,2026-07-17T21:38:50.308407,False,retry_link;reminder;discount_offer;escalate_to_human;no_action,no_action,False,0.0,,2
TXN003637,CUST00586,1034,1642.44,1.0,930.46,2,30,794.48,payment_failed,insufficient_funds,2026-07-25T06:12:26.685486,6,5,0,2026-06-25T05:22:28.995318,False,retry_link;reminder;discount_offer;escalate_to_human;no_action,discount_offer,True,794.48,30.41,0
TXN003638,CUST00300,546,7142.82,0.0,290.28,0,107,150.82,payment_failed,price_hesitation,2026-07-25T06:41:12.308800,6,5,0,2026-06-04T13:02:30.325957,False,retry_link;reminder;discount_offer;escalate_to_human;no_action,no_action,False,0.0,,2
TXN003639,CUST01120,21,2575.88,1.0,268.03,2,3,131.16,checkout_abandoned,gateway_error,2026-07-25T06:43:55.447741,6,5,0,2026-07-21T20:58:48.338807,False,retry_link;reminder;discount_offer;escalate_to_human;no_action,discount_offer,True,131.16,0.17,0
TXN003640,CUST01119,740,1824.82,1.0,124.36,2,0,96.8,checkout_abandoned,gateway_error,2026-07-25T07:21:16.175056,7,5,1,2026-07-25T05:23:43.016324,False,retry_link;reminder;discount_offer;escalate_to_human;no_action,reminder,False,0.0,,0
TXN003641,CUST00122,981,33828.54,1.0,100.0,1,1,62.11,payment_failed,gateway_error,2026-07-25T08:22:55.816056,8,5,0,2026-07-23T22:50:03.151760,False,retry_link;reminder;discount_offer;escalate_to_human;no_action,no_action,False,0.0,,0
TXN003642,CUST01285,74,16897.92,0.25,887.91,1,50,580.34,payment_failed,insufficient_funds,2026-07-25T08:26:35.635306,8,5,0,2026-07-13T19:48:31.692158,False,retry_link;reminder;discount_offer;escalate_to_human;no_action,retry_link,False,0.0,,3
TXN003643,CUST00911,276,1970.72,0.25,221.01,1,53,202.64,payment_failed,gateway_error,2026-07-25T08:56:53.981500,8,5,0,2026-06-25T21:59:53.015804,False,retry_link;reminder;discount_offer;escalate_to_human;no_action,retry_link,True,202.64,0.62,3
TXN003644,CUST00349,247,4513.86,0.0,437.74,0,102,211.87,checkout_abandoned,bank_decline,2026-07-25T09:04:02.608843,9,5,0,,True,no_action,no_action,False,0.0,,3
TXN003645,CUST01453,369,1289.15,0.0,103.59,0,63,177.41,checkout_abandoned,bank_decline,2026-07-25T09:18:52.294748,9,5,0,2026-07-09T13:04:41.505073,True,no_action,no_action,False,0.0,,4
TXN003646,CUST00077,341,15758.67,0.25,210.61,1,14,342.14,payment_failed,bank_decline,2026-07-25T10:26:07.784351,10,5,0,2026-07-11T01:18:47.467370,False,retry_link;reminder;discount_offer;escalate_to_human;no_action,no_action,False,0.0,,3
TXN003647,CUST00897,82,695.98,0.0,301.29,0,26,317.86,payment_failed,otp_timeout,2026-07-25T10:58:45.809861,10,5,0,2026-07-08T21:41:49.656476,False,retry_link;reminder;discount_offer;escalate_to_human;no_action,discount_offer,True,317.86,2.59,1
TXN003648,CUST00005,1288,24521.28,0.5,380.15,0,46,373.09,checkout_abandoned,otp_timeout,2026-07-25T11:02:11.152263,11,5,0,,False,retry_link;reminder;discount_offer;escalate_to_human;no_action,reminder,True,373.09,5.9,0
TXN003649,CUST01224,625,3236.85,0.0,641.37,0,140,619.18,checkout_abandoned,gateway_error,2026-07-25T11:26:08.252259,11,5,0,,False,retry_link;reminder;discount_offer;escalate_to_human;no_action,retry_link,True,619.18,2.01,1
TXN003650,CUST00785,882,8506.55,0.0,250.26,0,112,374.75,checkout_abandoned,insufficient_funds,2026-07-25T11:36:55.250206,11,5,1,2026-07-24T20:36:57.551953,False,retry_link;reminder;discount_offer;escalate_to_human;no_action,retry_link,True,374.75,0.41,1
TXN003651,CUST00601,1168,2652.27,1.0,395.18,1,30,334.73,payment_failed,gateway_error,2026-07-25T12:00:24.986424,12,5,0,2026-06-25T05:16:07.065231,False,retry_link;reminder;discount_offer;escalate_to_human;no_action,reminder,True,334.73,0.31,0
TXN003652,CUST00457,951,5787.7,0.5,448.18,1,7,292.82,checkout_abandoned,otp_timeout,2026-07-25T12:32:12.782797,12,5,0,2026-07-18T09:40:02.560095,False,retry_link;reminder;discount_offer;escalate_to_human;no_action,discount_offer,False,0.0,,1
TXN003653,CUST01115,735,5414.09,0.5,278.99,1,23,474.44,checkout_abandoned,insufficient_funds,2026-07-25T13:01:50.744663,13,5,0,2026-07-02T08:44:21.240354,False,retry_link;reminder;discount_offer;escalate_to_human;no_action,discount_offer,False,0.0,,1
TXN003654,CUST00709,699,11159.53,0.0,273.97,0,131,270.56,checkout_abandoned,price_hesitation,2026-07-25T13:03:57.462289,13,5,0,,True,no_action,no_action,False,0.0,,1
TXN003655,CUST01035,1114,9815.09,0.0,405.53,0,60,290.54,payment_failed,price_hesitation,2026-07-25T13:42:38.192686,13,5,0,2026-07-11T09:53:43.188372,False,retry_link;reminder;discount_offer;escalate_to_human;no_action,escalate_to_human,True,290.54,7.14,1
TXN003656,CUST00649,1272,14122.85,0.8,465.61,4,9,768.74,payment_failed,gateway_error,2026-07-25T14:37:52.196312,14,5,0,2026-07-16T01:11:46.867085,False,retry_link;reminder;discount_offer;escalate_to_human;no_action,escalate_to_human,True,768.74,0.3,1
TXN003657,CUST00943,711,35529.42,0.25,495.7,2,9,444.16,checkout_abandoned,bank_decline,2026-07-25T15:55:20.338285,15,5,0,2026-07-16T10:16:14.119353,False,retry_link;reminder;discount_offer;escalate_to_human;no_action,no_action,False,0.0,,6
TXN003658,CUST00422,1149,543.65,0.333,184.63,1,33,205.99,payment_failed,price_hesitation,2026-07-25T16:23:17.490175,16,5,0,2026-07-05T09:09:27.814339,False,retry_link;reminder;discount_offer;escalate_to_human;no_action,retry_link,False,0.0,,2
TXN003659,CUST01416,952,6462.86,0.5,281.98,0,8,244.2,payment_failed,insufficient_funds,2026-07-25T16:26:53.716419,16,5,0,,False,retry_link;reminder;discount_offer;escalate_to_human;no_action,retry_link,False,0.0,,0
TXN003660,CUST01089,213,14140.63,1.0,253.07,4,2,283.05,checkout_abandoned,bank_decline,2026-07-25T16:31:51.825486,16,5,0,2026-07-23T03:32:47.628381,False,retry_link;reminder;discount_offer;escalate_to_human;no_action,no_action,False,0.0,,0
TXN003661,CUST00077,341,15758.67,0.2,210.61,1,14,102.31,payment_failed,otp_timeout,2026-07-25T17:16:12.600074,17,5,0,2026-07-11T01:18:47.467370,False,retry_link;reminder;discount_offer;escalate_to_human;no_action,discount_offer,False,0.0,,4
TXN003662,CUST00865,1047,826.33,1.0,514.71,1,46,403.4,checkout_abandoned,otp_timeout,2026-07-25T17:20:21.989485,17,5,0,2026-06-08T22:30:11.537398,False,retry_link;reminder;discount_offer;escalate_to_human;no_action,reminder,True,403.4,9.94,0
TXN003663,CUST01270,554,7553.74,0.333,159.59,2,25,152.37,payment_failed,price_hesitation,2026-07-25T17:20:45.418126,17,5,0,2026-07-21T13:39:45.671035,False,retry_link;reminder;discount_offer;escalate_to_human;no_action,escalate_to_human,False,0.0,,4
TXN003664,CUST00371,992,4960.97,0.0,1206.16,0,78,1823.71,checkout_abandoned,insufficient_funds,2026-07-25T18:30:07.459326,18,5,0,,False,retry_link;reminder;discount_offer;escalate_to_human;no_action,reminder,False,0.0,,1
TXN003665,CUST00472,648,3705.9,1.0,317.99,3,12,511.3,checkout_abandoned,price_hesitation,2026-07-25T18:31:04.174120,18,5,0,2026-06-05T23:30:25.998390,False,retry_link;reminder;discount_offer;escalate_to_human;no_action,retry_link,True,511.3,15.32,0
TXN003666,CUST00886,80,8594.58,1.0,520.62,1,36,250.14,checkout_abandoned,bank_decline,2026-07-25T19:04:51.155122,19,5,0,2026-06-19T01:51:29.488585,False,retry_link;reminder;discount_offer;escalate_to_human;no_action,escalate_to_human,False,0.0,,0
TXN003667,CUST01313,1280,3176.05,0.25,407.96,1,34,449.16,checkout_abandoned,gateway_error,2026-07-25T19:24:17.982225,19,5,0,2026-07-21T07:26:32.402245,False,retry_link;reminder;discount_offer;escalate_to_human;no_action,no_action,False,0.0,,3
TXN003668,CUST01417,658,12468.17,1.0,736.44,4,3,684.15,payment_failed,price_hesitation,2026-07-25T19:51:17.337487,19,5,0,2026-07-22T14:46:29.005012,False,retry_link;reminder;discount_offer;escalate_to_human;no_action,discount_offer,True,684.15,1.16,0
TXN003669,CUST00366,704,1055.83,0.0,347.11,0,163,453.57,payment_failed,bank_decline,2026-07-25T20:15:32.370106,20,5,0,2026-07-21T02:04:08.768454,False,retry_link;reminder;discount_offer;escalate_to_human;no_action,reminder,False,0.0,,4
TXN003670,CUST01340,801,1000.54,0.5,508.08,0,25,481.58,payment_failed,otp_timeout,2026-07-25T20:23:26.794305,20,5,0,,False,retry_link;reminder;discount_offer;escalate_to_human;no_action,no_action,False,0.0,,0
TXN003671,CUST01070,1012,793.01,0.2,289.95,1,32,814.13,payment_failed,bank_decline,2026-07-25T20:43:15.180963,20,5,0,2026-07-07T09:32:50.264430,False,retry_link;reminder;discount_offer;escalate_to_human;no_action,retry_link,False,0.0,,4
TXN003672,CUST00962,1260,2720.06,0.4,215.46,2,8,248.75,payment_failed,insufficient_funds,2026-07-25T21:40:17.224783,21,5,0,2026-07-17T05:44:17.935664,False,retry_link;reminder;discount_offer;escalate_to_human;no_action,retry_link,True,248.75,2.8,3
TXN003673,CUST00130,848,3301.01,0.0,488.3,0,132,327.16,payment_failed,gateway_error,2026-07-25T21:47:16.248814,21,5,0,,False,retry_link;reminder;discount_offer;escalate_to_human;no_action,no_action,False,0.0,,1
TXN003674,CUST00716,777,3029.08,0.5,114.41,1,51,145.41,payment_failed,otp_timeout,2026-07-25T23:27:14.482061,23,5,0,2026-07-03T10:57:31.730509,False,retry_link;reminder;discount_offer;escalate_to_human;no_action,escalate_to_human,True,145.41,1.14,1
TXN003675,CUST00669,199,1794.7,1.0,270.57,2,8,191.29,payment_failed,otp_timeout,2026-07-25T23:30:43.397802,23,5,0,2026-07-17T10:06:49.639744,False,retry_link;reminder;discount_offer;escalate_to_human;no_action,reminder,True,191.29,7.51,0
TXN003676,CUST01338,1163,2532.62,0.333,468.12,1,37,533.7,payment_failed,otp_timeout,2026-07-26T00:55:12.937548,0,6,0,2026-06-18T02:02:25.424738,False,retry_link;reminder;discount_offer;escalate_to_human;no_action,no_action,False,0.0,,2
TXN003677,CUST01261,1387,2653.16,0.333,563.18,1,48,567.49,payment_failed,insufficient_funds,2026-07-26T00:56:04.963541,0,6,0,2026-06-07T04:49:47.375133,True,no_action,no_action,False,0.0,,2
TXN003678,CUST01282,590,7922.09,0.5,483.72,2,12,336.39,payment_failed,insufficient_funds,2026-07-26T01:52:19.019406,1,6,0,2026-07-14T04:17:34.117515,False,retry_link;reminder;discount_offer;escalate_to_human;no_action,no_action,False,0.0,,2
TXN003679,CUST00406,651,34491.75,0.0,743.85,0,138,755.34,payment_failed,price_hesitation,2026-07-26T03:03:16.867930,3,6,0,2026-06-16T21:53:29.259005,False,retry_link;reminder;discount_offer;escalate_to_human;no_action,escalate_to_human,True,755.34,7.18,3
TXN003680,CUST00754,832,3984.49,0.0,354.77,0,128,444.48,payment_failed,bank_decline,2026-07-26T03:24:40.810802,3,6,0,2026-07-05T09:05:16.364655,False,retry_link;reminder;discount_offer;escalate_to_human;no_action,retry_link,False,0.0,,1
TXN003681,CUST00795,443,6193.9,1.0,235.09,2,3,167.55,payment_failed,gateway_error,2026-07-26T03:27:05.023074,3,6,0,2026-07-22T17:54:25.383787,False,retry_link;reminder;discount_offer;escalate_to_human;no_action,reminder,True,167.55,0.31,0
TXN003682,CUST00221,684,13030.31,1.0,465.31,1,14,282.82,payment_failed,bank_decline,2026-07-26T03:36:13.584212,3,6,0,2026-07-11T11:20:10.960072,False,retry_link;reminder;discount_offer;escalate_to_human;no_action,discount_offer,True,282.82,5.77,0
TXN003683,CUST00432,1239,6633.65,0.5,714.77,1,36,640.68,payment_failed,gateway_error,2026-07-26T03:37:39.933134,3,6,0,2026-06-19T14:23:58.702287,False,retry_link;reminder;discount_offer;escalate_to_human;no_action,escalate_to_human,True,640.68,0.49,1
TXN003684,CUST00448,782,3124.64,0.667,326.38,2,32,689.52,payment_failed,otp_timeout,2026-07-26T03:41:07.665490,3,6,0,2026-06-23T20:09:06.650651,False,retry_link;reminder;discount_offer;escalate_to_human;no_action,escalate_to_human,True,689.52,0.05,1
TXN003685,CUST01367,680,2937.24,0.333,373.13,1,1,395.2,checkout_abandoned,price_hesitation,2026-07-26T03:47:48.992795,3,6,0,2026-07-24T19:05:32.735476,True,no_action,no_action,False,0.0,,2
TXN003686,CUST00577,786,2374.26,0.0,283.01,0,123,274.34,checkout_abandoned,insufficient_funds,2026-07-26T04:19:19.589609,4,6,0,2026-07-10T13:41:52.285184,True,no_action,no_action,False,0.0,,3
TXN003687,CUST00623,625,2753.46,0.0,512.39,0,116,428.19,payment_failed,gateway_error,2026-07-26T04:50:01.266720,4,6,0,2026-06-01T05:40:37.051849,False,retry_link;reminder;discount_offer;escalate_to_human;no_action,reminder,False,0.0,,2
TXN003688,CUST01182,1036,9539.83,0.333,215.33,1,15,230.77,checkout_abandoned,price_hesitation,2026-07-26T05:47:22.448874,5,6,0,2026-07-10T08:20:35.313735,False,retry_link;reminder;discount_offer;escalate_to_human;no_action,no_action,False,0.0,,2
TXN003689,CUST00899,924,2129.82,0.5,156.14,1,6,129.46,checkout_abandoned,otp_timeout,2026-07-26T05:51:25.843357,5,6,0,2026-07-19T20:28:24.350639,False,retry_link;reminder;discount_offer;escalate_to_human;no_action,discount_offer,True,129.46,0.21,1
TXN003690,CUST01383,1345,11488.04,0.5,792.27,0,10,1028.9,checkout_abandoned,price_hesitation,2026-07-26T05:58:57.643641,5,6,0,,False,retry_link;reminder;discount_offer;escalate_to_human;no_action,reminder,False,0.0,,0
TXN003691,CUST00981,1053,2856.23,0.0,663.88,0,49,517.55,payment_failed,otp_timeout,2026-07-26T05:59:59.805039,5,6,0,2026-07-05T10:03:24.968950,False,retry_link;reminder;discount_offer;escalate_to_human;no_action,escalate_to_human,False,0.0,,3
TXN003692,CUST00629,550,4358.75,0.0,593.23,0,77,512.09,payment_failed,otp_timeout,2026-07-26T06:10:21.323874,6,6,0,,False,retry_link;reminder;discount_offer;escalate_to_human;no_action,no_action,False,0.0,,1
TXN003693,CUST00092,1262,6491.01,0.333,750.9,1,37,402.92,payment_failed,insufficient_funds,2026-07-26T06:11:16.869709,6,6,0,2026-06-19T05:28:16.721048,False,retry_link;reminder;discount_offer;escalate_to_human;no_action,retry_link,False,0.0,,2
TXN003694,CUST00846,235,1366.73,0.0,385.25,0,145,500.12,payment_failed,gateway_error,2026-07-26T06:23:16.207362,6,6,0,2026-07-11T21:19:14.124214,False,retry_link;reminder;discount_offer;escalate_to_human;no_action,escalate_to_human,False,0.0,,4
TXN003695,CUST01341,206,32682.53,1.0,353.55,1,44,592.77,checkout_abandoned,price_hesitation,2026-07-26T07:04:49.169233,7,6,0,2026-06-11T13:45:35.704431,False,retry_link;reminder;discount_offer;escalate_to_human;no_action,retry_link,True,592.77,4.3,0
TXN003696,CUST00036,1287,1784.81,0.0,403.11,0,118,298.88,payment_failed,insufficient_funds,2026-07-26T07:24:01.063691,7,6,0,2026-06-15T16:11:33.126745,False,retry_link;reminder;discount_offer;escalate_to_human;no_action,reminder,False,0.0,,1
TXN003697,CUST00208,396,3806.65,0.5,326.98,2,26,292.22,payment_failed,bank_decline,2026-07-26T08:44:01.043480,8,6,0,2026-06-29T10:03:32.468515,False,retry_link;reminder;discount_offer;escalate_to_human;no_action,discount_offer,True,292.22,0.21,2
TXN003698,CUST01262,667,5085.52,0.0,592.8,0,44,553.9,checkout_abandoned,insufficient_funds,2026-07-26T08:53:02.017096,8,6,0,2026-07-18T19:14:19.692440,False,retry_link;reminder;discount_offer;escalate_to_human;no_action,escalate_to_human,False,0.0,,3
TXN003699,CUST01404,266,4765.61,1.0,317.88,1,26,179.67,payment_failed,insufficient_funds,2026-07-26T08:57:14.584688,8,6,0,,False,retry_link;reminder;discount_offer;escalate_to_human;no_action,escalate_to_human,True,179.67,7.11,0
TXN003700,CUST01080,1380,4704.73,0.25,459.51,1,12,329.54,payment_failed,price_hesitation,2026-07-26T09:07:34.556056,9,6,0,2026-07-20T11:37:07.261899,False,retry_link;reminder;discount_offer;escalate_to_human;no_action,discount_offer,False,0.0,,3
TXN003701,CUST01083,834,3131.87,1.0,593.24,2,15,650.29,checkout_abandoned,otp_timeout,2026-07-26T09:16:39.511328,9,6,0,2026-07-10T18:58:58.143261,False,retry_link;reminder;discount_offer;escalate_to_human;no_action,reminder,True,650.29,6.57,0
TXN003702,CUST00138,521,583.67,0.0,682.36,0,22,1182.13,payment_failed,price_hesitation,2026-07-26T09:34:17.465500,9,6,0,2026-07-21T04:24:33.542278,False,retry_link;reminder;discount_offer;escalate_to_human;no_action,no_action,False,0.0,,2
TXN003703,CUST00530,898,14243.12,0.75,417.76,3,29,553.78,checkout_abandoned,insufficient_funds,2026-07-26T09:59:09.265295,9,6,0,2026-07-13T04:37:16.489137,False,retry_link;reminder;discount_offer;escalate_to_human;no_action,retry_link,True,553.78,2.67,1
TXN003704,CUST00992,296,9947.63,0.5,503.96,0,49,509.12,payment_failed,gateway_error,2026-07-26T10:16:41.802573,10,6,0,,False,retry_link;reminder;discount_offer;escalate_to_human;no_action,reminder,True,509.12,4.41,0
TXN003705,CUST01260,399,5929.46,0.0,244.85,0,91,306.44,payment_failed,gateway_error,2026-07-26T10:45:56.328011,10,6,0,2026-06-18T17:53:29.504786,False,retry_link;reminder;discount_offer;escalate_to_human;no_action,no_action,False,0.0,,1
TXN003706,CUST01122,404,12924.1,0.0,909.17,0,125,1176.08,payment_failed,otp_timeout,2026-07-26T10:47:57.007542,10,6,0,2026-07-19T01:28:44.194183,False,retry_link;reminder;discount_offer;escalate_to_human;no_action,reminder,False,0.0,,5
TXN003707,CUST01305,1007,973.61,0.0,846.34,0,162,826.7,payment_failed,price_hesitation,2026-07-26T10:59:22.973067,10,6,0,,False,retry_link;reminder;discount_offer;escalate_to_human;no_action,no_action,False,0.0,,3
TXN003708,CUST01295,772,5856.03,0.5,275.15,1,28,209.14,payment_failed,bank_decline,2026-07-26T11:36:55.073145,11,6,0,2026-07-03T20:56:53.767773,False,retry_link;reminder;discount_offer;escalate_to_human;no_action,discount_offer,False,0.0,,1
TXN003709,CUST00177,242,1903.5,0.667,295.9,2,16,92.97,payment_failed,otp_timeout,2026-07-26T11:46:54.424967,11,6,0,2026-07-10T21:58:38.693312,False,retry_link;reminder;discount_offer;escalate_to_human;no_action,no_action,True,92.97,14.46,1
TXN003710,CUST00290,1211,1263.58,0.6,230.24,3,24,525.06,payment_failed,price_hesitation,2026-07-26T11:52:44.636388,11,6,0,2026-06-19T06:55:57.905445,True,no_action,no_action,True,525.06,5.49,2
TXN003711,CUST01336,957,2857.93,1.0,290.93,2,46,330.42,checkout_abandoned,gateway_error,2026-07-26T12:28:35.172014,12,6,0,2026-06-10T03:13:38.914176,False,retry_link;reminder;discount_offer;escalate_to_human;no_action,discount_offer,True,330.42,2.4,0
TXN003712,CUST00225,459,3323.36,0.5,1575.26,0,23,2335.77,checkout_abandoned,otp_timeout,2026-07-26T12:59:44.411904,12,6,0,,False,retry_link;reminder;discount_offer;escalate_to_human;no_action,discount_offer,False,0.0,,0
TXN003713,CUST01106,366,12664.81,1.0,469.26,1,7,446.45,checkout_abandoned,otp_timeout,2026-07-26T13:14:10.249396,13,6,0,2026-07-18T22:40:58.117047,False,retry_link;reminder;discount_offer;escalate_to_human;no_action,discount_offer,True,446.45,9.07,0
TXN003714,CUST00311,1008,6142.9,0.0,457.29,0,55,493.22,payment_failed,otp_timeout,2026-07-26T13:23:26.954014,13,6,0,2026-07-11T07:28:00.337999,False,retry_link;reminder;discount_offer;escalate_to_human;no_action,no_action,False,0.0,,1
TXN003715,CUST00615,959,38003.91,0.5,309.66,1,54,334.58,payment_failed,price_hesitation,2026-07-26T15:04:46.384167,15,6,0,2026-06-01T17:30:51.082805,False,retry_link;reminder;discount_offer;escalate_to_human;no_action,no_action,False,0.0,,1
TXN003716,CUST00239,941,7698.95,1.0,104.59,1,46,95.1,payment_failed,insufficient_funds,2026-07-26T15:29:23.779504,15,6,0,2026-06-10T12:43:54.287941,False,retry_link;reminder;discount_offer;escalate_to_human;no_action,no_action,False,0.0,,0
TXN003717,CUST00549,1021,9441.88,0.667,524.23,2,19,491.83,checkout_abandoned,insufficient_funds,2026-07-26T16:10:15.942334,16,6,0,2026-06-20T18:10:08.245129,False,retry_link;reminder;discount_offer;escalate_to_human;no_action,reminder,False,0.0,,1
TXN003718,CUST00279,125,12162.69,0.0,691.68,0,101,600.02,payment_failed,gateway_error,2026-07-26T16:17:45.945887,16,6,0,2026-07-02T15:51:39.578366,False,retry_link;reminder;discount_offer;escalate_to_human;no_action,reminder,True,600.02,0.14,3
TXN003719,CUST01261,1387,2653.16,0.25,563.18,1,49,975.21,checkout_abandoned,insufficient_funds,2026-07-26T16:32:53.418028,16,6,0,2026-06-07T04:49:47.375133,True,no_action,no_action,False,0.0,,3
TXN003720,CUST00037,1241,12588.28,0.0,382.99,0,136,430.41,payment_failed,insufficient_funds,2026-07-26T16:45:35.581764,16,6,0,2026-07-21T15:35:49.492413,False,retry_link;reminder;discount_offer;escalate_to_human;no_action,reminder,False,0.0,,4
TXN003721,CUST00202,743,5603.51,0.0,837.09,0,70,1217.33,payment_failed,insufficient_funds,2026-07-26T17:10:34.562412,17,6,0,2026-07-05T10:57:11.828511,False,retry_link;reminder;discount_offer;escalate_to_human;no_action,no_action,False,0.0,,3
TXN003722,CUST00151,422,1621.84,0.0,286.27,0,120,311.88,payment_failed,otp_timeout,2026-07-26T17:29:16.127434,17,6,0,,False,retry_link;reminder;discount_offer;escalate_to_human;no_action,no_action,False,0.0,,2
TXN003723,CUST00561,66,451.39,0.0,222.15,0,75,187.4,checkout_abandoned,price_hesitation,2026-07-26T17:58:58.613584,17,6,0,2026-07-09T00:02:01.862986,True,no_action,no_action,False,0.0,,3
TXN003724,CUST00745,546,5137.3,1.0,126.47,2,10,103.64,checkout_abandoned,otp_timeout,2026-07-26T18:06:14.285718,18,6,0,2026-07-16T14:57:27.523311,False,retry_link;reminder;discount_offer;escalate_to_human;no_action,no_action,False,0.0,,0
TXN003725,CUST00509,355,9161.88,0.5,154.68,1,39,135.72,checkout_abandoned,otp_timeout,2026-07-26T18:32:50.914839,18,6,0,2026-06-20T22:43:20.058291,False,retry_link;reminder;discount_offer;escalate_to_human;no_action,escalate_to_human,True,135.72,3.46,1
TXN003726,CUST00218,671,13826.17,0.667,600.24,2,8,624.25,payment_failed,insufficient_funds,2026-07-26T18:54:03.832311,18,6,0,2026-07-18T04:21:54.063294,False,retry_link;reminder;discount_offer;escalate_to_human;no_action,no_action,False,0.0,,1
TXN003727,CUST00627,551,2196.2,0.0,227.58,0,136,130.46,checkout_abandoned,otp_timeout,2026-07-26T18:55:03.596808,18,6,0,2026-06-26T21:11:47.459532,False,retry_link;reminder;discount_offer;escalate_to_human;no_action,reminder,False,0.0,,5
TXN003728,CUST01021,109,24962.58,0.25,198.02,1,14,248.47,payment_failed,gateway_error,2026-07-26T19:03:19.785500,19,6,0,2026-07-11T22:37:46.378269,False,retry_link;reminder;discount_offer;escalate_to_human;no_action,retry_link,False,0.0,,3
TXN003729,CUST00771,1479,4793.64,0.2,876.94,1,30,671.79,payment_failed,bank_decline,2026-07-26T19:45:26.054749,19,6,0,2026-06-23T04:26:53.458422,True,no_action,no_action,False,0.0,,4
TXN003730,CUST00573,74,472.43,1.0,242.31,2,24,183.84,payment_failed,otp_timeout,2026-07-26T20:07:56.982813,20,6,0,2026-07-02T13:25:27.586387,False,retry_link;reminder;discount_offer;escalate_to_human;no_action,retry_link,True,183.84,0.86,0
TXN003731,CUST01050,762,2991.34,0.0,631.99,0,165,499.28,checkout_abandoned,gateway_error,2026-07-26T20:11:30.280349,20,6,0,2026-06-29T12:14:57.873189,False,retry_link;reminder;discount_offer;escalate_to_human;no_action,retry_link,True,499.28,2.76,2
TXN003732,CUST00196,514,23859.36,0.0,211.24,0,69,202.92,checkout_abandoned,bank_decline,2026-07-26T20:53:02.288696,20,6,0,2026-07-05T01:39:03.346581,False,retry_link;reminder;discount_offer;escalate_to_human;no_action,reminder,False,0.0,,2
TXN003733,CUST00574,11,6525.05,1.0,639.2,4,2,725.23,payment_failed,price_hesitation,2026-07-26T21:02:25.386358,21,6,0,2026-07-24T16:40:09.717450,False,retry_link;reminder;discount_offer;escalate_to_human;no_action,escalate_to_human,True,725.23,1.17,0
TXN003734,CUST01348,1102,8811.06,1.0,443.35,1,30,503.09,payment_failed,insufficient_funds,2026-07-26T21:02:55.084672,21,6,0,,False,retry_link;reminder;discount_offer;escalate_to_human;no_action,escalate_to_human,False,0.0,,0
TXN003735,CUST00528,1372,4069.51,0.667,298.85,2,46,295.36,payment_failed,bank_decline,2026-07-26T21:16:00.813656,21,6,0,2026-07-20T09:33:06.131372,False,retry_link;reminder;discount_offer;escalate_to_human;no_action,escalate_to_human,False,0.0,,1
TXN003736,CUST01197,1472,15182.26,0.5,582.1,2,22,193.72,payment_failed,price_hesitation,2026-07-26T21:17:15.542250,21,6,0,2026-07-04T20:32:23.081842,False,retry_link;reminder;discount_offer;escalate_to_human;no_action,escalate_to_human,True,193.72,4.08,2
TXN003737,CUST00173,1083,5127.84,0.8,397.53,4,16,333.29,checkout_abandoned,insufficient_funds,2026-07-26T21:24:56.271172,21,6,0,2026-07-10T07:56:08.820467,False,retry_link;reminder;discount_offer;escalate_to_human;no_action,retry_link,False,0.0,,1
TXN003738,CUST01125,1265,522.43,1.0,287.32,1,22,275.51,payment_failed,gateway_error,2026-07-26T21:39:19.425369,21,6,0,2026-07-03T23:34:53.179088,False,retry_link;reminder;discount_offer;escalate_to_human;no_action,retry_link,True,275.51,13.35,0
TXN003739,CUST00263,1387,11038.47,0.0,323.28,0,76,446.96,payment_failed,price_hesitation,2026-07-26T22:38:34.846451,22,6,0,2026-06-15T09:41:11.392705,False,retry_link;reminder;discount_offer;escalate_to_human;no_action,retry_link,False,0.0,,3
TXN003740,CUST00826,1021,693.11,0.0,441.94,0,163,389.29,payment_failed,insufficient_funds,2026-07-26T22:43:05.712455,22,6,0,2026-07-23T00:05:06.067192,False,retry_link;reminder;discount_offer;escalate_to_human;no_action,discount_offer,False,0.0,,8
TXN003741,CUST01472,674,1637.52,0.333,103.21,1,51,73.67,payment_failed,bank_decline,2026-07-26T23:29:37.443311,23,6,0,2026-07-16T02:02:30.133046,False,retry_link;reminder;discount_offer;escalate_to_human;no_action,discount_offer,False,0.0,,2
TXN003742,CUST01058,637,1431.43,0.0,208.56,0,59,296.31,payment_failed,price_hesitation,2026-07-26T23:51:49.710506,23,6,0,2026-06-04T06:28:35.530005,False,retry_link;reminder;discount_offer;escalate_to_human;no_action,no_action,False,0.0,,1
TXN003743,CUST00943,711,35529.42,0.222,495.7,2,10,898.15,payment_failed,price_hesitation,2026-07-27T00:18:51.734264,0,0,0,2026-07-16T10:16:14.119353,False,retry_link;reminder;discount_offer;escalate_to_human;no_action,no_action,False,0.0,,7
TXN003744,CUST00019,676,414.89,0.5,275.07,0,109,294.96,payment_failed,insufficient_funds,2026-07-27T00:39:09.525344,0,0,0,,False,retry_link;reminder;discount_offer;escalate_to_human;no_action,escalate_to_human,False,0.0,,0
TXN003745,CUST01290,351,1222.93,0.5,448.73,0,107,580.91,payment_failed,price_hesitation,2026-07-27T00:50:47.582613,0,0,0,,False,retry_link;reminder;discount_offer;escalate_to_human;no_action,retry_link,False,0.0,,0
TXN003746,CUST00330,820,1253.97,1.0,120.61,4,4,138.35,payment_failed,otp_timeout,2026-07-27T01:04:55.159344,1,0,0,2026-07-22T02:32:46.948029,False,retry_link;reminder;discount_offer;escalate_to_human;no_action,reminder,True,138.35,9.9,0
TXN003747,CUST00977,859,66974.5,1.0,291.82,1,53,428.4,payment_failed,otp_timeout,2026-07-27T01:05:55.075118,1,0,0,2026-06-03T02:31:26.309968,False,retry_link;reminder;discount_offer;escalate_to_human;no_action,escalate_to_human,True,428.4,1.2,0
TXN003748,CUST00395,1311,5360.9,0.5,219.78,2,36,166.34,payment_failed,insufficient_funds,2026-07-27T01:17:40.655797,1,0,0,2026-07-21T23:53:16.789343,False,retry_link;reminder;discount_offer;escalate_to_human;no_action,reminder,True,166.34,6.36,2
TXN003749,CUST01345,1496,4063.67,0.0,903.21,0,72,861.36,checkout_abandoned,price_hesitation,2026-07-27T01:34:24.983556,1,0,0,2026-07-11T18:53:28.792079,False,retry_link;reminder;discount_offer;escalate_to_human;no_action,reminder,True,861.36,0.29,2
TXN003750,CUST01470,1346,10923.9,0.333,508.27,1,36,402.21,payment_failed,price_hesitation,2026-07-27T01:50:31.253684,1,0,0,2026-06-20T14:42:33.393770,False,retry_link;reminder;discount_offer;escalate_to_human;no_action,discount_offer,False,0.0,,2
TXN003751,CUST01399,449,11496.45,1.0,281.65,1,27,283.3,payment_failed,gateway_error,2026-07-27T02:17:47.917456,2,0,0,2026-06-29T06:40:45.900456,False,retry_link;reminder;discount_offer;escalate_to_human;no_action,reminder,True,283.3,1.41,0
TXN003752,CUST00333,1244,72376.95,0.333,100.0,1,14,165.55,payment_failed,price_hesitation,2026-07-27T02:22:41.325182,2,0,0,2026-07-12T22:57:21.661678,False,retry_link;reminder;discount_offer;escalate_to_human;no_action,escalate_to_human,True,165.55,0.99,2
TXN003753,CUST00179,752,907.59,0.5,470.23,0,38,486.96,payment_failed,otp_timeout,2026-07-27T02:45:33.691944,2,0,0,,False,retry_link;reminder;discount_offer;escalate_to_human;no_action,escalate_to_human,True,486.96,1.12,0
TXN003754,CUST00958,1457,2211.41,0.5,481.19,1,37,554.05,payment_failed,insufficient_funds,2026-07-27T02:56:23.671297,2,0,0,,False,retry_link;reminder;discount_offer;escalate_to_human;no_action,escalate_to_human,True,554.05,24.51,1
TXN003755,CUST01182,1036,9539.83,0.25,215.33,1,16,186.69,payment_failed,price_hesitation,2026-07-27T03:22:26.303096,3,0,0,2026-07-10T08:20:35.313735,False,retry_link;reminder;discount_offer;escalate_to_human;no_action,discount_offer,False,0.0,,3
TXN003756,CUST00885,1102,21893.24,0.2,339.27,1,5,229.62,checkout_abandoned,price_hesitation,2026-07-27T03:42:30.432986,3,0,0,2026-07-21T18:13:39.503086,False,retry_link;reminder;discount_offer;escalate_to_human;no_action,escalate_to_human,True,229.62,3.5,4
TXN003757,CUST01473,311,5117.83,1.0,149.4,1,2,206.15,payment_failed,price_hesitation,2026-07-27T04:26:01.271244,4,0,0,2026-07-24T19:30:30.561848,False,retry_link;reminder;discount_offer;escalate_to_human;no_action,discount_offer,True,206.15,2.1,0
TXN003758,CUST01268,1429,2024.52,0.333,348.52,1,41,389.9,checkout_abandoned,price_hesitation,2026-07-27T04:40:13.511082,4,0,0,2026-06-15T08:27:15.706803,False,retry_link;reminder;discount_offer;escalate_to_human;no_action,escalate_to_human,True,389.9,0.71,2
TXN003759,CUST01188,850,2931.24,0.5,444.1,1,25,434.51,payment_failed,insufficient_funds,2026-07-27T04:44:29.363704,4,0,0,2026-07-01T21:50:28.252681,False,retry_link;reminder;discount_offer;escalate_to_human;no_action,no_action,False,0.0,,1
TXN003760,CUST01346,1283,14200.12,0.5,507.96,1,41,457.61,payment_failed,bank_decline,2026-07-27T04:54:18.345005,4,0,0,2026-07-12T16:43:32.516454,False,retry_link;reminder;discount_offer;escalate_to_human;no_action,escalate_to_human,False,0.0,,1
TXN003761,CUST00580,140,5212.58,1.0,282.66,4,9,344.24,payment_failed,insufficient_funds,2026-07-27T05:37:28.480988,5,0,0,2026-07-17T06:09:21.680210,False,retry_link;reminder;discount_offer;escalate_to_human;no_action,retry_link,False,0.0,,0
TXN003762,CUST00568,964,44527.42,0.0,233.69,0,30,319.77,payment_failed,gateway_error,2026-07-27T06:19:57.320007,6,0,0,2026-07-07T19:48:17.040328,False,retry_link;reminder;discount_offer;escalate_to_human;no_action,escalate_to_human,True,319.77,5.46,1
TXN003763,CUST01005,1381,5471.81,1.0,231.55,2,14,162.35,payment_failed,price_hesitation,2026-07-27T06:47:14.989608,6,0,0,2026-07-12T21:41:53.872074,False,retry_link;reminder;discount_offer;escalate_to_human;no_action,discount_offer,True,162.35,15.59,0
TXN003764,CUST01450,441,1927.73,1.0,442.63,1,48,304.77,payment_failed,price_hesitation,2026-07-27T07:08:54.196028,7,0,0,2026-06-08T14:33:13.338240,False,retry_link;reminder;discount_offer;escalate_to_human;no_action,escalate_to_human,True,304.77,14.3,0
TXN003765,CUST01017,741,3989.77,0.5,515.31,0,18,814.47,payment_failed,price_hesitation,2026-07-27T07:25:03.330765,7,0,0,,False,retry_link;reminder;discount_offer;escalate_to_human;no_action,no_action,False,0.0,,0
TXN003766,CUST01451,62,1502.16,0.667,453.06,2,14,262.67,checkout_abandoned,gateway_error,2026-07-27T07:38:16.298140,7,0,0,2026-07-12T12:31:17.339282,False,retry_link;reminder;discount_offer;escalate_to_human;no_action,no_action,True,262.67,4.67,1
TXN003767,CUST00520,537,20023.84,0.5,197.99,2,23,209.57,checkout_abandoned,otp_timeout,2026-07-27T09:09:58.796715,9,0,0,2026-07-03T11:44:14.943840,False,retry_link;reminder;discount_offer;escalate_to_human;no_action,no_action,True,209.57,7.84,2
TXN003768,CUST00530,898,14243.12,0.8,417.76,4,0,532.3,payment_failed,insufficient_funds,2026-07-27T09:20:35.821391,9,0,1,2026-07-26T09:59:09.265295,False,retry_link;reminder;discount_offer;escalate_to_human;no_action,retry_link,True,532.3,14.39,1
TXN003769,CUST00448,782,3124.64,0.75,326.38,3,1,207.31,payment_failed,price_hesitation,2026-07-27T09:25:36.991309,9,0,0,2026-07-26T03:41:07.665490,False,retry_link;reminder;discount_offer;escalate_to_human;no_action,no_action,False,0.0,,1
TXN003770,CUST00390,1120,25238.81,0.667,121.41,2,24,167.04,payment_failed,price_hesitation,2026-07-27T09:40:03.264803,9,0,0,2026-06-16T04:38:26.085580,False,retry_link;reminder;discount_offer;escalate_to_human;no_action,no_action,False,0.0,,1
TXN003771,CUST00368,34,10082.63,0.4,397.68,2,28,524.37,payment_failed,gateway_error,2026-07-27T09:47:30.686580,9,0,0,2026-06-29T09:44:57.687458,False,retry_link;reminder;discount_offer;escalate_to_human;no_action,escalate_to_human,False,0.0,,3
TXN003772,CUST00839,1366,4186.45,0.333,273.29,1,25,300.63,checkout_abandoned,price_hesitation,2026-07-27T09:47:39.938305,9,0,0,2026-07-04T13:10:35.880991,False,retry_link;reminder;discount_offer;escalate_to_human;no_action,retry_link,False,0.0,,2
TXN003773,CUST00792,1084,13163.01,1.0,256.55,1,47,438.09,payment_failed,otp_timeout,2026-07-27T10:48:06.048240,10,0,0,2026-06-09T14:54:15.710648,False,retry_link;reminder;discount_offer;escalate_to_human;no_action,escalate_to_human,True,438.09,10.12,0
TXN003774,CUST00907,260,28268.33,0.8,423.15,4,3,704.52,checkout_abandoned,otp_timeout,2026-07-27T11:09:40.106378,11,0,0,2026-07-23T18:09:26.639839,False,retry_link;reminder;discount_offer;escalate_to_human;no_action,reminder,True,704.52,1.27,1
TXN003775,CUST01373,631,12096.12,0.5,432.2,2,19,260.36,payment_failed,insufficient_funds,2026-07-27T11:42:13.072601,11,0,0,2026-07-21T22:58:10.371699,False,retry_link;reminder;discount_offer;escalate_to_human;no_action,no_action,False,0.0,,2
TXN003776,CUST01314,1353,5569.85,0.5,438.23,0,29,227.61,payment_failed,otp_timeout,2026-07-27T12:19:16.341910,12,0,0,,False,retry_link;reminder;discount_offer;escalate_to_human;no_action,discount_offer,True,227.61,2.73,0
TXN003777,CUST00145,1280,12260.46,0.0,802.76,0,133,934.31,checkout_abandoned,gateway_error,2026-07-27T12:34:16.900507,12,0,0,2026-07-03T04:16:39.986794,False,retry_link;reminder;discount_offer;escalate_to_human;no_action,no_action,False,0.0,,5
TXN003778,CUST00010,790,8043.3,0.5,441.88,3,26,504.97,payment_failed,insufficient_funds,2026-07-27T12:44:28.661611,12,0,0,2026-07-11T04:57:49.672661,False,retry_link;reminder;discount_offer;escalate_to_human;no_action,retry_link,False,0.0,,3
TXN003779,CUST00586,1034,1642.44,1.0,930.46,3,2,737.32,payment_failed,price_hesitation,2026-07-27T13:41:20.893489,13,0,0,2026-07-25T06:12:26.685486,True,no_action,no_action,False,0.0,,0
TXN003780,CUST00073,195,7558.22,0.5,255.71,1,35,227.57,checkout_abandoned,gateway_error,2026-07-27T13:56:59.228772,13,0,0,2026-06-28T01:33:27.090506,False,retry_link;reminder;discount_offer;escalate_to_human;no_action,escalate_to_human,False,0.0,,1
TXN003781,CUST01267,559,2113.42,1.0,387.35,1,51,422.44,payment_failed,insufficient_funds,2026-07-27T14:34:10.809137,14,0,0,2026-06-05T17:58:30.933015,False,retry_link;reminder;discount_offer;escalate_to_human;no_action,escalate_to_human,True,422.44,7.82,0
TXN003782,CUST00638,1189,3129.49,1.0,269.41,2,35,302.05,payment_failed,bank_decline,2026-07-27T14:50:04.040336,14,0,0,2026-06-22T01:56:27.458591,False,retry_link;reminder;discount_offer;escalate_to_human;no_action,reminder,True,302.05,2.67,0
TXN003783,CUST00840,434,3193.13,0.5,669.86,0,69,621.28,checkout_abandoned,otp_timeout,2026-07-27T15:03:00.152275,15,0,0,,False,retry_link;reminder;discount_offer;escalate_to_human;no_action,no_action,False,0.0,,0
TXN003784,CUST00256,1016,16566.65,1.0,100.0,1,47,97.56,payment_failed,price_hesitation,2026-07-27T15:40:42.459856,15,0,0,2026-06-10T03:42:31.985879,False,retry_link;reminder;discount_offer;escalate_to_human;no_action,discount_offer,True,97.56,2.69,0
TXN003785,CUST00506,796,10955.38,1.0,191.93,2,16,414.9,payment_failed,bank_decline,2026-07-27T16:38:11.082766,16,0,0,2026-07-11T08:06:43.836805,False,retry_link;reminder;discount_offer;escalate_to_human;no_action,escalate_to_human,True,414.9,6.77,0
TXN003786,CUST01445,54,19378.75,0.0,127.85,0,133,170.3,checkout_abandoned,otp_timeout,2026-07-27T17:22:05.120406,17,0,0,2026-06-24T08:05:10.059013,False,retry_link;reminder;discount_offer;escalate_to_human;no_action,discount_offer,False,0.0,,2
TXN003787,CUST00856,368,5076.44,0.0,328.53,0,42,367.53,payment_failed,gateway_error,2026-07-27T18:02:10.712301,18,0,0,2026-06-26T07:55:01.010595,False,retry_link;reminder;discount_offer;escalate_to_human;no_action,discount_offer,True,367.53,1.51,1
TXN003788,CUST01001,1105,1056.32,0.0,347.66,0,56,598.88,checkout_abandoned,price_hesitation,2026-07-27T19:29:32.791974,19,0,0,2026-07-04T03:38:07.281988,False,retry_link;reminder;discount_offer;escalate_to_human;no_action,escalate_to_human,True,598.88,1.23,2
TXN003789,CUST00993,647,4339.5,0.0,178.55,0,115,156.91,checkout_abandoned,insufficient_funds,2026-07-27T19:52:59.150876,19,0,0,2026-07-06T03:33:03.340956,False,retry_link;reminder;discount_offer;escalate_to_human;no_action,discount_offer,False,0.0,,3
TXN003790,CUST00191,945,7606.33,1.0,850.14,2,9,844.08,checkout_abandoned,price_hesitation,2026-07-27T20:04:13.242662,20,0,0,2026-07-18T09:22:08.281891,False,retry_link;reminder;discount_offer;escalate_to_human;no_action,no_action,True,844.08,0.93,0
TXN003791,CUST00857,86,15239.7,0.0,117.31,0,128,145.52,payment_failed,gateway_error,2026-07-27T20:14:20.365436,20,0,0,2026-07-09T08:47:57.457465,False,retry_link;reminder;discount_offer;escalate_to_human;no_action,reminder,False,0.0,,8
TXN003792,CUST00291,401,24017.43,0.5,919.71,2,5,1093.4,payment_failed,otp_timeout,2026-07-27T20:16:28.959291,20,0,0,2026-07-22T19:01:07.036145,False,retry_link;reminder;discount_offer;escalate_to_human;no_action,reminder,True,1093.4,5.39,2
TXN003793,CUST00433,197,2650.14,0.0,201.12,0,169,213.84,payment_failed,price_hesitation,2026-07-27T20:39:02.777402,20,0,0,,True,no_action,no_action,False,0.0,,3
TXN003794,CUST00069,704,4162.38,0.0,127.97,0,164,98.78,payment_failed,bank_decline,2026-07-27T21:04:45.707804,21,0,0,2026-06-30T17:33:00.097403,False,retry_link;reminder;discount_offer;escalate_to_human;no_action,no_action,False,0.0,,3
TXN003795,CUST00851,1202,3858.64,0.5,374.15,0,61,444.64,checkout_abandoned,insufficient_funds,2026-07-27T21:31:02.728367,21,0,0,,False,retry_link;reminder;discount_offer;escalate_to_human;no_action,escalate_to_human,False,0.0,,0
TXN003796,CUST01219,660,2034.94,0.167,1048.39,1,43,1187.11,payment_failed,price_hesitation,2026-07-27T21:34:51.190241,21,0,0,2026-07-19T10:37:16.612916,False,retry_link;reminder;discount_offer;escalate_to_human;no_action,no_action,False,0.0,,5
TXN003797,CUST01261,1387,2653.16,0.2,563.18,1,50,953.75,checkout_abandoned,gateway_error,2026-07-27T21:57:26.661386,21,0,0,2026-06-07T04:49:47.375133,True,no_action,no_action,False,0.0,,4
TXN003798,CUST01066,1388,16648.69,0.5,146.16,1,51,104.08,payment_failed,insufficient_funds,2026-07-27T21:59:23.744532,21,0,0,2026-06-08T10:16:08.333015,False,retry_link;reminder;discount_offer;escalate_to_human;no_action,escalate_to_human,True,104.08,5.97,1
TXN003799,CUST01362,526,1381.54,0.5,346.22,1,17,380.14,checkout_abandoned,insufficient_funds,2026-07-27T22:03:51.979055,22,0,0,2026-07-11T06:19:16.227921,False,retry_link;reminder;discount_offer;escalate_to_human;no_action,no_action,False,0.0,,1
TXN003800,CUST01029,501,13123.26,1.0,369.26,2,14,422.61,checkout_abandoned,bank_decline,2026-07-27T22:21:43.484305,22,0,0,2026-07-13T05:04:47.312682,False,retry_link;reminder;discount_offer;escalate_to_human;no_action,retry_link,False,0.0,,0
TXN003801,CUST00664,896,715.29,0.4,329.92,2,12,318.21,payment_failed,bank_decline,2026-07-27T22:30:31.446767,22,0,0,2026-07-19T12:43:52.475979,False,retry_link;reminder;discount_offer;escalate_to_human;no_action,retry_link,True,318.21,4.78,3
TXN003802,CUST00442,199,3714.25,0.0,268.16,0,133,365.3,checkout_abandoned,otp_timeout,2026-07-27T22:38:29.369601,22,0,0,2026-07-02T16:23:20.981041,False,retry_link;reminder;discount_offer;escalate_to_human;no_action,no_action,True,365.3,1.08,2
TXN003803,CUST00164,627,1476.37,0.333,497.91,1,39,307.49,checkout_abandoned,insufficient_funds,2026-07-27T22:41:25.106543,22,0,0,2026-07-17T18:26:22.768306,True,no_action,no_action,False,0.0,,2
TXN003804,CUST00089,1248,6241.37,0.0,386.39,0,93,364.45,payment_failed,bank_decline,2026-07-27T22:56:39.934999,22,0,0,2026-07-11T10:24:29.521303,False,retry_link;reminder;discount_offer;escalate_to_human;no_action,escalate_to_human,True,364.45,4.5,3
TXN003805,CUST01068,501,6847.97,0.5,258.87,1,17,331.25,checkout_abandoned,otp_timeout,2026-07-27T23:05:38.375418,23,0,0,2026-07-10T13:55:43.310039,False,retry_link;reminder;discount_offer;escalate_to_human;no_action,discount_offer,True,331.25,13.49,1
TXN003806,CUST00967,476,6455.85,0.0,214.02,0,88,199.76,payment_failed,otp_timeout,2026-07-27T23:36:18.685067,23,0,0,2026-07-18T23:41:38.424032,False,retry_link;reminder;discount_offer;escalate_to_human;no_action,no_action,False,0.0,,4
TXN003807,CUST01275,1070,7564.43,0.5,322.12,0,111,350.28,payment_failed,bank_decline,2026-07-28T00:07:37.137032,0,1,0,,False,retry_link;reminder;discount_offer;escalate_to_human;no_action,no_action,False,0.0,,0
TXN003808,CUST00009,142,1434.41,0.0,390.09,0,128,399.96,payment_failed,otp_timeout,2026-07-28T00:12:25.902915,0,1,0,2026-06-16T14:16:47.145793,False,retry_link;reminder;discount_offer;escalate_to_human;no_action,discount_offer,False,0.0,,1
TXN003809,CUST00116,56,3432.73,1.0,1737.95,2,37,2014.38,payment_failed,gateway_error,2026-07-28T00:53:52.302305,0,1,0,2026-06-20T08:26:11.233744,False,retry_link;reminder;discount_offer;escalate_to_human;no_action,reminder,True,2014.38,4.91,0
TXN003810,CUST00897,82,695.98,0.5,301.29,1,2,311.35,payment_failed,insufficient_funds,2026-07-28T00:57:02.788507,0,1,0,2026-07-25T10:58:45.809861,False,retry_link;reminder;discount_offer;escalate_to_human;no_action,discount_offer,True,311.35,0.98,1
TXN003811,CUST00925,1419,5212.44,0.0,412.98,0,89,309.86,payment_failed,insufficient_funds,2026-07-28T02:40:24.879909,2,1,0,2026-06-20T03:07:04.175969,False,retry_link;reminder;discount_offer;escalate_to_human;no_action,no_action,False,0.0,,2
TXN003812,CUST00458,1261,7352.76,0.0,113.97,0,74,107.21,payment_failed,bank_decline,2026-07-28T02:41:25.266254,2,1,0,2026-06-13T09:43:20.961286,True,no_action,no_action,False,0.0,,4
TXN003813,CUST00456,223,2125.64,1.0,845.11,1,33,1074.75,checkout_abandoned,insufficient_funds,2026-07-28T02:55:26.142366,2,1,0,2026-06-24T19:11:17.934616,False,retry_link;reminder;discount_offer;escalate_to_human;no_action,no_action,True,1074.75,10.43,0
TXN003814,CUST00681,206,3441.34,0.333,142.04,1,22,130.2,checkout_abandoned,otp_timeout,2026-07-28T03:13:17.723199,3,1,0,,True,no_action,no_action,False,0.0,,2
TXN003815,CUST00009,142,1434.41,0.0,390.09,0,128,259.6,payment_failed,otp_timeout,2026-07-28T03:53:51.837696,3,1,1,2026-07-28T00:12:25.902915,False,retry_link;reminder;discount_offer;escalate_to_human;no_action,no_action,False,0.0,,2
TXN003816,CUST01295,772,5856.03,0.333,275.15,1,30,305.29,checkout_abandoned,price_hesitation,2026-07-28T04:23:50.466570,4,1,0,2026-07-26T11:36:55.073145,False,retry_link;reminder;discount_offer;escalate_to_human;no_action,reminder,False,0.0,,2
TXN003817,CUST00408,1401,3758.27,1.0,202.33,1,42,279.19,checkout_abandoned,gateway_error,2026-07-28T04:32:26.228783,4,1,0,2026-06-16T03:52:46.359042,False,retry_link;reminder;discount_offer;escalate_to_human;no_action,discount_offer,True,279.19,7.37,0
TXN003818,CUST00984,881,6377.36,0.5,427.25,1,26,317.49,payment_failed,otp_timeout,2026-07-28T04:59:11.397609,4,1,0,2026-07-22T10:05:02.085097,False,retry_link;reminder;discount_offer;escalate_to_human;no_action,reminder,False,0.0,,1
TXN003819,CUST00346,1487,1511.47,0.333,372.71,1,37,217.72,payment_failed,insufficient_funds,2026-07-28T04:59:33.184755,4,1,0,2026-07-19T10:29:53.562176,False,retry_link;reminder;discount_offer;escalate_to_human;no_action,reminder,True,217.72,9.22,2
TXN003820,CUST00829,44,7593.59,0.429,775.99,3,3,627.93,payment_failed,bank_decline,2026-07-28T05:40:06.296887,5,1,0,2026-07-25T02:10:28.139960,False,retry_link;reminder;discount_offer;escalate_to_human;no_action,no_action,False,0.0,,4
TXN003821,CUST00522,289,31317.89,1.0,200.55,2,44,271.14,payment_failed,insufficient_funds,2026-07-28T06:10:36.445912,6,1,0,2026-06-13T06:34:50.308425,False,retry_link;reminder;discount_offer;escalate_to_human;no_action,escalate_to_human,False,0.0,,0
TXN003822,CUST00436,851,4922.02,0.5,387.96,0,15,424.01,checkout_abandoned,gateway_error,2026-07-28T06:25:57.080138,6,1,0,,False,retry_link;reminder;discount_offer;escalate_to_human;no_action,escalate_to_human,False,0.0,,0
TXN003823,CUST00395,1311,5360.9,0.6,219.78,3,1,209.06,checkout_abandoned,insufficient_funds,2026-07-28T06:48:01.978104,6,1,0,2026-07-27T01:17:40.655797,False,retry_link;reminder;discount_offer;escalate_to_human;no_action,retry_link,True,209.06,0.16,2
TXN003824,CUST01447,1439,749.83,1.0,170.66,1,40,247.84,payment_failed,otp_timeout,2026-07-28T07:48:33.008006,7,1,0,2026-06-17T07:51:01.270511,False,retry_link;reminder;discount_offer;escalate_to_human;no_action,retry_link,False,0.0,,0
TXN003825,CUST00132,136,13352.53,0.0,323.0,0,110,183.63,checkout_abandoned,insufficient_funds,2026-07-28T07:49:53.810269,7,1,0,,False,retry_link;reminder;discount_offer;escalate_to_human;no_action,no_action,False,0.0,,2
TXN003826,CUST00624,906,1578.71,0.333,221.68,1,17,307.02,checkout_abandoned,insufficient_funds,2026-07-28T09:13:11.314155,9,1,0,2026-07-11T04:08:11.641057,False,retry_link;reminder;discount_offer;escalate_to_human;no_action,reminder,False,0.0,,2
TXN003827,CUST00596,869,3931.45,0.5,137.35,2,27,151.23,checkout_abandoned,otp_timeout,2026-07-28T09:15:31.100403,9,1,0,2026-07-01T06:26:45.978391,False,retry_link;reminder;discount_offer;escalate_to_human;no_action,escalate_to_human,True,151.23,11.78,2
TXN003828,CUST01325,282,1646.21,1.0,223.76,2,18,262.73,payment_failed,price_hesitation,2026-07-28T09:22:19.395423,9,1,0,2026-07-10T05:37:33.938232,False,retry_link;reminder;discount_offer;escalate_to_human;no_action,no_action,False,0.0,,0
TXN003829,CUST01196,1070,2495.75,0.0,353.92,0,102,285.19,payment_failed,otp_timeout,2026-07-28T09:22:36.091401,9,1,0,2026-07-21T19:45:15.346410,False,retry_link;reminder;discount_offer;escalate_to_human;no_action,reminder,True,285.19,15.79,3
TXN003830,CUST00980,884,1421.19,1.0,234.11,3,32,162.15,payment_failed,insufficient_funds,2026-07-28T09:33:17.686318,9,1,0,2026-06-26T08:11:13.611034,False,retry_link;reminder;discount_offer;escalate_to_human;no_action,reminder,True,162.15,4.44,0
TXN003831,CUST00057,232,7605.98,1.0,1024.25,3,5,881.76,checkout_abandoned,insufficient_funds,2026-07-28T09:37:06.223821,9,1,0,2026-07-23T09:10:27.884494,False,retry_link;reminder;discount_offer;escalate_to_human;no_action,escalate_to_human,True,881.76,3.99,0
TXN003832,CUST01116,1493,6257.55,0.5,284.83,1,9,205.56,payment_failed,insufficient_funds,2026-07-28T09:52:29.423597,9,1,0,2026-07-19T04:04:01.540840,False,retry_link;reminder;discount_offer;escalate_to_human;no_action,retry_link,False,0.0,,1
TXN003833,CUST00997,541,2748.28,1.0,681.95,3,27,723.58,checkout_abandoned,price_hesitation,2026-07-28T09:54:27.833792,9,1,0,2026-06-30T22:18:26.700128,False,retry_link;reminder;discount_offer;escalate_to_human;no_action,discount_offer,True,723.58,2.77,0
TXN003834,CUST00128,862,2257.49,0.5,813.4,2,14,678.39,checkout_abandoned,otp_timeout,2026-07-28T10:26:50.171216,10,1,0,2026-07-14T08:16:04.093525,False,retry_link;reminder;discount_offer;escalate_to_human;no_action,reminder,True,678.39,7.3,2
TXN003835,CUST00993,647,4339.5,0.0,178.55,0,115,171.66,checkout_abandoned,bank_decline,2026-07-28T10:27:18.438909,10,1,1,2026-07-27T19:52:59.150876,False,retry_link;reminder;discount_offer;escalate_to_human;no_action,escalate_to_human,False,0.0,,4
TXN003836,CUST00257,156,3122.63,0.0,375.04,0,70,632.82,checkout_abandoned,price_hesitation,2026-07-28T11:19:36.806869,11,1,0,2026-07-10T00:39:27.157720,True,no_action,no_action,False,0.0,,4
TXN003837,CUST00033,832,46799.66,0.5,100.0,0,106,139.11,payment_failed,otp_timeout,2026-07-28T12:06:21.961499,12,1,0,,False,retry_link;reminder;discount_offer;escalate_to_human;no_action,escalate_to_human,True,139.11,4.71,0
TXN003838,CUST00056,820,1476.13,1.0,153.42,4,22,240.17,payment_failed,insufficient_funds,2026-07-28T12:52:20.487067,12,1,0,2026-06-28T04:14:37.164416,False,retry_link;reminder;discount_offer;escalate_to_human;no_action,reminder,True,240.17,7.65,0
TXN003839,CUST00555,757,5042.67,0.667,1604.94,2,19,2203.3,checkout_abandoned,bank_decline,2026-07-28T12:54:19.887474,12,1,0,2026-07-09T07:18:37.186148,False,retry_link;reminder;discount_offer;escalate_to_human;no_action,no_action,False,0.0,,1
TXN003840,CUST01317,885,14708.93,1.0,270.17,1,56,402.66,payment_failed,gateway_error,2026-07-28T13:11:50.447617,13,1,0,2026-06-02T05:34:30.619925,False,retry_link;reminder;discount_offer;escalate_to_human;no_action,escalate_to_human,True,402.66,29.26,0
TXN003841,CUST00178,1351,8322.88,1.0,224.41,2,22,89.21,payment_failed,insufficient_funds,2026-07-28T13:37:59.365862,13,1,0,2026-06-27T11:43:03.654334,False,retry_link;reminder;discount_offer;escalate_to_human;no_action,discount_offer,False,0.0,,0
TXN003842,CUST00366,704,1055.83,0.0,347.11,0,165,549.29,checkout_abandoned,price_hesitation,2026-07-28T13:46:46.093364,13,1,0,2026-07-25T20:15:32.370106,False,retry_link;reminder;discount_offer;escalate_to_human;no_action,no_action,False,0.0,,5
TXN003843,CUST01161,748,23489.69,1.0,401.39,1,11,299.04,checkout_abandoned,bank_decline,2026-07-28T14:05:58.764014,14,1,0,2026-07-17T11:54:51.283006,False,retry_link;reminder;discount_offer;escalate_to_human;no_action,reminder,False,0.0,,0
TXN003844,CUST01237,186,1309.02,0.2,187.56,1,47,146.66,checkout_abandoned,insufficient_funds,2026-07-28T14:31:05.647796,14,1,0,2026-07-21T04:29:41.157726,True,no_action,no_action,False,0.0,,4
TXN003845,CUST00339,1429,8016.04,1.0,807.61,1,15,925.35,payment_failed,insufficient_funds,2026-07-28T14:32:41.664174,14,1,0,2026-07-13T02:46:38.840378,False,retry_link;reminder;discount_offer;escalate_to_human;no_action,no_action,True,925.35,1.02,0
TXN003846,CUST00472,648,3705.9,1.0,317.99,4,2,246.69,payment_failed,price_hesitation,2026-07-28T14:56:43.323656,14,1,0,2026-07-25T18:31:04.174120,False,retry_link;reminder;discount_offer;escalate_to_human;no_action,escalate_to_human,True,246.69,7.86,0
TXN003847,CUST01090,754,573.58,0.25,243.79,1,26,123.99,payment_failed,insufficient_funds,2026-07-28T15:30:17.781068,15,1,0,2026-07-01T22:54:09.352154,False,retry_link;reminder;discount_offer;escalate_to_human;no_action,escalate_to_human,True,123.99,1.85,3
TXN003848,CUST00481,1244,2878.97,0.167,169.49,1,32,85.5,checkout_abandoned,gateway_error,2026-07-28T15:56:23.214523,15,1,0,2026-07-10T09:32:54.749560,True,no_action,no_action,True,85.5,6.63,5
TXN003849,CUST01181,1391,15969.49,0.0,541.84,0,121,330.77,payment_failed,bank_decline,2026-07-28T16:08:17.329223,16,1,0,2026-07-05T13:43:28.277643,False,retry_link;reminder;discount_offer;escalate_to_human;no_action,discount_offer,False,0.0,,2
TXN003850,CUST01196,1070,2495.75,0.25,353.92,1,0,443.91,checkout_abandoned,insufficient_funds,2026-07-28T16:23:17.989166,16,1,1,2026-07-28T09:22:36.091401,False,retry_link;reminder;discount_offer;escalate_to_human;no_action,retry_link,False,0.0,,3
TXN003851,CUST00461,211,12583.66,1.0,289.18,1,19,282.68,checkout_abandoned,insufficient_funds,2026-07-28T16:30:51.172042,16,1,0,2026-07-09T12:55:11.606731,False,retry_link;reminder;discount_offer;escalate_to_human;no_action,reminder,False,0.0,,0
TXN003852,CUST00644,1155,3236.81,0.0,172.15,0,151,197.61,payment_failed,otp_timeout,2026-07-28T17:01:41.528339,17,1,0,2026-06-06T17:17:20.931748,True,no_action,no_action,False,0.0,,5
TXN003853,CUST00279,125,12162.69,0.25,691.68,1,2,436.75,checkout_abandoned,bank_decline,2026-07-28T17:09:28.688996,17,1,0,2026-07-26T16:17:45.945887,False,retry_link;reminder;discount_offer;escalate_to_human;no_action,retry_link,True,436.75,3.28,3
TXN003854,CUST00184,743,2478.9,0.25,196.46,1,14,210.03,payment_failed,insufficient_funds,2026-07-28T17:27:05.672001,17,1,0,2026-07-14T13:26:18.593855,False,retry_link;reminder;discount_offer;escalate_to_human;no_action,retry_link,False,0.0,,3
TXN003855,CUST00398,421,7239.0,0.0,207.94,0,73,215.0,payment_failed,price_hesitation,2026-07-28T17:28:28.871531,17,1,0,2026-07-12T13:09:44.124477,False,retry_link;reminder;discount_offer;escalate_to_human;no_action,reminder,False,0.0,,1
TXN003856,CUST00454,895,4476.8,0.167,286.07,1,22,365.32,checkout_abandoned,price_hesitation,2026-07-28T17:29:23.410474,17,1,0,2026-07-06T01:58:39.643662,False,retry_link;reminder;discount_offer;escalate_to_human;no_action,discount_offer,False,0.0,,5
TXN003857,CUST00782,184,21113.36,0.0,1074.57,0,130,1237.05,payment_failed,insufficient_funds,2026-07-28T17:43:06.702054,17,1,0,2026-07-04T08:54:31.249252,False,retry_link;reminder;discount_offer;escalate_to_human;no_action,escalate_to_human,False,0.0,,2
TXN003858,CUST01277,1160,4443.98,1.0,631.18,1,50,815.49,payment_failed,otp_timeout,2026-07-28T17:45:49.127686,17,1,0,2026-06-08T04:44:09.992720,False,retry_link;reminder;discount_offer;escalate_to_human;no_action,escalate_to_human,True,815.49,5.91,0
TXN003859,CUST00871,303,1042.14,0.0,221.62,0,142,423.93,payment_failed,gateway_error,2026-07-28T18:58:57.031514,18,1,0,,False,retry_link;reminder;discount_offer;escalate_to_human;no_action,reminder,True,423.93,6.14,1
TXN003860,CUST00710,1019,3648.16,0.5,211.1,0,59,274.35,payment_failed,otp_timeout,2026-07-28T19:09:48.999322,19,1,0,,False,retry_link;reminder;discount_offer;escalate_to_human;no_action,retry_link,True,274.35,1.44,0
TXN003861,CUST00356,228,20971.39,0.0,202.45,0,93,225.94,payment_failed,price_hesitation,2026-07-28T20:02:25.097211,20,1,0,2026-07-24T08:32:25.104188,False,retry_link;reminder;discount_offer;escalate_to_human;no_action,escalate_to_human,False,0.0,,5
TXN003862,CUST01003,1329,40751.21,1.0,109.24,1,30,108.0,payment_failed,gateway_error,2026-07-28T20:19:35.928444,20,1,0,2026-06-28T00:02:56.027405,False,retry_link;reminder;discount_offer;escalate_to_human;no_action,no_action,False,0.0,,0
TXN003863,CUST00195,132,17557.89,0.0,745.5,0,124,604.19,payment_failed,insufficient_funds,2026-07-28T20:32:25.470176,20,1,0,2026-06-19T17:01:25.408104,False,retry_link;reminder;discount_offer;escalate_to_human;no_action,reminder,False,0.0,,3
TXN003864,CUST01326,1019,10162.78,0.0,865.48,0,24,972.87,payment_failed,gateway_error,2026-07-28T20:36:01.636270,20,1,0,2026-07-23T09:31:36.040683,False,retry_link;reminder;discount_offer;escalate_to_human;no_action,no_action,False,0.0,,1
TXN003865,CUST00505,681,8745.95,0.0,264.43,0,99,887.75,checkout_abandoned,gateway_error,2026-07-28T20:41:23.203825,20,1,0,2026-06-30T22:35:17.012827,False,retry_link;reminder;discount_offer;escalate_to_human;no_action,reminder,True,887.75,4.57,1
TXN003866,CUST00626,508,7041.16,0.0,234.95,0,100,409.04,checkout_abandoned,insufficient_funds,2026-07-28T20:53:13.277684,20,1,0,2026-06-11T10:28:12.512301,False,retry_link;reminder;discount_offer;escalate_to_human;no_action,escalate_to_human,True,409.04,13.25,3
TXN003867,CUST00997,541,2748.28,1.0,681.95,4,0,741.58,checkout_abandoned,bank_decline,2026-07-28T21:06:38.640619,21,1,1,2026-07-28T09:54:27.833792,False,retry_link;reminder;discount_offer;escalate_to_human;no_action,discount_offer,False,0.0,,0
TXN003868,CUST00510,1491,2685.15,1.0,163.73,1,32,111.14,payment_failed,price_hesitation,2026-07-28T21:44:23.722120,21,1,0,2026-06-26T17:14:50.042365,False,retry_link;reminder;discount_offer;escalate_to_human;no_action,reminder,False,0.0,,0
TXN003869,CUST00297,658,3636.45,0.0,781.8,0,79,492.78,payment_failed,price_hesitation,2026-07-28T21:46:05.810679,21,1,0,2026-06-03T16:14:38.829267,False,retry_link;reminder;discount_offer;escalate_to_human;no_action,escalate_to_human,True,492.78,1.1,1
TXN003870,CUST00234,739,2245.51,0.0,258.19,0,126,384.68,checkout_abandoned,bank_decline,2026-07-28T22:33:52.019752,22,1,0,2026-06-26T02:27:55.127384,False,retry_link;reminder;discount_offer;escalate_to_human;no_action,reminder,False,0.0,,2
TXN003871,CUST00384,48,1469.87,0.5,670.06,2,16,493.91,payment_failed,gateway_error,2026-07-28T22:44:12.718449,22,1,0,2026-07-12T00:48:55.407520,False,retry_link;reminder;discount_offer;escalate_to_human;no_action,no_action,False,0.0,,2
TXN003872,CUST01244,1312,2191.13,0.333,443.58,1,30,552.12,checkout_abandoned,price_hesitation,2026-07-28T22:58:36.089345,22,1,0,2026-06-28T12:40:14.332463,True,no_action,no_action,False,0.0,,2
TXN003873,CUST00420,1391,32554.62,0.25,470.21,1,9,487.22,payment_failed,insufficient_funds,2026-07-28T23:08:52.534791,23,1,0,2026-07-19T04:02:31.766558,False,retry_link;reminder;discount_offer;escalate_to_human;no_action,escalate_to_human,True,487.22,2.86,3
TXN003874,CUST00039,947,7996.83,0.4,459.69,2,6,242.14,checkout_abandoned,gateway_error,2026-07-28T23:18:03.331066,23,1,0,2026-07-22T04:28:09.045452,False,retry_link;reminder;discount_offer;escalate_to_human;no_action,retry_link,False,0.0,,3
TXN003875,CUST00366,704,1055.83,0.0,347.11,0,166,344.97,payment_failed,insufficient_funds,2026-07-28T23:29:58.196169,23,1,0,2026-07-25T20:15:32.370106,True,no_action,no_action,False,0.0,,6
TXN003876,CUST00204,686,4093.79,0.0,350.92,0,128,386.44,checkout_abandoned,bank_decline,2026-07-28T23:38:07.860641,23,1,0,2026-07-13T18:03:35.457124,False,retry_link;reminder;discount_offer;escalate_to_human;no_action,retry_link,False,0.0,,2
TXN003877,CUST01303,1343,4551.54,0.25,127.57,1,53,217.75,payment_failed,bank_decline,2026-07-28T23:58:25.111873,23,1,0,2026-07-18T17:52:29.233181,False,retry_link;reminder;discount_offer;escalate_to_human;no_action,retry_link,True,217.75,0.89,3
TXN003878,CUST00790,144,5295.99,0.333,1360.85,1,53,710.13,payment_failed,otp_timeout,2026-07-29T00:23:11.249993,0,2,0,2026-07-15T17:37:16.932869,False,retry_link;reminder;discount_offer;escalate_to_human;no_action,escalate_to_human,True,710.13,0.4,2
TXN003879,CUST00192,911,9055.62,1.0,118.91,1,7,188.68,payment_failed,otp_timeout,2026-07-29T00:25:13.273440,0,2,0,2026-07-21T02:02:13.233699,False,retry_link;reminder;discount_offer;escalate_to_human;no_action,discount_offer,True,188.68,2.45,0
TXN003880,CUST00846,235,1366.73,0.0,385.25,0,147,303.18,checkout_abandoned,insufficient_funds,2026-07-29T00:46:19.040726,0,2,0,2026-07-26T06:23:16.207362,False,retry_link;reminder;discount_offer;escalate_to_human;no_action,no_action,False,0.0,,5
TXN003881,CUST00004,650,1780.81,0.0,170.75,0,133,184.43,payment_failed,otp_timeout,2026-07-29T01:33:59.215466,1,2,0,2026-07-01T08:34:45.012489,True,no_action,no_action,True,184.43,15.07,4
TXN003882,CUST00798,473,3474.86,0.375,414.55,3,38,413.17,checkout_abandoned,price_hesitation,2026-07-29T02:44:08.310800,2,2,0,2026-07-24T01:00:14.377383,False,retry_link;reminder;discount_offer;escalate_to_human;no_action,discount_offer,True,413.17,2.51,5
TXN003883,CUST00905,1064,17073.07,0.2,461.26,1,47,350.99,payment_failed,gateway_error,2026-07-29T02:53:47.794588,2,2,0,2026-07-11T08:36:20.611770,False,retry_link;reminder;discount_offer;escalate_to_human;no_action,no_action,False,0.0,,4
TXN003884,CUST00266,671,1048.7,0.25,352.22,1,48,231.12,payment_failed,insufficient_funds,2026-07-29T02:55:12.904091,2,2,0,2026-06-26T10:22:44.904519,False,retry_link;reminder;discount_offer;escalate_to_human;no_action,escalate_to_human,False,0.0,,3
TXN003885,CUST00881,1276,17085.05,0.5,241.45,0,104,458.38,checkout_abandoned,price_hesitation,2026-07-29T03:02:38.585654,3,2,0,,False,retry_link;reminder;discount_offer;escalate_to_human;no_action,reminder,False,0.0,,0
TXN003886,CUST00181,229,5501.68,0.5,594.73,0,7,460.47,checkout_abandoned,bank_decline,2026-07-29T03:20:53.150321,3,2,0,,False,retry_link;reminder;discount_offer;escalate_to_human;no_action,discount_offer,False,0.0,,0
TXN003887,CUST01008,1100,5327.32,0.0,477.88,0,135,695.9,checkout_abandoned,bank_decline,2026-07-29T04:27:36.704067,4,2,0,2026-07-10T05:49:41.286421,False,retry_link;reminder;discount_offer;escalate_to_human;no_action,discount_offer,False,0.0,,3
TXN003888,CUST00719,899,16863.8,0.0,210.52,0,144,328.44,checkout_abandoned,insufficient_funds,2026-07-29T05:21:52.972377,5,2,0,2026-07-23T11:04:50.042973,False,retry_link;reminder;discount_offer;escalate_to_human;no_action,retry_link,False,0.0,,4
TXN003889,CUST00812,1027,14467.03,0.5,157.95,1,27,135.28,payment_failed,otp_timeout,2026-07-29T05:25:24.242196,5,2,0,2026-07-01T19:03:57.450901,False,retry_link;reminder;discount_offer;escalate_to_human;no_action,escalate_to_human,True,135.28,3.62,1
TXN003890,CUST00565,355,6473.62,0.75,349.56,3,20,479.11,payment_failed,gateway_error,2026-07-29T06:02:21.152825,6,2,0,2026-07-08T07:16:06.702879,False,retry_link;reminder;discount_offer;escalate_to_human;no_action,discount_offer,True,479.11,21.7,1
TXN003891,CUST00250,270,3600.85,0.667,250.48,2,10,421.9,payment_failed,price_hesitation,2026-07-29T07:13:59.458867,7,2,0,2026-07-18T12:15:01.192922,False,retry_link;reminder;discount_offer;escalate_to_human;no_action,retry_link,True,421.9,1.93,1
TXN003892,CUST01327,128,8499.1,0.25,619.78,1,53,263.4,checkout_abandoned,insufficient_funds,2026-07-29T07:17:16.569829,7,2,0,2026-06-23T14:31:36.174179,False,retry_link;reminder;discount_offer;escalate_to_human;no_action,discount_offer,False,0.0,,3
TXN003893,CUST00222,1056,8432.46,0.333,184.39,1,44,181.46,payment_failed,bank_decline,2026-07-29T07:33:36.488111,7,2,0,2026-07-18T21:21:53.122965,False,retry_link;reminder;discount_offer;escalate_to_human;no_action,escalate_to_human,True,181.46,6.19,2
TXN003894,CUST01449,155,2495.41,1.0,358.57,2,41,540.59,payment_failed,bank_decline,2026-07-29T07:45:26.892172,7,2,0,2026-06-18T01:45:22.746106,False,retry_link;reminder;discount_offer;escalate_to_human;no_action,retry_link,True,540.59,9.16,0
TXN003895,CUST00571,624,3032.19,0.0,309.48,0,103,193.77,checkout_abandoned,gateway_error,2026-07-29T07:58:48.912004,7,2,0,2026-07-16T06:35:16.950429,False,retry_link;reminder;discount_offer;escalate_to_human;no_action,reminder,False,0.0,,4
TXN003896,CUST00735,1007,4334.53,0.5,179.31,0,5,150.45,payment_failed,bank_decline,2026-07-29T09:16:00.691467,9,2,0,,False,retry_link;reminder;discount_offer;escalate_to_human;no_action,reminder,True,150.45,7.37,0
TXN003897,CUST01127,956,1436.35,0.5,367.44,0,99,265.67,checkout_abandoned,gateway_error,2026-07-29T09:18:22.353392,9,2,0,,False,retry_link;reminder;discount_offer;escalate_to_human;no_action,escalate_to_human,True,265.67,1.3,0
TXN003898,CUST00850,1470,5052.52,1.0,553.04,1,21,640.07,payment_failed,bank_decline,2026-07-29T09:19:48.065623,9,2,0,2026-07-08T01:08:55.675528,False,retry_link;reminder;discount_offer;escalate_to_human;no_action,retry_link,True,640.07,14.5,0
TXN003899,CUST00336,1444,5795.44,1.0,100.0,1,42,101.63,payment_failed,bank_decline,2026-07-29T09:26:41.898209,9,2,0,2026-06-16T18:44:07.191920,False,retry_link;reminder;discount_offer;escalate_to_human;no_action,discount_offer,True,101.63,3.54,0
TXN003900,CUST00096,360,3158.36,0.0,277.84,0,154,292.91,checkout_abandoned,bank_decline,2026-07-29T09:40:18.491789,9,2,0,2026-07-23T04:53:24.615284,False,retry_link;reminder;discount_offer;escalate_to_human;no_action,escalate_to_human,True,292.91,26.89,4
TXN003901,CUST01137,550,15492.6,0.0,241.13,0,121,390.67,checkout_abandoned,insufficient_funds,2026-07-29T10:46:24.543659,10,2,0,2026-06-26T06:21:40.283425,False,retry_link;reminder;discount_offer;escalate_to_human;no_action,no_action,False,0.0,,1
TXN003902,CUST00973,711,2737.87,1.0,162.66,1,33,160.64,payment_failed,insufficient_funds,2026-07-29T10:54:14.877795,10,2,0,2026-06-26T09:33:38.014833,False,retry_link;reminder;discount_offer;escalate_to_human;no_action,reminder,False,0.0,,0
TXN003903,CUST00736,1096,61669.7,0.0,454.29,0,145,625.78,checkout_abandoned,gateway_error,2026-07-29T10:56:50.447591,10,2,0,2026-07-18T04:46:57.573944,False,retry_link;reminder;discount_offer;escalate_to_human;no_action,retry_link,False,0.0,,3
TXN003904,CUST00638,1189,3129.49,1.0,269.41,3,1,181.33,checkout_abandoned,bank_decline,2026-07-29T11:50:05.293069,11,2,0,2026-07-27T14:50:04.040336,False,retry_link;reminder;discount_offer;escalate_to_human;no_action,no_action,False,0.0,,0
TXN003905,CUST00834,1281,1081.92,1.0,251.97,1,20,310.01,checkout_abandoned,otp_timeout,2026-07-29T11:57:10.389394,11,2,0,2026-07-08T17:03:20.311681,False,retry_link;reminder;discount_offer;escalate_to_human;no_action,retry_link,True,310.01,10.48,0
TXN003906,CUST00189,452,1504.37,0.333,239.5,2,25,128.67,payment_failed,bank_decline,2026-07-29T12:01:24.643703,12,2,0,2026-07-13T08:50:52.239420,False,retry_link;reminder;discount_offer;escalate_to_human;no_action,discount_offer,False,0.0,,4
TXN003907,CUST00363,1340,5261.17,0.333,405.0,1,4,299.35,checkout_abandoned,otp_timeout,2026-07-29T12:01:36.919344,12,2,0,2026-07-25T00:40:31.958959,False,retry_link;reminder;discount_offer;escalate_to_human;no_action,reminder,False,0.0,,2
TXN003908,CUST00167,251,3058.03,0.0,493.31,0,73,515.39,payment_failed,price_hesitation,2026-07-29T12:50:33.525824,12,2,0,2026-07-05T15:50:45.428009,False,retry_link;reminder;discount_offer;escalate_to_human;no_action,reminder,False,0.0,,3
TXN003909,CUST00084,945,20253.12,1.0,412.24,1,40,511.63,payment_failed,otp_timeout,2026-07-29T12:58:33.932399,12,2,0,2026-06-19T01:44:27.924232,False,retry_link;reminder;discount_offer;escalate_to_human;no_action,escalate_to_human,True,511.63,2.29,0
TXN003910,CUST01357,202,5214.13,0.25,369.31,1,44,454.56,payment_failed,insufficient_funds,2026-07-29T13:00:26.740585,13,2,0,2026-07-18T02:35:58.445854,False,retry_link;reminder;discount_offer;escalate_to_human;no_action,retry_link,True,454.56,9.1,3
TXN003911,CUST00535,231,2461.85,1.0,161.01,1,56,100.61,payment_failed,gateway_error,2026-07-29T13:13:31.759816,13,2,0,,False,retry_link;reminder;discount_offer;escalate_to_human;no_action,reminder,True,100.61,0.73,0
TXN003912,CUST00465,1449,1081.36,0.5,359.5,0,70,304.87,checkout_abandoned,otp_timeout,2026-07-29T14:08:36.750556,14,2,0,,False,retry_link;reminder;discount_offer;escalate_to_human;no_action,no_action,False,0.0,,0
TXN003913,CUST00072,694,8624.34,1.0,679.68,2,52,766.98,checkout_abandoned,otp_timeout,2026-07-29T14:43:57.799646,14,2,0,2026-06-06T15:26:50.197264,False,retry_link;reminder;discount_offer;escalate_to_human;no_action,reminder,True,766.98,3.02,0
TXN003914,CUST00037,1241,12588.28,0.0,382.99,0,138,224.66,checkout_abandoned,gateway_error,2026-07-29T14:48:41.108854,14,2,0,2026-07-26T16:45:35.581764,False,retry_link;reminder;discount_offer;escalate_to_human;no_action,escalate_to_human,True,224.66,4.76,5
TXN003915,CUST00513,1225,5405.41,0.333,250.28,1,10,557.02,payment_failed,gateway_error,2026-07-29T14:56:53.576696,14,2,0,2026-07-19T07:37:31.131699,True,no_action,no_action,True,557.02,7.67,2
TXN003916,CUST00447,1433,35664.68,0.2,280.67,1,48,335.18,checkout_abandoned,insufficient_funds,2026-07-29T15:51:05.471151,15,2,0,2026-07-05T14:04:42.798562,False,retry_link;reminder;discount_offer;escalate_to_human;no_action,no_action,False,0.0,,4
TXN003917,CUST00095,433,6922.96,0.2,411.5,1,52,636.28,payment_failed,insufficient_funds,2026-07-29T16:10:06.759420,16,2,0,2026-06-07T08:22:29.552029,True,no_action,no_action,False,0.0,,4
TXN003918,CUST01488,167,9623.17,0.4,303.32,2,23,386.4,payment_failed,price_hesitation,2026-07-29T16:12:07.504042,16,2,0,2026-07-21T02:05:27.679094,False,retry_link;reminder;discount_offer;escalate_to_human;no_action,escalate_to_human,True,386.4,0.57,3
TXN003919,CUST01154,458,1523.98,0.0,328.66,0,151,391.28,checkout_abandoned,price_hesitation,2026-07-29T16:12:55.132863,16,2,0,2026-07-20T13:42:47.003136,False,retry_link;reminder;discount_offer;escalate_to_human;no_action,retry_link,False,0.0,,3
TXN003920,CUST00440,1459,1331.71,0.0,180.37,0,59,202.5,payment_failed,gateway_error,2026-07-29T16:55:24.890747,16,2,0,2026-07-24T11:27:12.957585,False,retry_link;reminder;discount_offer;escalate_to_human;no_action,retry_link,False,0.0,,2
TXN003921,CUST01350,91,3373.25,0.5,510.52,2,15,745.04,payment_failed,otp_timeout,2026-07-29T16:58:22.289550,16,2,0,2026-07-14T12:00:06.291352,False,retry_link;reminder;discount_offer;escalate_to_human;no_action,no_action,False,0.0,,2
TXN003922,CUST00389,230,12385.01,0.667,148.63,4,16,132.26,checkout_abandoned,gateway_error,2026-07-29T18:13:38.629824,18,2,0,2026-07-15T21:34:40.153804,False,retry_link;reminder;discount_offer;escalate_to_human;no_action,no_action,True,132.26,5.91,2
TXN003923,CUST01282,590,7922.09,0.4,483.72,2,16,680.69,payment_failed,insufficient_funds,2026-07-29T18:15:30.281687,18,2,0,2026-07-14T04:17:34.117515,False,retry_link;reminder;discount_offer;escalate_to_human;no_action,escalate_to_human,True,680.69,9.79,3
TXN003924,CUST00200,550,3464.43,0.667,108.12,2,7,81.14,payment_failed,insufficient_funds,2026-07-29T18:21:46.659178,18,2,0,2026-07-22T16:52:53.934805,False,retry_link;reminder;discount_offer;escalate_to_human;no_action,reminder,False,0.0,,1
TXN003925,CUST00247,624,2172.4,0.0,730.33,0,74,1253.09,checkout_abandoned,price_hesitation,2026-07-29T20:10:35.697890,20,2,0,2026-06-19T19:37:11.453226,False,retry_link;reminder;discount_offer;escalate_to_human;no_action,no_action,False,0.0,,2
TXN003926,CUST00522,289,31317.89,0.667,200.55,2,46,199.61,checkout_abandoned,insufficient_funds,2026-07-29T20:11:33.254056,20,2,0,2026-07-28T06:10:36.445912,False,retry_link;reminder;discount_offer;escalate_to_human;no_action,discount_offer,False,0.0,,1
TXN003927,CUST00648,1440,19345.18,1.0,343.35,3,7,729.36,checkout_abandoned,otp_timeout,2026-07-29T21:10:31.982554,21,2,0,2026-07-22T12:32:40.018199,False,retry_link;reminder;discount_offer;escalate_to_human;no_action,retry_link,False,0.0,,0
TXN003928,CUST00305,211,3291.56,0.25,497.42,1,12,393.06,payment_failed,insufficient_funds,2026-07-29T22:18:45.730450,22,2,0,2026-07-17T13:11:01.413809,False,retry_link;reminder;discount_offer;escalate_to_human;no_action,no_action,False,0.0,,3
TXN003929,CUST00901,64,5173.03,1.0,369.19,2,9,292.87,checkout_abandoned,otp_timeout,2026-07-29T23:34:33.509845,23,2,0,2026-06-24T00:09:17.528544,False,retry_link;reminder;discount_offer;escalate_to_human;no_action,no_action,False,0.0,,0
TXN003930,CUST01395,886,3695.5,0.5,553.94,0,7,750.57,checkout_abandoned,insufficient_funds,2026-07-29T23:54:21.173961,23,2,0,,False,retry_link;reminder;discount_offer;escalate_to_human;no_action,escalate_to_human,True,750.57,4.99,0
TXN003931,CUST00660,265,18932.54,1.0,396.77,2,9,422.17,payment_failed,otp_timeout,2026-07-30T00:07:40.989409,0,3,0,2026-07-20T02:02:23.363384,False,retry_link;reminder;discount_offer;escalate_to_human;no_action,reminder,True,422.17,11.64,0
TXN003932,CUST01023,1263,1160.98,0.5,385.66,0,97,332.13,checkout_abandoned,otp_timeout,2026-07-30T00:33:36.602085,0,3,0,,False,retry_link;reminder;discount_offer;escalate_to_human;no_action,no_action,False,0.0,,0
TXN003933,CUST00089,1248,6241.37,0.25,386.39,1,2,259.79,payment_failed,insufficient_funds,2026-07-30T00:43:44.003991,0,3,0,2026-07-27T22:56:39.934999,True,no_action,no_action,True,259.79,6.61,3
TXN003934,CUST01095,120,2956.2,0.0,554.4,0,144,414.24,checkout_abandoned,insufficient_funds,2026-07-30T00:44:15.564090,0,3,0,2026-07-23T02:38:24.839610,False,retry_link;reminder;discount_offer;escalate_to_human;no_action,discount_offer,False,0.0,,6
TXN003935,CUST00808,586,469.58,0.0,199.42,0,96,156.3,checkout_abandoned,otp_timeout,2026-07-30T01:34:05.763155,1,3,0,2026-07-01T05:28:53.984696,False,retry_link;reminder;discount_offer;escalate_to_human;no_action,escalate_to_human,False,0.0,,2
TXN003936,CUST01195,951,172.02,0.25,343.55,1,33,372.48,checkout_abandoned,insufficient_funds,2026-07-30T01:49:39.370743,1,3,0,2026-07-10T22:38:47.117273,False,retry_link;reminder;discount_offer;escalate_to_human;no_action,reminder,False,0.0,,3
TXN003937,CUST01348,1102,8811.06,0.5,443.35,1,33,319.41,checkout_abandoned,insufficient_funds,2026-07-30T03:00:23.420615,3,3,0,2026-07-26T21:02:55.084672,False,retry_link;reminder;discount_offer;escalate_to_human;no_action,reminder,True,319.41,6.72,1
TXN003938,CUST00627,551,2196.2,0.0,227.58,0,140,261.94,payment_failed,gateway_error,2026-07-30T03:10:35.831248,3,3,0,2026-07-26T18:55:03.596808,False,retry_link;reminder;discount_offer;escalate_to_human;no_action,no_action,False,0.0,,6
TXN003939,CUST00717,738,190.34,0.0,775.09,0,130,600.35,payment_failed,gateway_error,2026-07-30T03:21:11.330495,3,3,0,2026-07-04T15:58:20.853999,False,retry_link;reminder;discount_offer;escalate_to_human;no_action,no_action,False,0.0,,1
TXN003940,CUST01442,1402,20563.53,0.5,255.27,0,34,330.7,checkout_abandoned,price_hesitation,2026-07-30T03:54:45.049048,3,3,0,,False,retry_link;reminder;discount_offer;escalate_to_human;no_action,escalate_to_human,True,330.7,0.35,0
TXN003941,CUST01244,1312,2191.13,0.25,443.58,1,31,608.09,payment_failed,bank_decline,2026-07-30T03:54:49.909844,3,3,0,2026-06-28T12:40:14.332463,True,no_action,no_action,False,0.0,,3
TXN003942,CUST01305,1007,973.61,0.0,846.34,0,166,861.88,payment_failed,otp_timeout,2026-07-30T03:55:35.288161,3,3,0,,False,retry_link;reminder;discount_offer;escalate_to_human;no_action,retry_link,False,0.0,,4
TXN003943,CUST00641,1374,13466.26,1.0,482.86,2,14,338.12,payment_failed,insufficient_funds,2026-07-30T04:44:46.774801,4,3,0,2026-07-15T18:38:45.228318,False,retry_link;reminder;discount_offer;escalate_to_human;no_action,no_action,False,0.0,,0
TXN003944,CUST01333,1211,113912.09,0.0,118.81,0,64,107.61,checkout_abandoned,price_hesitation,2026-07-30T05:03:44.707609,5,3,0,2026-07-15T12:42:17.754409,False,retry_link;reminder;discount_offer;escalate_to_human;no_action,retry_link,False,0.0,,2
TXN003945,CUST01446,1407,108435.87,0.0,332.2,0,136,210.83,payment_failed,gateway_error,2026-07-30T05:48:53.843165,5,3,0,2026-07-02T02:46:57.601556,False,retry_link;reminder;discount_offer;escalate_to_human;no_action,escalate_to_human,False,0.0,,5
TXN003946,CUST01059,467,24553.04,0.667,259.87,2,28,180.41,checkout_abandoned,bank_decline,2026-07-30T05:51:05.625419,5,3,0,2026-07-01T20:12:08.645988,False,retry_link;reminder;discount_offer;escalate_to_human;no_action,escalate_to_human,True,180.41,6.38,1
TXN003947,CUST00996,790,2586.22,1.0,149.88,1,55,274.96,payment_failed,otp_timeout,2026-07-30T06:04:36.252750,6,3,0,2026-06-04T11:45:37.164620,False,retry_link;reminder;discount_offer;escalate_to_human;no_action,reminder,True,274.96,9.24,0
TXN003948,CUST01362,526,1381.54,0.333,346.22,1,20,295.95,payment_failed,gateway_error,2026-07-30T06:12:08.397453,6,3,0,2026-07-11T06:19:16.227921,False,retry_link;reminder;discount_offer;escalate_to_human;no_action,retry_link,True,295.95,9.11,2
TXN003949,CUST00759,1094,32094.44,0.5,1312.64,0,87,1883.9,payment_failed,insufficient_funds,2026-07-30T06:45:09.321058,6,3,0,,False,retry_link;reminder;discount_offer;escalate_to_human;no_action,retry_link,False,0.0,,0
TXN003950,CUST00097,1024,6428.62,0.333,421.15,1,36,336.85,payment_failed,gateway_error,2026-07-30T06:59:47.955249,6,3,0,2026-06-23T10:08:58.620890,False,retry_link;reminder;discount_offer;escalate_to_human;no_action,no_action,False,0.0,,2
TXN003951,CUST01258,811,27794.44,1.0,653.78,2,20,633.59,payment_failed,gateway_error,2026-07-30T08:38:53.829039,8,3,0,2026-07-10T05:04:37.017943,False,retry_link;reminder;discount_offer;escalate_to_human;no_action,no_action,False,0.0,,0
TXN003952,CUST00989,1181,4103.73,0.5,237.7,3,8,206.4,checkout_abandoned,insufficient_funds,2026-07-30T08:40:10.383758,8,3,0,2026-07-18T18:34:29.651510,False,retry_link;reminder;discount_offer;escalate_to_human;no_action,no_action,False,0.0,,3
TXN003953,CUST00836,1212,2205.1,0.75,253.4,3,20,230.63,checkout_abandoned,insufficient_funds,2026-07-30T08:56:29.062426,8,3,0,2026-07-09T15:03:29.113491,False,retry_link;reminder;discount_offer;escalate_to_human;no_action,retry_link,True,230.63,13.39,1
TXN003954,CUST00068,115,1494.18,0.5,591.47,1,14,517.42,payment_failed,gateway_error,2026-07-30T09:05:42.745651,9,3,0,,False,retry_link;reminder;discount_offer;escalate_to_human;no_action,escalate_to_human,True,517.42,4.88,1
TXN003955,CUST01319,596,6795.75,0.25,202.65,1,20,279.32,payment_failed,insufficient_funds,2026-07-30T09:30:15.329264,9,3,0,2026-07-09T22:31:26.331241,False,retry_link;reminder;discount_offer;escalate_to_human;no_action,reminder,False,0.0,,3
TXN003956,CUST00362,335,7909.77,1.0,313.51,1,16,316.05,payment_failed,gateway_error,2026-07-30T09:36:42.614413,9,3,0,2026-07-14T07:09:29.110216,False,retry_link;reminder;discount_offer;escalate_to_human;no_action,escalate_to_human,True,316.05,2.64,0
TXN003957,CUST01048,1003,1790.9,0.0,273.74,0,75,533.34,payment_failed,bank_decline,2026-07-30T09:38:09.154815,9,3,0,2026-07-22T01:16:06.117775,False,retry_link;reminder;discount_offer;escalate_to_human;no_action,discount_offer,False,0.0,,5
TXN003958,CUST00039,947,7996.83,0.333,459.69,2,8,869.97,checkout_abandoned,bank_decline,2026-07-30T10:59:58.775610,10,3,0,2026-07-28T23:18:03.331066,False,retry_link;reminder;discount_offer;escalate_to_human;no_action,no_action,False,0.0,,4
TXN003959,CUST00045,1456,690.92,0.0,530.39,0,130,383.93,payment_failed,insufficient_funds,2026-07-30T12:10:24.057087,12,3,0,2026-06-25T18:23:12.159271,False,retry_link;reminder;discount_offer;escalate_to_human;no_action,retry_link,True,383.93,0.82,1
TXN003960,CUST01216,761,4738.03,1.0,223.45,2,20,253.91,payment_failed,price_hesitation,2026-07-30T12:45:05.372516,12,3,0,2026-07-10T10:31:12.325412,False,retry_link;reminder;discount_offer;escalate_to_human;no_action,retry_link,True,253.91,0.63,0
TXN003961,CUST00088,1151,3459.86,0.5,716.67,1,53,349.36,payment_failed,otp_timeout,2026-07-30T12:46:02.421439,12,3,0,2026-07-01T15:04:34.745545,False,retry_link;reminder;discount_offer;escalate_to_human;no_action,no_action,False,0.0,,1
TXN003962,CUST00200,550,3464.43,0.5,108.12,2,7,145.44,payment_failed,insufficient_funds,2026-07-30T12:56:14.612578,12,3,1,2026-07-29T18:21:46.659178,False,retry_link;reminder;discount_offer;escalate_to_human;no_action,no_action,False,0.0,,2
TXN003963,CUST00253,495,9686.57,1.0,468.95,1,18,989.84,checkout_abandoned,gateway_error,2026-07-30T13:04:32.537742,13,3,0,2026-07-12T10:49:50.154854,False,retry_link;reminder;discount_offer;escalate_to_human;no_action,retry_link,True,989.84,5.97,0
TXN003964,CUST01227,1476,1808.02,0.0,594.16,0,126,703.15,payment_failed,otp_timeout,2026-07-30T14:04:51.032342,14,3,0,2026-06-13T05:53:24.499588,False,retry_link;reminder;discount_offer;escalate_to_human;no_action,no_action,False,0.0,,1
TXN003965,CUST01027,421,6941.0,0.667,146.95,2,24,104.17,payment_failed,insufficient_funds,2026-07-30T14:23:59.834770,14,3,0,2026-07-06T12:04:39.202046,False,retry_link;reminder;discount_offer;escalate_to_human;no_action,retry_link,True,104.17,0.54,1
TXN003966,CUST01425,1222,2290.01,1.0,136.13,3,39,175.69,payment_failed,otp_timeout,2026-07-30T14:24:07.061527,14,3,0,2026-06-21T08:53:00.285570,False,retry_link;reminder;discount_offer;escalate_to_human;no_action,no_action,True,175.69,6.62,0
TXN003967,CUST00032,139,1609.09,0.0,495.26,0,131,272.35,payment_failed,bank_decline,2026-07-30T14:37:27.365071,14,3,0,,False,retry_link;reminder;discount_offer;escalate_to_human;no_action,discount_offer,False,0.0,,1
TXN003968,CUST00867,1257,13863.88,0.333,191.86,1,39,119.61,payment_failed,gateway_error,2026-07-30T14:46:10.019685,14,3,0,2026-06-21T14:14:46.709342,False,retry_link;reminder;discount_offer;escalate_to_human;no_action,reminder,False,0.0,,2
TXN003969,CUST00507,372,2606.3,0.5,298.35,0,102,171.55,payment_failed,otp_timeout,2026-07-30T14:56:08.073099,14,3,0,,False,retry_link;reminder;discount_offer;escalate_to_human;no_action,reminder,True,171.55,29.22,0
TXN003970,CUST00331,557,3926.58,1.0,309.53,1,17,277.01,checkout_abandoned,price_hesitation,2026-07-30T15:14:11.275905,15,3,0,2026-07-13T09:34:11.304353,False,retry_link;reminder;discount_offer;escalate_to_human;no_action,no_action,False,0.0,,0
TXN003971,CUST01464,1278,724.47,0.0,175.9,0,93,236.74,payment_failed,price_hesitation,2026-07-30T15:22:25.068644,15,3,0,2026-07-21T19:33:41.215351,False,retry_link;reminder;discount_offer;escalate_to_human;no_action,escalate_to_human,True,236.74,3.42,2
TXN003972,CUST00831,362,2215.48,0.25,188.57,1,51,335.34,payment_failed,insufficient_funds,2026-07-30T15:31:35.242581,15,3,0,2026-06-22T19:02:09.319350,False,retry_link;reminder;discount_offer;escalate_to_human;no_action,no_action,False,0.0,,3
TXN003973,CUST00238,463,4904.4,0.4,109.35,2,44,120.84,checkout_abandoned,price_hesitation,2026-07-30T15:39:43.067222,15,3,0,2026-06-27T07:45:50.754517,False,retry_link;reminder;discount_offer;escalate_to_human;no_action,retry_link,True,120.84,15.26,3
TXN003974,CUST00411,345,3679.82,0.333,182.78,1,8,160.05,payment_failed,insufficient_funds,2026-07-30T15:43:46.844552,15,3,0,2026-07-22T10:17:03.182856,False,retry_link;reminder;discount_offer;escalate_to_human;no_action,discount_offer,False,0.0,,2
TXN003975,CUST00687,890,10066.04,1.0,334.29,3,14,244.16,checkout_abandoned,bank_decline,2026-07-30T15:51:17.377608,15,3,0,2026-07-16T01:55:39.880657,False,retry_link;reminder;discount_offer;escalate_to_human;no_action,no_action,False,0.0,,0
TXN003976,CUST00736,1096,61669.7,0.0,454.29,0,146,412.34,checkout_abandoned,insufficient_funds,2026-07-30T16:42:39.332398,16,3,0,2026-07-29T10:56:50.447591,False,retry_link;reminder;discount_offer;escalate_to_human;no_action,no_action,False,0.0,,4
TXN003977,CUST00313,422,8380.62,1.0,360.43,3,17,268.91,payment_failed,bank_decline,2026-07-30T16:52:52.060111,16,3,0,2026-07-12T20:36:48.632269,False,retry_link;reminder;discount_offer;escalate_to_human;no_action,reminder,False,0.0,,0
TXN003978,CUST00060,1383,4645.63,1.0,693.08,1,50,423.47,checkout_abandoned,price_hesitation,2026-07-30T17:20:39.643519,17,3,0,2026-06-10T08:15:14.513572,False,retry_link;reminder;discount_offer;escalate_to_human;no_action,reminder,True,423.47,3.44,0
TXN003979,CUST00339,1429,8016.04,1.0,807.61,2,2,1469.08,checkout_abandoned,price_hesitation,2026-07-30T17:42:07.576955,17,3,0,2026-07-13T02:46:38.840378,False,retry_link;reminder;discount_offer;escalate_to_human;no_action,retry_link,True,1469.08,3.25,0
TXN003980,CUST01336,957,2857.93,1.0,290.93,3,4,245.04,checkout_abandoned,gateway_error,2026-07-30T17:54:25.442996,17,3,0,2026-07-26T12:28:35.172014,False,retry_link;reminder;discount_offer;escalate_to_human;no_action,discount_offer,True,245.04,2.9,0
TXN003981,CUST00589,1265,3353.38,0.0,144.66,0,133,114.5,checkout_abandoned,insufficient_funds,2026-07-30T18:36:55.700225,18,3,0,2026-06-29T06:38:47.703922,False,retry_link;reminder;discount_offer;escalate_to_human;no_action,no_action,False,0.0,,2
TXN003982,CUST01317,885,14708.93,1.0,270.17,2,2,300.85,payment_failed,insufficient_funds,2026-07-30T18:51:58.991085,18,3,0,2026-07-28T13:11:50.447617,False,retry_link;reminder;discount_offer;escalate_to_human;no_action,reminder,False,0.0,,0
TXN003983,CUST01048,1003,1790.9,0.0,273.74,0,75,349.32,checkout_abandoned,bank_decline,2026-07-30T19:00:33.489407,19,3,1,2026-07-30T09:38:09.154815,False,retry_link;reminder;discount_offer;escalate_to_human;no_action,no_action,False,0.0,,6
TXN003984,CUST00718,354,1246.32,0.0,259.63,0,44,397.69,checkout_abandoned,bank_decline,2026-07-30T20:07:25.192710,20,3,0,2026-06-26T18:35:30.563756,False,retry_link;reminder;discount_offer;escalate_to_human;no_action,retry_link,False,0.0,,1
TXN003985,CUST00823,975,4378.87,0.0,245.83,0,137,319.07,checkout_abandoned,price_hesitation,2026-07-30T20:27:12.685190,20,3,0,2026-07-13T12:19:35.922413,False,retry_link;reminder;discount_offer;escalate_to_human;no_action,discount_offer,False,0.0,,5
TXN003986,CUST01418,1291,6981.4,0.667,380.85,2,53,450.21,payment_failed,insufficient_funds,2026-07-30T20:46:37.963285,20,3,0,2026-06-07T11:57:14.793362,False,retry_link;reminder;discount_offer;escalate_to_human;no_action,no_action,False,0.0,,1
TXN003987,CUST01445,54,19378.75,0.0,127.85,0,136,195.79,payment_failed,insufficient_funds,2026-07-30T20:48:56.412569,20,3,0,2026-07-27T17:22:05.120406,False,retry_link;reminder;discount_offer;escalate_to_human;no_action,discount_offer,False,0.0,,3
TXN003988,CUST00374,1329,2388.31,0.0,125.85,0,73,108.86,checkout_abandoned,gateway_error,2026-07-30T21:06:43.683558,21,3,0,2026-07-08T21:20:10.497691,False,retry_link;reminder;discount_offer;escalate_to_human;no_action,retry_link,False,0.0,,2
TXN003989,CUST00590,1201,1342.11,1.0,225.74,2,33,180.53,checkout_abandoned,insufficient_funds,2026-07-30T21:52:21.994057,21,3,0,2026-06-27T06:59:30.072107,False,retry_link;reminder;discount_offer;escalate_to_human;no_action,reminder,True,180.53,12.45,0
TXN003990,CUST01136,1087,4082.57,0.25,227.49,1,22,180.89,checkout_abandoned,insufficient_funds,2026-07-30T22:05:26.161463,22,3,0,2026-07-08T08:47:13.634975,False,retry_link;reminder;discount_offer;escalate_to_human;no_action,retry_link,False,0.0,,3
TXN003991,CUST00382,1421,9491.78,1.0,313.34,2,35,200.06,checkout_abandoned,bank_decline,2026-07-30T22:12:19.729134,22,3,0,2026-06-25T12:46:59.849003,False,retry_link;reminder;discount_offer;escalate_to_human;no_action,discount_offer,False,0.0,,0
TXN003992,CUST00083,1249,7459.23,0.667,254.47,2,48,480.85,payment_failed,price_hesitation,2026-07-30T22:22:30.839738,22,3,0,2026-06-21T19:58:49.469010,False,retry_link;reminder;discount_offer;escalate_to_human;no_action,retry_link,False,0.0,,1
TXN003993,CUST01146,797,3905.2,0.0,336.3,0,175,341.38,payment_failed,gateway_error,2026-07-30T22:30:55.253272,22,3,0,,True,no_action,no_action,False,0.0,,3
TXN003994,CUST00343,773,17076.49,0.0,906.35,0,120,1041.05,checkout_abandoned,price_hesitation,2026-07-30T22:38:10.846022,22,3,0,,False,retry_link;reminder;discount_offer;escalate_to_human;no_action,discount_offer,False,0.0,,1
TXN003995,CUST00227,869,195.65,0.0,250.92,0,104,228.3,checkout_abandoned,insufficient_funds,2026-07-30T22:38:16.254162,22,3,0,2026-07-21T22:38:04.333798,True,no_action,no_action,False,0.0,,3
TXN003996,CUST00531,249,26068.21,0.6,260.82,3,22,247.8,payment_failed,otp_timeout,2026-07-30T22:38:44.109666,22,3,0,2026-07-17T14:29:08.097461,False,retry_link;reminder;discount_offer;escalate_to_human;no_action,retry_link,False,0.0,,2
TXN003997,CUST01490,412,11724.46,1.0,438.02,1,28,456.86,payment_failed,price_hesitation,2026-07-30T23:13:52.316348,23,3,0,2026-07-02T00:09:04.282491,False,retry_link;reminder;discount_offer;escalate_to_human;no_action,no_action,False,0.0,,0
TXN003998,CUST00122,981,33828.54,0.5,100.0,1,7,89.68,checkout_abandoned,insufficient_funds,2026-07-30T23:33:19.928858,23,3,0,2026-07-23T22:50:03.151760,False,retry_link;reminder;discount_offer;escalate_to_human;no_action,reminder,False,0.0,,1
TXN003999,CUST01016,576,1090.98,1.0,638.04,1,29,442.03,payment_failed,price_hesitation,2026-07-30T23:55:26.582644,23,3,0,2026-07-01T15:50:20.965087,False,retry_link;reminder;discount_offer;escalate_to_human;no_action,escalate_to_human,False,0.0,,0
